id,group,category,journey_stage,difficulty,applicable_roles,situation,chat_informed
OSS-01-001,01-getting-started,01-onboarding-and-orientation,discover,beginner,A newcomer | A student | A first-time contributor | A community volunteer,"Trying to understand what open source contribution actually involves, while the onboarding material assumes prior open-source experience.",True
OSS-01-002,01-getting-started,01-onboarding-and-orientation,discover,beginner,A newcomer | A student | A first-time contributor | A community volunteer,"Deciding what to learn before approaching a real repository, while the repository has no obvious newcomer path.",True
OSS-01-003,01-getting-started,01-onboarding-and-orientation,discover,beginner,A newcomer | A student | A first-time contributor | A community volunteer,"Looking for a first contribution that is not limited to code, while their available time is limited and irregular.",True
OSS-01-004,01-getting-started,01-onboarding-and-orientation,discover,beginner,A newcomer | A student | A first-time contributor | A community volunteer,"Trying to distinguish a project user from a project contributor, while the onboarding material assumes prior open-source experience.",True
OSS-01-005,01-getting-started,01-onboarding-and-orientation,discover,beginner,A newcomer | A student | A first-time contributor | A community volunteer,"Reading a contributor guide for the first time, while the repository has no obvious newcomer path.",True
OSS-01-006,01-getting-started,01-onboarding-and-orientation,discover,beginner,A newcomer | A student | A first-time contributor | A community volunteer,"Joining several project channels without knowing where to begin, while their available time is limited and irregular.",True
OSS-01-007,01-getting-started,01-onboarding-and-orientation,discover,beginner,A newcomer | A student | A first-time contributor | A community volunteer,"Trying to form a realistic first-week contribution plan, while the onboarding material assumes prior open-source experience.",True
OSS-01-008,01-getting-started,01-onboarding-and-orientation,discover,beginner,A newcomer | A student | A first-time contributor | A community volunteer,"Comparing tutorials with work on a production repository, while the repository has no obvious newcomer path.",True
OSS-01-009,01-getting-started,01-onboarding-and-orientation,discover,beginner,A newcomer | A student | A first-time contributor | A community volunteer,"Trying to introduce themselves without overselling their experience, while their available time is limited and irregular.",True
OSS-01-010,01-getting-started,01-onboarding-and-orientation,discover,beginner,A newcomer | A student | A first-time contributor | A community volunteer,"Moving from passive community observation to active participation, while the onboarding material assumes prior open-source experience.",True
OSS-01-011,01-getting-started,01-onboarding-and-orientation,discover,beginner,A newcomer | A student | A first-time contributor | A community volunteer,"Trying to understand what open source contribution actually involves, while different community pages describe different starting points.",True
OSS-01-012,01-getting-started,01-onboarding-and-orientation,discover,beginner,A newcomer | A student | A first-time contributor | A community volunteer,"Deciding what to learn before approaching a real repository, while they are worried that basic questions will be judged.",True
OSS-01-013,01-getting-started,01-onboarding-and-orientation,discover,beginner,A newcomer | A student | A first-time contributor | A community volunteer,"Looking for a first contribution that is not limited to code, while most visible tasks appear to require advanced project knowledge.",True
OSS-01-014,01-getting-started,01-onboarding-and-orientation,discover,beginner,A newcomer | A student | A first-time contributor | A community volunteer,"Trying to distinguish a project user from a project contributor, while different community pages describe different starting points.",True
OSS-01-015,01-getting-started,01-onboarding-and-orientation,discover,beginner,A newcomer | A student | A first-time contributor | A community volunteer,"Reading a contributor guide for the first time, while they are worried that basic questions will be judged.",True
OSS-01-016,01-getting-started,01-onboarding-and-orientation,discover,beginner,A newcomer | A student | A first-time contributor | A community volunteer,"Joining several project channels without knowing where to begin, while most visible tasks appear to require advanced project knowledge.",True
OSS-01-017,01-getting-started,01-onboarding-and-orientation,discover,beginner,A newcomer | A student | A first-time contributor | A community volunteer,"Trying to form a realistic first-week contribution plan, while different community pages describe different starting points.",True
OSS-01-018,01-getting-started,01-onboarding-and-orientation,discover,beginner,A newcomer | A student | A first-time contributor | A community volunteer,"Comparing tutorials with work on a production repository, while they are worried that basic questions will be judged.",True
OSS-01-019,01-getting-started,01-onboarding-and-orientation,discover,beginner,A newcomer | A student | A first-time contributor | A community volunteer,"Trying to introduce themselves without overselling their experience, while most visible tasks appear to require advanced project knowledge.",True
OSS-01-020,01-getting-started,01-onboarding-and-orientation,discover,beginner,A newcomer | A student | A first-time contributor | A community volunteer,"Moving from passive community observation to active participation, while different community pages describe different starting points.",True
OSS-01-021,01-getting-started,01-onboarding-and-orientation,discover,intermediate,A newcomer | A student | A first-time contributor | A community volunteer,"Trying to understand what open source contribution actually involves, while the repository has no obvious newcomer path.",True
OSS-01-022,01-getting-started,01-onboarding-and-orientation,discover,intermediate,A newcomer | A student | A first-time contributor | A community volunteer,"Deciding what to learn before approaching a real repository, while their available time is limited and irregular.",True
OSS-01-023,01-getting-started,01-onboarding-and-orientation,discover,intermediate,A newcomer | A student | A first-time contributor | A community volunteer,"Looking for a first contribution that is not limited to code, while the onboarding material assumes prior open-source experience.",True
OSS-01-024,01-getting-started,01-onboarding-and-orientation,discover,intermediate,A newcomer | A student | A first-time contributor | A community volunteer,"Trying to distinguish a project user from a project contributor, while the repository has no obvious newcomer path.",True
OSS-01-025,01-getting-started,01-onboarding-and-orientation,discover,intermediate,A newcomer | A student | A first-time contributor | A community volunteer,"Reading a contributor guide for the first time, while their available time is limited and irregular.",True
OSS-01-026,01-getting-started,01-onboarding-and-orientation,discover,intermediate,A newcomer | A student | A first-time contributor | A community volunteer,"Joining several project channels without knowing where to begin, while the onboarding material assumes prior open-source experience.",True
OSS-01-027,01-getting-started,01-onboarding-and-orientation,discover,intermediate,A newcomer | A student | A first-time contributor | A community volunteer,"Trying to form a realistic first-week contribution plan, while the repository has no obvious newcomer path.",True
OSS-01-028,01-getting-started,01-onboarding-and-orientation,discover,intermediate,A newcomer | A student | A first-time contributor | A community volunteer,"Comparing tutorials with work on a production repository, while their available time is limited and irregular.",True
OSS-01-029,01-getting-started,01-onboarding-and-orientation,discover,intermediate,A newcomer | A student | A first-time contributor | A community volunteer,"Trying to introduce themselves without overselling their experience, while the onboarding material assumes prior open-source experience.",True
OSS-01-030,01-getting-started,01-onboarding-and-orientation,discover,intermediate,A newcomer | A student | A first-time contributor | A community volunteer,"Moving from passive community observation to active participation, while the repository has no obvious newcomer path.",True
OSS-01-031,01-getting-started,01-onboarding-and-orientation,discover,intermediate,A newcomer | A student | A first-time contributor | A community volunteer,"Trying to understand what open source contribution actually involves, while they are worried that basic questions will be judged.",True
OSS-01-032,01-getting-started,01-onboarding-and-orientation,discover,intermediate,A newcomer | A student | A first-time contributor | A community volunteer,"Deciding what to learn before approaching a real repository, while most visible tasks appear to require advanced project knowledge.",True
OSS-01-033,01-getting-started,01-onboarding-and-orientation,discover,intermediate,A newcomer | A student | A first-time contributor | A community volunteer,"Looking for a first contribution that is not limited to code, while different community pages describe different starting points.",True
OSS-01-034,01-getting-started,01-onboarding-and-orientation,discover,intermediate,A newcomer | A student | A first-time contributor | A community volunteer,"Trying to distinguish a project user from a project contributor, while they are worried that basic questions will be judged.",True
OSS-01-035,01-getting-started,01-onboarding-and-orientation,discover,intermediate,A newcomer | A student | A first-time contributor | A community volunteer,"Reading a contributor guide for the first time, while most visible tasks appear to require advanced project knowledge.",True
OSS-01-036,01-getting-started,01-onboarding-and-orientation,discover,intermediate,A newcomer | A student | A first-time contributor | A community volunteer,"Joining several project channels without knowing where to begin, while different community pages describe different starting points.",True
OSS-01-037,01-getting-started,01-onboarding-and-orientation,discover,intermediate,A newcomer | A student | A first-time contributor | A community volunteer,"Trying to form a realistic first-week contribution plan, while they are worried that basic questions will be judged.",True
OSS-01-038,01-getting-started,01-onboarding-and-orientation,discover,intermediate,A newcomer | A student | A first-time contributor | A community volunteer,"Comparing tutorials with work on a production repository, while most visible tasks appear to require advanced project knowledge.",True
OSS-01-039,01-getting-started,01-onboarding-and-orientation,discover,intermediate,A newcomer | A student | A first-time contributor | A community volunteer,"Trying to introduce themselves without overselling their experience, while different community pages describe different starting points.",True
OSS-01-040,01-getting-started,01-onboarding-and-orientation,discover,intermediate,A newcomer | A student | A first-time contributor | A community volunteer,"Moving from passive community observation to active participation, while they are worried that basic questions will be judged.",True
OSS-01-041,01-getting-started,01-onboarding-and-orientation,discover,advanced,A newcomer | A student | A first-time contributor | A community volunteer,"Trying to understand what open source contribution actually involves, while their available time is limited and irregular.",True
OSS-01-042,01-getting-started,01-onboarding-and-orientation,discover,advanced,A newcomer | A student | A first-time contributor | A community volunteer,"Deciding what to learn before approaching a real repository, while the onboarding material assumes prior open-source experience.",True
OSS-01-043,01-getting-started,01-onboarding-and-orientation,discover,advanced,A newcomer | A student | A first-time contributor | A community volunteer,"Looking for a first contribution that is not limited to code, while the repository has no obvious newcomer path.",True
OSS-01-044,01-getting-started,01-onboarding-and-orientation,discover,advanced,A newcomer | A student | A first-time contributor | A community volunteer,"Trying to distinguish a project user from a project contributor, while their available time is limited and irregular.",True
OSS-01-045,01-getting-started,01-onboarding-and-orientation,discover,advanced,A newcomer | A student | A first-time contributor | A community volunteer,"Reading a contributor guide for the first time, while the onboarding material assumes prior open-source experience.",True
OSS-01-046,01-getting-started,01-onboarding-and-orientation,discover,advanced,A newcomer | A student | A first-time contributor | A community volunteer,"Joining several project channels without knowing where to begin, while the repository has no obvious newcomer path.",True
OSS-01-047,01-getting-started,01-onboarding-and-orientation,discover,advanced,A newcomer | A student | A first-time contributor | A community volunteer,"Trying to form a realistic first-week contribution plan, while their available time is limited and irregular.",True
OSS-01-048,01-getting-started,01-onboarding-and-orientation,discover,advanced,A newcomer | A student | A first-time contributor | A community volunteer,"Comparing tutorials with work on a production repository, while the onboarding material assumes prior open-source experience.",True
OSS-01-049,01-getting-started,01-onboarding-and-orientation,discover,advanced,A newcomer | A student | A first-time contributor | A community volunteer,"Trying to introduce themselves without overselling their experience, while the repository has no obvious newcomer path.",True
OSS-01-050,01-getting-started,01-onboarding-and-orientation,discover,advanced,A newcomer | A student | A first-time contributor | A community volunteer,"Moving from passive community observation to active participation, while their available time is limited and irregular.",True
OSS-02-001,01-getting-started,02-project-discovery,discover,beginner,A newcomer | A student | A developer | A documentation contributor,"Searching for projects that match their current technical skills, while repository popularity hides whether maintainers are responsive.",True
OSS-02-002,01-getting-started,02-project-discovery,discover,beginner,A newcomer | A student | A developer | A documentation contributor,"Choosing between a famous project and a smaller active project, while the technology is interesting but the community norms are unclear.",True
OSS-02-003,01-getting-started,02-project-discovery,discover,beginner,A newcomer | A student | A developer | A documentation contributor,"Looking for repositories that welcome non-code contributions, while several projects appear suitable for the same learning goal.",True
OSS-02-004,01-getting-started,02-project-discovery,discover,beginner,A newcomer | A student | A developer | A documentation contributor,"Evaluating projects in a language they are still learning, while repository popularity hides whether maintainers are responsive.",True
OSS-02-005,01-getting-started,02-project-discovery,discover,beginner,A newcomer | A student | A developer | A documentation contributor,"Searching for a project connected to a problem they personally use, while the technology is interesting but the community norms are unclear.",True
OSS-02-006,01-getting-started,02-project-discovery,discover,beginner,A newcomer | A student | A developer | A documentation contributor,"Comparing several organizations before committing to one community, while several projects appear suitable for the same learning goal.",True
OSS-02-007,01-getting-started,02-project-discovery,discover,beginner,A newcomer | A student | A developer | A documentation contributor,"Looking for active cloud-native projects outside the largest repositories, while repository popularity hides whether maintainers are responsive.",True
OSS-02-008,01-getting-started,02-project-discovery,discover,beginner,A newcomer | A student | A developer | A documentation contributor,"Trying to find projects with beginner-friendly communication channels, while the technology is interesting but the community norms are unclear.",True
OSS-02-009,01-getting-started,02-project-discovery,discover,beginner,A newcomer | A student | A developer | A documentation contributor,"Deciding whether an old repository is still accepting contributions, while several projects appear suitable for the same learning goal.",True
OSS-02-010,01-getting-started,02-project-discovery,discover,beginner,A newcomer | A student | A developer | A documentation contributor,"Looking for a project where contribution can continue beyond a program, while repository popularity hides whether maintainers are responsive.",True
OSS-02-011,01-getting-started,02-project-discovery,discover,beginner,A newcomer | A student | A developer | A documentation contributor,"Searching for projects that match their current technical skills, while the issue tracker has many open items but little recent activity.",True
OSS-02-012,01-getting-started,02-project-discovery,discover,beginner,A newcomer | A student | A developer | A documentation contributor,"Choosing between a famous project and a smaller active project, while available issue labels do not describe the expected difficulty.",True
OSS-02-013,01-getting-started,02-project-discovery,discover,beginner,A newcomer | A student | A developer | A documentation contributor,"Looking for repositories that welcome non-code contributions, while their preferred programming language is not the project's main language.",True
OSS-02-014,01-getting-started,02-project-discovery,discover,beginner,A newcomer | A student | A developer | A documentation contributor,"Evaluating projects in a language they are still learning, while the issue tracker has many open items but little recent activity.",True
OSS-02-015,01-getting-started,02-project-discovery,discover,beginner,A newcomer | A student | A developer | A documentation contributor,"Searching for a project connected to a problem they personally use, while available issue labels do not describe the expected difficulty.",True
OSS-02-016,01-getting-started,02-project-discovery,discover,beginner,A newcomer | A student | A developer | A documentation contributor,"Comparing several organizations before committing to one community, while their preferred programming language is not the project's main language.",True
OSS-02-017,01-getting-started,02-project-discovery,discover,beginner,A newcomer | A student | A developer | A documentation contributor,"Looking for active cloud-native projects outside the largest repositories, while the issue tracker has many open items but little recent activity.",True
OSS-02-018,01-getting-started,02-project-discovery,discover,beginner,A newcomer | A student | A developer | A documentation contributor,"Trying to find projects with beginner-friendly communication channels, while available issue labels do not describe the expected difficulty.",True
OSS-02-019,01-getting-started,02-project-discovery,discover,beginner,A newcomer | A student | A developer | A documentation contributor,"Deciding whether an old repository is still accepting contributions, while their preferred programming language is not the project's main language.",True
OSS-02-020,01-getting-started,02-project-discovery,discover,beginner,A newcomer | A student | A developer | A documentation contributor,"Looking for a project where contribution can continue beyond a program, while the issue tracker has many open items but little recent activity.",True
OSS-02-021,01-getting-started,02-project-discovery,discover,intermediate,A newcomer | A student | A developer | A documentation contributor,"Searching for projects that match their current technical skills, while the technology is interesting but the community norms are unclear.",True
OSS-02-022,01-getting-started,02-project-discovery,discover,intermediate,A newcomer | A student | A developer | A documentation contributor,"Choosing between a famous project and a smaller active project, while several projects appear suitable for the same learning goal.",True
OSS-02-023,01-getting-started,02-project-discovery,discover,intermediate,A newcomer | A student | A developer | A documentation contributor,"Looking for repositories that welcome non-code contributions, while repository popularity hides whether maintainers are responsive.",True
OSS-02-024,01-getting-started,02-project-discovery,discover,intermediate,A newcomer | A student | A developer | A documentation contributor,"Evaluating projects in a language they are still learning, while the technology is interesting but the community norms are unclear.",True
OSS-02-025,01-getting-started,02-project-discovery,discover,intermediate,A newcomer | A student | A developer | A documentation contributor,"Searching for a project connected to a problem they personally use, while several projects appear suitable for the same learning goal.",True
OSS-02-026,01-getting-started,02-project-discovery,discover,intermediate,A newcomer | A student | A developer | A documentation contributor,"Comparing several organizations before committing to one community, while repository popularity hides whether maintainers are responsive.",True
OSS-02-027,01-getting-started,02-project-discovery,discover,intermediate,A newcomer | A student | A developer | A documentation contributor,"Looking for active cloud-native projects outside the largest repositories, while the technology is interesting but the community norms are unclear.",True
OSS-02-028,01-getting-started,02-project-discovery,discover,intermediate,A newcomer | A student | A developer | A documentation contributor,"Trying to find projects with beginner-friendly communication channels, while several projects appear suitable for the same learning goal.",True
OSS-02-029,01-getting-started,02-project-discovery,discover,intermediate,A newcomer | A student | A developer | A documentation contributor,"Deciding whether an old repository is still accepting contributions, while repository popularity hides whether maintainers are responsive.",True
OSS-02-030,01-getting-started,02-project-discovery,discover,intermediate,A newcomer | A student | A developer | A documentation contributor,"Looking for a project where contribution can continue beyond a program, while the technology is interesting but the community norms are unclear.",True
OSS-02-031,01-getting-started,02-project-discovery,discover,intermediate,A newcomer | A student | A developer | A documentation contributor,"Searching for projects that match their current technical skills, while available issue labels do not describe the expected difficulty.",True
OSS-02-032,01-getting-started,02-project-discovery,discover,intermediate,A newcomer | A student | A developer | A documentation contributor,"Choosing between a famous project and a smaller active project, while their preferred programming language is not the project's main language.",True
OSS-02-033,01-getting-started,02-project-discovery,discover,intermediate,A newcomer | A student | A developer | A documentation contributor,"Looking for repositories that welcome non-code contributions, while the issue tracker has many open items but little recent activity.",True
OSS-02-034,01-getting-started,02-project-discovery,discover,intermediate,A newcomer | A student | A developer | A documentation contributor,"Evaluating projects in a language they are still learning, while available issue labels do not describe the expected difficulty.",True
OSS-02-035,01-getting-started,02-project-discovery,discover,intermediate,A newcomer | A student | A developer | A documentation contributor,"Searching for a project connected to a problem they personally use, while their preferred programming language is not the project's main language.",True
OSS-02-036,01-getting-started,02-project-discovery,discover,intermediate,A newcomer | A student | A developer | A documentation contributor,"Comparing several organizations before committing to one community, while the issue tracker has many open items but little recent activity.",True
OSS-02-037,01-getting-started,02-project-discovery,discover,intermediate,A newcomer | A student | A developer | A documentation contributor,"Looking for active cloud-native projects outside the largest repositories, while available issue labels do not describe the expected difficulty.",True
OSS-02-038,01-getting-started,02-project-discovery,discover,intermediate,A newcomer | A student | A developer | A documentation contributor,"Trying to find projects with beginner-friendly communication channels, while their preferred programming language is not the project's main language.",True
OSS-02-039,01-getting-started,02-project-discovery,discover,intermediate,A newcomer | A student | A developer | A documentation contributor,"Deciding whether an old repository is still accepting contributions, while the issue tracker has many open items but little recent activity.",True
OSS-02-040,01-getting-started,02-project-discovery,discover,intermediate,A newcomer | A student | A developer | A documentation contributor,"Looking for a project where contribution can continue beyond a program, while available issue labels do not describe the expected difficulty.",True
OSS-02-041,01-getting-started,02-project-discovery,discover,advanced,A newcomer | A student | A developer | A documentation contributor,"Searching for projects that match their current technical skills, while several projects appear suitable for the same learning goal.",True
OSS-02-042,01-getting-started,02-project-discovery,discover,advanced,A newcomer | A student | A developer | A documentation contributor,"Choosing between a famous project and a smaller active project, while repository popularity hides whether maintainers are responsive.",True
OSS-02-043,01-getting-started,02-project-discovery,discover,advanced,A newcomer | A student | A developer | A documentation contributor,"Looking for repositories that welcome non-code contributions, while the technology is interesting but the community norms are unclear.",True
OSS-02-044,01-getting-started,02-project-discovery,discover,advanced,A newcomer | A student | A developer | A documentation contributor,"Evaluating projects in a language they are still learning, while several projects appear suitable for the same learning goal.",True
OSS-02-045,01-getting-started,02-project-discovery,discover,advanced,A newcomer | A student | A developer | A documentation contributor,"Searching for a project connected to a problem they personally use, while repository popularity hides whether maintainers are responsive.",True
OSS-02-046,01-getting-started,02-project-discovery,discover,advanced,A newcomer | A student | A developer | A documentation contributor,"Comparing several organizations before committing to one community, while the technology is interesting but the community norms are unclear.",True
OSS-02-047,01-getting-started,02-project-discovery,discover,advanced,A newcomer | A student | A developer | A documentation contributor,"Looking for active cloud-native projects outside the largest repositories, while several projects appear suitable for the same learning goal.",True
OSS-02-048,01-getting-started,02-project-discovery,discover,advanced,A newcomer | A student | A developer | A documentation contributor,"Trying to find projects with beginner-friendly communication channels, while repository popularity hides whether maintainers are responsive.",True
OSS-02-049,01-getting-started,02-project-discovery,discover,advanced,A newcomer | A student | A developer | A documentation contributor,"Deciding whether an old repository is still accepting contributions, while the technology is interesting but the community norms are unclear.",True
OSS-02-050,01-getting-started,02-project-discovery,discover,advanced,A newcomer | A student | A developer | A documentation contributor,"Looking for a project where contribution can continue beyond a program, while several projects appear suitable for the same learning goal.",True
OSS-03-001,01-getting-started,03-project-health-and-fit,discover,beginner,A prospective contributor | A returning contributor | A student | A community organizer,"Evaluating whether a repository has enough maintainer capacity, while activity metrics give conflicting signals.",False
OSS-03-002,01-getting-started,03-project-health-and-fit,discover,beginner,A prospective contributor | A returning contributor | A student | A community organizer,"Checking whether contribution guidelines match actual project behavior, while maintainers are active in chat but not in the issue tracker.",False
OSS-03-003,01-getting-started,03-project-health-and-fit,discover,beginner,A prospective contributor | A returning contributor | A student | A community organizer,"Comparing issue response time with pull request review time, while a few contributors appear to carry most responsibilities.",False
OSS-03-004,01-getting-started,03-project-health-and-fit,discover,beginner,A prospective contributor | A returning contributor | A student | A community organizer,"Assessing whether governance decisions are made transparently, while activity metrics give conflicting signals.",False
OSS-03-005,01-getting-started,03-project-health-and-fit,discover,beginner,A prospective contributor | A returning contributor | A student | A community organizer,"Checking whether newcomers remain active after their first contribution, while maintainers are active in chat but not in the issue tracker.",False
OSS-03-006,01-getting-started,03-project-health-and-fit,discover,beginner,A prospective contributor | A returning contributor | A student | A community organizer,"Evaluating whether the community supports respectful disagreement, while a few contributors appear to carry most responsibilities.",False
OSS-03-007,01-getting-started,03-project-health-and-fit,discover,beginner,A prospective contributor | A returning contributor | A student | A community organizer,"Looking for signs that the roadmap still reflects current work, while activity metrics give conflicting signals.",False
OSS-03-008,01-getting-started,03-project-health-and-fit,discover,beginner,A prospective contributor | A returning contributor | A student | A community organizer,"Checking whether releases continue despite low issue activity, while maintainers are active in chat but not in the issue tracker.",False
OSS-03-009,01-getting-started,03-project-health-and-fit,discover,beginner,A prospective contributor | A returning contributor | A student | A community organizer,"Deciding whether a project culture fits their communication style, while a few contributors appear to carry most responsibilities.",False
OSS-03-010,01-getting-started,03-project-health-and-fit,discover,beginner,A prospective contributor | A returning contributor | A student | A community organizer,"Assessing whether contribution credit is shared fairly, while activity metrics give conflicting signals.",False
OSS-03-011,01-getting-started,03-project-health-and-fit,discover,beginner,A prospective contributor | A returning contributor | A student | A community organizer,"Evaluating whether a repository has enough maintainer capacity, while recent contributions come mostly from automation accounts.",False
OSS-03-012,01-getting-started,03-project-health-and-fit,discover,beginner,A prospective contributor | A returning contributor | A student | A community organizer,"Checking whether contribution guidelines match actual project behavior, while the public roadmap has not been updated recently.",False
OSS-03-013,01-getting-started,03-project-health-and-fit,discover,beginner,A prospective contributor | A returning contributor | A student | A community organizer,"Comparing issue response time with pull request review time, while the project has recently changed its governance model.",False
OSS-03-014,01-getting-started,03-project-health-and-fit,discover,beginner,A prospective contributor | A returning contributor | A student | A community organizer,"Assessing whether governance decisions are made transparently, while recent contributions come mostly from automation accounts.",False
OSS-03-015,01-getting-started,03-project-health-and-fit,discover,beginner,A prospective contributor | A returning contributor | A student | A community organizer,"Checking whether newcomers remain active after their first contribution, while the public roadmap has not been updated recently.",False
OSS-03-016,01-getting-started,03-project-health-and-fit,discover,beginner,A prospective contributor | A returning contributor | A student | A community organizer,"Evaluating whether the community supports respectful disagreement, while the project has recently changed its governance model.",False
OSS-03-017,01-getting-started,03-project-health-and-fit,discover,beginner,A prospective contributor | A returning contributor | A student | A community organizer,"Looking for signs that the roadmap still reflects current work, while recent contributions come mostly from automation accounts.",False
OSS-03-018,01-getting-started,03-project-health-and-fit,discover,beginner,A prospective contributor | A returning contributor | A student | A community organizer,"Checking whether releases continue despite low issue activity, while the public roadmap has not been updated recently.",False
OSS-03-019,01-getting-started,03-project-health-and-fit,discover,beginner,A prospective contributor | A returning contributor | A student | A community organizer,"Deciding whether a project culture fits their communication style, while the project has recently changed its governance model.",False
OSS-03-020,01-getting-started,03-project-health-and-fit,discover,beginner,A prospective contributor | A returning contributor | A student | A community organizer,"Assessing whether contribution credit is shared fairly, while recent contributions come mostly from automation accounts.",False
OSS-03-021,01-getting-started,03-project-health-and-fit,discover,intermediate,A prospective contributor | A returning contributor | A student | A community organizer,"Evaluating whether a repository has enough maintainer capacity, while maintainers are active in chat but not in the issue tracker.",False
OSS-03-022,01-getting-started,03-project-health-and-fit,discover,intermediate,A prospective contributor | A returning contributor | A student | A community organizer,"Checking whether contribution guidelines match actual project behavior, while a few contributors appear to carry most responsibilities.",False
OSS-03-023,01-getting-started,03-project-health-and-fit,discover,intermediate,A prospective contributor | A returning contributor | A student | A community organizer,"Comparing issue response time with pull request review time, while activity metrics give conflicting signals.",False
OSS-03-024,01-getting-started,03-project-health-and-fit,discover,intermediate,A prospective contributor | A returning contributor | A student | A community organizer,"Assessing whether governance decisions are made transparently, while maintainers are active in chat but not in the issue tracker.",False
OSS-03-025,01-getting-started,03-project-health-and-fit,discover,intermediate,A prospective contributor | A returning contributor | A student | A community organizer,"Checking whether newcomers remain active after their first contribution, while a few contributors appear to carry most responsibilities.",False
OSS-03-026,01-getting-started,03-project-health-and-fit,discover,intermediate,A prospective contributor | A returning contributor | A student | A community organizer,"Evaluating whether the community supports respectful disagreement, while activity metrics give conflicting signals.",False
OSS-03-027,01-getting-started,03-project-health-and-fit,discover,intermediate,A prospective contributor | A returning contributor | A student | A community organizer,"Looking for signs that the roadmap still reflects current work, while maintainers are active in chat but not in the issue tracker.",False
OSS-03-028,01-getting-started,03-project-health-and-fit,discover,intermediate,A prospective contributor | A returning contributor | A student | A community organizer,"Checking whether releases continue despite low issue activity, while a few contributors appear to carry most responsibilities.",False
OSS-03-029,01-getting-started,03-project-health-and-fit,discover,intermediate,A prospective contributor | A returning contributor | A student | A community organizer,"Deciding whether a project culture fits their communication style, while activity metrics give conflicting signals.",False
OSS-03-030,01-getting-started,03-project-health-and-fit,discover,intermediate,A prospective contributor | A returning contributor | A student | A community organizer,"Assessing whether contribution credit is shared fairly, while maintainers are active in chat but not in the issue tracker.",False
OSS-03-031,01-getting-started,03-project-health-and-fit,discover,intermediate,A prospective contributor | A returning contributor | A student | A community organizer,"Evaluating whether a repository has enough maintainer capacity, while the public roadmap has not been updated recently.",False
OSS-03-032,01-getting-started,03-project-health-and-fit,discover,intermediate,A prospective contributor | A returning contributor | A student | A community organizer,"Checking whether contribution guidelines match actual project behavior, while the project has recently changed its governance model.",False
OSS-03-033,01-getting-started,03-project-health-and-fit,discover,intermediate,A prospective contributor | A returning contributor | A student | A community organizer,"Comparing issue response time with pull request review time, while recent contributions come mostly from automation accounts.",False
OSS-03-034,01-getting-started,03-project-health-and-fit,discover,intermediate,A prospective contributor | A returning contributor | A student | A community organizer,"Assessing whether governance decisions are made transparently, while the public roadmap has not been updated recently.",False
OSS-03-035,01-getting-started,03-project-health-and-fit,discover,intermediate,A prospective contributor | A returning contributor | A student | A community organizer,"Checking whether newcomers remain active after their first contribution, while the project has recently changed its governance model.",False
OSS-03-036,01-getting-started,03-project-health-and-fit,discover,intermediate,A prospective contributor | A returning contributor | A student | A community organizer,"Evaluating whether the community supports respectful disagreement, while recent contributions come mostly from automation accounts.",False
OSS-03-037,01-getting-started,03-project-health-and-fit,discover,intermediate,A prospective contributor | A returning contributor | A student | A community organizer,"Looking for signs that the roadmap still reflects current work, while the public roadmap has not been updated recently.",False
OSS-03-038,01-getting-started,03-project-health-and-fit,discover,intermediate,A prospective contributor | A returning contributor | A student | A community organizer,"Checking whether releases continue despite low issue activity, while the project has recently changed its governance model.",False
OSS-03-039,01-getting-started,03-project-health-and-fit,discover,intermediate,A prospective contributor | A returning contributor | A student | A community organizer,"Deciding whether a project culture fits their communication style, while recent contributions come mostly from automation accounts.",False
OSS-03-040,01-getting-started,03-project-health-and-fit,discover,intermediate,A prospective contributor | A returning contributor | A student | A community organizer,"Assessing whether contribution credit is shared fairly, while the public roadmap has not been updated recently.",False
OSS-03-041,01-getting-started,03-project-health-and-fit,discover,advanced,A prospective contributor | A returning contributor | A student | A community organizer,"Evaluating whether a repository has enough maintainer capacity, while a few contributors appear to carry most responsibilities.",False
OSS-03-042,01-getting-started,03-project-health-and-fit,discover,advanced,A prospective contributor | A returning contributor | A student | A community organizer,"Checking whether contribution guidelines match actual project behavior, while activity metrics give conflicting signals.",False
OSS-03-043,01-getting-started,03-project-health-and-fit,discover,advanced,A prospective contributor | A returning contributor | A student | A community organizer,"Comparing issue response time with pull request review time, while maintainers are active in chat but not in the issue tracker.",False
OSS-03-044,01-getting-started,03-project-health-and-fit,discover,advanced,A prospective contributor | A returning contributor | A student | A community organizer,"Assessing whether governance decisions are made transparently, while a few contributors appear to carry most responsibilities.",False
OSS-03-045,01-getting-started,03-project-health-and-fit,discover,advanced,A prospective contributor | A returning contributor | A student | A community organizer,"Checking whether newcomers remain active after their first contribution, while activity metrics give conflicting signals.",False
OSS-03-046,01-getting-started,03-project-health-and-fit,discover,advanced,A prospective contributor | A returning contributor | A student | A community organizer,"Evaluating whether the community supports respectful disagreement, while maintainers are active in chat but not in the issue tracker.",False
OSS-03-047,01-getting-started,03-project-health-and-fit,discover,advanced,A prospective contributor | A returning contributor | A student | A community organizer,"Looking for signs that the roadmap still reflects current work, while a few contributors appear to carry most responsibilities.",False
OSS-03-048,01-getting-started,03-project-health-and-fit,discover,advanced,A prospective contributor | A returning contributor | A student | A community organizer,"Checking whether releases continue despite low issue activity, while activity metrics give conflicting signals.",False
OSS-03-049,01-getting-started,03-project-health-and-fit,discover,advanced,A prospective contributor | A returning contributor | A student | A community organizer,"Deciding whether a project culture fits their communication style, while maintainers are active in chat but not in the issue tracker.",False
OSS-03-050,01-getting-started,03-project-health-and-fit,discover,advanced,A prospective contributor | A returning contributor | A student | A community organizer,"Assessing whether contribution credit is shared fairly, while a few contributors appear to carry most responsibilities.",False
OSS-04-001,01-getting-started,04-repository-navigation,learn,beginner,A newcomer | A bug fixer | A reviewer | A documentation contributor,"Tracing how a command-line request moves through a large codebase, while the repository has little architecture documentation.",True
OSS-04-002,01-getting-started,04-repository-navigation,learn,beginner,A newcomer | A bug fixer | A reviewer | A documentation contributor,"Identifying which package owns a reported behavior, while generated code makes search results difficult to interpret.",True
OSS-04-003,01-getting-started,04-repository-navigation,learn,beginner,A newcomer | A bug fixer | A reviewer | A documentation contributor,"Finding the entry point for a service with several binaries, while the relevant behavior crosses several repositories.",True
OSS-04-004,01-getting-started,04-repository-navigation,learn,beginner,A newcomer | A bug fixer | A reviewer | A documentation contributor,"Mapping generated files back to their source definitions, while the repository has little architecture documentation.",True
OSS-04-005,01-getting-started,04-repository-navigation,learn,beginner,A newcomer | A bug fixer | A reviewer | A documentation contributor,"Locating tests that describe an undocumented behavior, while generated code makes search results difficult to interpret.",True
OSS-04-006,01-getting-started,04-repository-navigation,learn,beginner,A newcomer | A bug fixer | A reviewer | A documentation contributor,"Understanding why similar logic exists in multiple directories, while the relevant behavior crosses several repositories.",True
OSS-04-007,01-getting-started,04-repository-navigation,learn,beginner,A newcomer | A bug fixer | A reviewer | A documentation contributor,"Finding the ownership boundary between two subprojects, while the repository has little architecture documentation.",True
OSS-04-008,01-getting-started,04-repository-navigation,learn,beginner,A newcomer | A bug fixer | A reviewer | A documentation contributor,"Following configuration values across several abstraction layers, while generated code makes search results difficult to interpret.",True
OSS-04-009,01-getting-started,04-repository-navigation,learn,beginner,A newcomer | A bug fixer | A reviewer | A documentation contributor,"Determining whether a behavior comes from code or a dependency, while the relevant behavior crosses several repositories.",True
OSS-04-010,01-getting-started,04-repository-navigation,learn,beginner,A newcomer | A bug fixer | A reviewer | A documentation contributor,"Reading repository history to understand an architectural decision, while the repository has little architecture documentation.",True
OSS-04-011,01-getting-started,04-repository-navigation,learn,beginner,A newcomer | A bug fixer | A reviewer | A documentation contributor,"Tracing how a command-line request moves through a large codebase, while directory names do not match user-facing features.",True
OSS-04-012,01-getting-started,04-repository-navigation,learn,beginner,A newcomer | A bug fixer | A reviewer | A documentation contributor,"Identifying which package owns a reported behavior, while multiple implementations are selected through build configuration.",True
OSS-04-013,01-getting-started,04-repository-navigation,learn,beginner,A newcomer | A bug fixer | A reviewer | A documentation contributor,"Finding the entry point for a service with several binaries, while recent refactoring has made older explanations inaccurate.",True
OSS-04-014,01-getting-started,04-repository-navigation,learn,beginner,A newcomer | A bug fixer | A reviewer | A documentation contributor,"Mapping generated files back to their source definitions, while directory names do not match user-facing features.",True
OSS-04-015,01-getting-started,04-repository-navigation,learn,beginner,A newcomer | A bug fixer | A reviewer | A documentation contributor,"Locating tests that describe an undocumented behavior, while multiple implementations are selected through build configuration.",True
OSS-04-016,01-getting-started,04-repository-navigation,learn,beginner,A newcomer | A bug fixer | A reviewer | A documentation contributor,"Understanding why similar logic exists in multiple directories, while recent refactoring has made older explanations inaccurate.",True
OSS-04-017,01-getting-started,04-repository-navigation,learn,beginner,A newcomer | A bug fixer | A reviewer | A documentation contributor,"Finding the ownership boundary between two subprojects, while directory names do not match user-facing features.",True
OSS-04-018,01-getting-started,04-repository-navigation,learn,beginner,A newcomer | A bug fixer | A reviewer | A documentation contributor,"Following configuration values across several abstraction layers, while multiple implementations are selected through build configuration.",True
OSS-04-019,01-getting-started,04-repository-navigation,learn,beginner,A newcomer | A bug fixer | A reviewer | A documentation contributor,"Determining whether a behavior comes from code or a dependency, while recent refactoring has made older explanations inaccurate.",True
OSS-04-020,01-getting-started,04-repository-navigation,learn,beginner,A newcomer | A bug fixer | A reviewer | A documentation contributor,"Reading repository history to understand an architectural decision, while directory names do not match user-facing features.",True
OSS-04-021,01-getting-started,04-repository-navigation,learn,intermediate,A newcomer | A bug fixer | A reviewer | A documentation contributor,"Tracing how a command-line request moves through a large codebase, while generated code makes search results difficult to interpret.",True
OSS-04-022,01-getting-started,04-repository-navigation,learn,intermediate,A newcomer | A bug fixer | A reviewer | A documentation contributor,"Identifying which package owns a reported behavior, while the relevant behavior crosses several repositories.",True
OSS-04-023,01-getting-started,04-repository-navigation,learn,intermediate,A newcomer | A bug fixer | A reviewer | A documentation contributor,"Finding the entry point for a service with several binaries, while the repository has little architecture documentation.",True
OSS-04-024,01-getting-started,04-repository-navigation,learn,intermediate,A newcomer | A bug fixer | A reviewer | A documentation contributor,"Mapping generated files back to their source definitions, while generated code makes search results difficult to interpret.",True
OSS-04-025,01-getting-started,04-repository-navigation,learn,intermediate,A newcomer | A bug fixer | A reviewer | A documentation contributor,"Locating tests that describe an undocumented behavior, while the relevant behavior crosses several repositories.",True
OSS-04-026,01-getting-started,04-repository-navigation,learn,intermediate,A newcomer | A bug fixer | A reviewer | A documentation contributor,"Understanding why similar logic exists in multiple directories, while the repository has little architecture documentation.",True
OSS-04-027,01-getting-started,04-repository-navigation,learn,intermediate,A newcomer | A bug fixer | A reviewer | A documentation contributor,"Finding the ownership boundary between two subprojects, while generated code makes search results difficult to interpret.",True
OSS-04-028,01-getting-started,04-repository-navigation,learn,intermediate,A newcomer | A bug fixer | A reviewer | A documentation contributor,"Following configuration values across several abstraction layers, while the relevant behavior crosses several repositories.",True
OSS-04-029,01-getting-started,04-repository-navigation,learn,intermediate,A newcomer | A bug fixer | A reviewer | A documentation contributor,"Determining whether a behavior comes from code or a dependency, while the repository has little architecture documentation.",True
OSS-04-030,01-getting-started,04-repository-navigation,learn,intermediate,A newcomer | A bug fixer | A reviewer | A documentation contributor,"Reading repository history to understand an architectural decision, while generated code makes search results difficult to interpret.",True
OSS-04-031,01-getting-started,04-repository-navigation,learn,intermediate,A newcomer | A bug fixer | A reviewer | A documentation contributor,"Tracing how a command-line request moves through a large codebase, while multiple implementations are selected through build configuration.",True
OSS-04-032,01-getting-started,04-repository-navigation,learn,intermediate,A newcomer | A bug fixer | A reviewer | A documentation contributor,"Identifying which package owns a reported behavior, while recent refactoring has made older explanations inaccurate.",True
OSS-04-033,01-getting-started,04-repository-navigation,learn,intermediate,A newcomer | A bug fixer | A reviewer | A documentation contributor,"Finding the entry point for a service with several binaries, while directory names do not match user-facing features.",True
OSS-04-034,01-getting-started,04-repository-navigation,learn,intermediate,A newcomer | A bug fixer | A reviewer | A documentation contributor,"Mapping generated files back to their source definitions, while multiple implementations are selected through build configuration.",True
OSS-04-035,01-getting-started,04-repository-navigation,learn,intermediate,A newcomer | A bug fixer | A reviewer | A documentation contributor,"Locating tests that describe an undocumented behavior, while recent refactoring has made older explanations inaccurate.",True
OSS-04-036,01-getting-started,04-repository-navigation,learn,intermediate,A newcomer | A bug fixer | A reviewer | A documentation contributor,"Understanding why similar logic exists in multiple directories, while directory names do not match user-facing features.",True
OSS-04-037,01-getting-started,04-repository-navigation,learn,intermediate,A newcomer | A bug fixer | A reviewer | A documentation contributor,"Finding the ownership boundary between two subprojects, while multiple implementations are selected through build configuration.",True
OSS-04-038,01-getting-started,04-repository-navigation,learn,intermediate,A newcomer | A bug fixer | A reviewer | A documentation contributor,"Following configuration values across several abstraction layers, while recent refactoring has made older explanations inaccurate.",True
OSS-04-039,01-getting-started,04-repository-navigation,learn,intermediate,A newcomer | A bug fixer | A reviewer | A documentation contributor,"Determining whether a behavior comes from code or a dependency, while directory names do not match user-facing features.",True
OSS-04-040,01-getting-started,04-repository-navigation,learn,intermediate,A newcomer | A bug fixer | A reviewer | A documentation contributor,"Reading repository history to understand an architectural decision, while multiple implementations are selected through build configuration.",True
OSS-04-041,01-getting-started,04-repository-navigation,learn,advanced,A newcomer | A bug fixer | A reviewer | A documentation contributor,"Tracing how a command-line request moves through a large codebase, while the relevant behavior crosses several repositories.",True
OSS-04-042,01-getting-started,04-repository-navigation,learn,advanced,A newcomer | A bug fixer | A reviewer | A documentation contributor,"Identifying which package owns a reported behavior, while the repository has little architecture documentation.",True
OSS-04-043,01-getting-started,04-repository-navigation,learn,advanced,A newcomer | A bug fixer | A reviewer | A documentation contributor,"Finding the entry point for a service with several binaries, while generated code makes search results difficult to interpret.",True
OSS-04-044,01-getting-started,04-repository-navigation,learn,advanced,A newcomer | A bug fixer | A reviewer | A documentation contributor,"Mapping generated files back to their source definitions, while the relevant behavior crosses several repositories.",True
OSS-04-045,01-getting-started,04-repository-navigation,learn,advanced,A newcomer | A bug fixer | A reviewer | A documentation contributor,"Locating tests that describe an undocumented behavior, while the repository has little architecture documentation.",True
OSS-04-046,01-getting-started,04-repository-navigation,learn,advanced,A newcomer | A bug fixer | A reviewer | A documentation contributor,"Understanding why similar logic exists in multiple directories, while generated code makes search results difficult to interpret.",True
OSS-04-047,01-getting-started,04-repository-navigation,learn,advanced,A newcomer | A bug fixer | A reviewer | A documentation contributor,"Finding the ownership boundary between two subprojects, while the relevant behavior crosses several repositories.",True
OSS-04-048,01-getting-started,04-repository-navigation,learn,advanced,A newcomer | A bug fixer | A reviewer | A documentation contributor,"Following configuration values across several abstraction layers, while the repository has little architecture documentation.",True
OSS-04-049,01-getting-started,04-repository-navigation,learn,advanced,A newcomer | A bug fixer | A reviewer | A documentation contributor,"Determining whether a behavior comes from code or a dependency, while generated code makes search results difficult to interpret.",True
OSS-04-050,01-getting-started,04-repository-navigation,learn,advanced,A newcomer | A bug fixer | A reviewer | A documentation contributor,"Reading repository history to understand an architectural decision, while the relevant behavior crosses several repositories.",True
OSS-05-001,01-getting-started,05-local-development-setup,learn,beginner,A newcomer | A contributor | A student using limited hardware | A cross-platform developer,"Setting up the project from a clean machine, while the setup guide omits a system dependency.",True
OSS-05-002,01-getting-started,05-local-development-setup,learn,beginner,A newcomer | A contributor | A student using limited hardware | A cross-platform developer,"Trying to reproduce the documented development environment, while the full build exceeds available memory or disk.",True
OSS-05-003,01-getting-started,05-local-development-setup,learn,beginner,A newcomer | A contributor | A student using limited hardware | A cross-platform developer,"Building only the component related to an issue, while a setup script succeeds for maintainers but fails on a fresh machine.",True
OSS-05-004,01-getting-started,05-local-development-setup,learn,beginner,A newcomer | A contributor | A student using limited hardware | A cross-platform developer,"Running the repository in a containerized environment, while the setup guide omits a system dependency.",True
OSS-05-005,01-getting-started,05-local-development-setup,learn,beginner,A newcomer | A contributor | A student using limited hardware | A cross-platform developer,"Configuring required services without access to production credentials, while the full build exceeds available memory or disk.",True
OSS-05-006,01-getting-started,05-local-development-setup,learn,beginner,A newcomer | A contributor | A student using limited hardware | A cross-platform developer,"Using a different operating system from most maintainers, while a setup script succeeds for maintainers but fails on a fresh machine.",True
OSS-05-007,01-getting-started,05-local-development-setup,learn,beginner,A newcomer | A contributor | A student using limited hardware | A cross-platform developer,"Installing language toolchains required by different subprojects, while the setup guide omits a system dependency.",True
OSS-05-008,01-getting-started,05-local-development-setup,learn,beginner,A newcomer | A contributor | A student using limited hardware | A cross-platform developer,"Running local checks before making any code change, while the full build exceeds available memory or disk.",True
OSS-05-009,01-getting-started,05-local-development-setup,learn,beginner,A newcomer | A contributor | A student using limited hardware | A cross-platform developer,"Resetting a partially broken development environment, while a setup script succeeds for maintainers but fails on a fresh machine.",True
OSS-05-010,01-getting-started,05-local-development-setup,learn,beginner,A newcomer | A contributor | A student using limited hardware | A cross-platform developer,"Documenting setup steps discovered through experimentation, while the setup guide omits a system dependency.",True
OSS-05-011,01-getting-started,05-local-development-setup,learn,beginner,A newcomer | A contributor | A student using limited hardware | A cross-platform developer,"Setting up the project from a clean machine, while the documented tool version is no longer available.",True
OSS-05-012,01-getting-started,05-local-development-setup,learn,beginner,A newcomer | A contributor | A student using limited hardware | A cross-platform developer,"Trying to reproduce the documented development environment, while environment variables are described but sample values are missing.",True
OSS-05-013,01-getting-started,05-local-development-setup,learn,beginner,A newcomer | A contributor | A student using limited hardware | A cross-platform developer,"Building only the component related to an issue, while network restrictions prevent downloading a required dependency.",True
OSS-05-014,01-getting-started,05-local-development-setup,learn,beginner,A newcomer | A contributor | A student using limited hardware | A cross-platform developer,"Running the repository in a containerized environment, while the documented tool version is no longer available.",True
OSS-05-015,01-getting-started,05-local-development-setup,learn,beginner,A newcomer | A contributor | A student using limited hardware | A cross-platform developer,"Configuring required services without access to production credentials, while environment variables are described but sample values are missing.",True
OSS-05-016,01-getting-started,05-local-development-setup,learn,beginner,A newcomer | A contributor | A student using limited hardware | A cross-platform developer,"Using a different operating system from most maintainers, while network restrictions prevent downloading a required dependency.",True
OSS-05-017,01-getting-started,05-local-development-setup,learn,beginner,A newcomer | A contributor | A student using limited hardware | A cross-platform developer,"Installing language toolchains required by different subprojects, while the documented tool version is no longer available.",True
OSS-05-018,01-getting-started,05-local-development-setup,learn,beginner,A newcomer | A contributor | A student using limited hardware | A cross-platform developer,"Running local checks before making any code change, while environment variables are described but sample values are missing.",True
OSS-05-019,01-getting-started,05-local-development-setup,learn,beginner,A newcomer | A contributor | A student using limited hardware | A cross-platform developer,"Resetting a partially broken development environment, while network restrictions prevent downloading a required dependency.",True
OSS-05-020,01-getting-started,05-local-development-setup,learn,beginner,A newcomer | A contributor | A student using limited hardware | A cross-platform developer,"Documenting setup steps discovered through experimentation, while the documented tool version is no longer available.",True
OSS-05-021,01-getting-started,05-local-development-setup,learn,intermediate,A newcomer | A contributor | A student using limited hardware | A cross-platform developer,"Setting up the project from a clean machine, while the full build exceeds available memory or disk.",True
OSS-05-022,01-getting-started,05-local-development-setup,learn,intermediate,A newcomer | A contributor | A student using limited hardware | A cross-platform developer,"Trying to reproduce the documented development environment, while a setup script succeeds for maintainers but fails on a fresh machine.",True
OSS-05-023,01-getting-started,05-local-development-setup,learn,intermediate,A newcomer | A contributor | A student using limited hardware | A cross-platform developer,"Building only the component related to an issue, while the setup guide omits a system dependency.",True
OSS-05-024,01-getting-started,05-local-development-setup,learn,intermediate,A newcomer | A contributor | A student using limited hardware | A cross-platform developer,"Running the repository in a containerized environment, while the full build exceeds available memory or disk.",True
OSS-05-025,01-getting-started,05-local-development-setup,learn,intermediate,A newcomer | A contributor | A student using limited hardware | A cross-platform developer,"Configuring required services without access to production credentials, while a setup script succeeds for maintainers but fails on a fresh machine.",True
OSS-05-026,01-getting-started,05-local-development-setup,learn,intermediate,A newcomer | A contributor | A student using limited hardware | A cross-platform developer,"Using a different operating system from most maintainers, while the setup guide omits a system dependency.",True
OSS-05-027,01-getting-started,05-local-development-setup,learn,intermediate,A newcomer | A contributor | A student using limited hardware | A cross-platform developer,"Installing language toolchains required by different subprojects, while the full build exceeds available memory or disk.",True
OSS-05-028,01-getting-started,05-local-development-setup,learn,intermediate,A newcomer | A contributor | A student using limited hardware | A cross-platform developer,"Running local checks before making any code change, while a setup script succeeds for maintainers but fails on a fresh machine.",True
OSS-05-029,01-getting-started,05-local-development-setup,learn,intermediate,A newcomer | A contributor | A student using limited hardware | A cross-platform developer,"Resetting a partially broken development environment, while the setup guide omits a system dependency.",True
OSS-05-030,01-getting-started,05-local-development-setup,learn,intermediate,A newcomer | A contributor | A student using limited hardware | A cross-platform developer,"Documenting setup steps discovered through experimentation, while the full build exceeds available memory or disk.",True
OSS-05-031,01-getting-started,05-local-development-setup,learn,intermediate,A newcomer | A contributor | A student using limited hardware | A cross-platform developer,"Setting up the project from a clean machine, while environment variables are described but sample values are missing.",True
OSS-05-032,01-getting-started,05-local-development-setup,learn,intermediate,A newcomer | A contributor | A student using limited hardware | A cross-platform developer,"Trying to reproduce the documented development environment, while network restrictions prevent downloading a required dependency.",True
OSS-05-033,01-getting-started,05-local-development-setup,learn,intermediate,A newcomer | A contributor | A student using limited hardware | A cross-platform developer,"Building only the component related to an issue, while the documented tool version is no longer available.",True
OSS-05-034,01-getting-started,05-local-development-setup,learn,intermediate,A newcomer | A contributor | A student using limited hardware | A cross-platform developer,"Running the repository in a containerized environment, while environment variables are described but sample values are missing.",True
OSS-05-035,01-getting-started,05-local-development-setup,learn,intermediate,A newcomer | A contributor | A student using limited hardware | A cross-platform developer,"Configuring required services without access to production credentials, while network restrictions prevent downloading a required dependency.",True
OSS-05-036,01-getting-started,05-local-development-setup,learn,intermediate,A newcomer | A contributor | A student using limited hardware | A cross-platform developer,"Using a different operating system from most maintainers, while the documented tool version is no longer available.",True
OSS-05-037,01-getting-started,05-local-development-setup,learn,intermediate,A newcomer | A contributor | A student using limited hardware | A cross-platform developer,"Installing language toolchains required by different subprojects, while environment variables are described but sample values are missing.",True
OSS-05-038,01-getting-started,05-local-development-setup,learn,intermediate,A newcomer | A contributor | A student using limited hardware | A cross-platform developer,"Running local checks before making any code change, while network restrictions prevent downloading a required dependency.",True
OSS-05-039,01-getting-started,05-local-development-setup,learn,intermediate,A newcomer | A contributor | A student using limited hardware | A cross-platform developer,"Resetting a partially broken development environment, while the documented tool version is no longer available.",True
OSS-05-040,01-getting-started,05-local-development-setup,learn,intermediate,A newcomer | A contributor | A student using limited hardware | A cross-platform developer,"Documenting setup steps discovered through experimentation, while environment variables are described but sample values are missing.",True
OSS-05-041,01-getting-started,05-local-development-setup,learn,advanced,A newcomer | A contributor | A student using limited hardware | A cross-platform developer,"Setting up the project from a clean machine, while a setup script succeeds for maintainers but fails on a fresh machine.",True
OSS-05-042,01-getting-started,05-local-development-setup,learn,advanced,A newcomer | A contributor | A student using limited hardware | A cross-platform developer,"Trying to reproduce the documented development environment, while the setup guide omits a system dependency.",True
OSS-05-043,01-getting-started,05-local-development-setup,learn,advanced,A newcomer | A contributor | A student using limited hardware | A cross-platform developer,"Building only the component related to an issue, while the full build exceeds available memory or disk.",True
OSS-05-044,01-getting-started,05-local-development-setup,learn,advanced,A newcomer | A contributor | A student using limited hardware | A cross-platform developer,"Running the repository in a containerized environment, while a setup script succeeds for maintainers but fails on a fresh machine.",True
OSS-05-045,01-getting-started,05-local-development-setup,learn,advanced,A newcomer | A contributor | A student using limited hardware | A cross-platform developer,"Configuring required services without access to production credentials, while the setup guide omits a system dependency.",True
OSS-05-046,01-getting-started,05-local-development-setup,learn,advanced,A newcomer | A contributor | A student using limited hardware | A cross-platform developer,"Using a different operating system from most maintainers, while the full build exceeds available memory or disk.",True
OSS-05-047,01-getting-started,05-local-development-setup,learn,advanced,A newcomer | A contributor | A student using limited hardware | A cross-platform developer,"Installing language toolchains required by different subprojects, while a setup script succeeds for maintainers but fails on a fresh machine.",True
OSS-05-048,01-getting-started,05-local-development-setup,learn,advanced,A newcomer | A contributor | A student using limited hardware | A cross-platform developer,"Running local checks before making any code change, while the setup guide omits a system dependency.",True
OSS-05-049,01-getting-started,05-local-development-setup,learn,advanced,A newcomer | A contributor | A student using limited hardware | A cross-platform developer,"Resetting a partially broken development environment, while the full build exceeds available memory or disk.",True
OSS-05-050,01-getting-started,05-local-development-setup,learn,advanced,A newcomer | A contributor | A student using limited hardware | A cross-platform developer,"Documenting setup steps discovered through experimentation, while a setup script succeeds for maintainers but fails on a fresh machine.",True
OSS-06-001,02-git-and-github-practices,06-git-foundations,contribute,beginner,A first-time Git user | A contributor | A student | A documentation writer,"Checking which files have changed before creating a commit, while the working tree contains edits from several experiments.",True
OSS-06-002,02-git-and-github-practices,06-git-foundations,contribute,beginner,A first-time Git user | A contributor | A student | A documentation writer,"Separating intended edits from generated or temporary files, while the repository uses hooks that modify staged content.",True
OSS-06-003,02-git-and-github-practices,06-git-foundations,contribute,beginner,A first-time Git user | A contributor | A student | A documentation writer,"Restoring one file without losing unrelated local work, while a command produced an unexpected detached HEAD state.",True
OSS-06-004,02-git-and-github-practices,06-git-foundations,contribute,beginner,A first-time Git user | A contributor | A student | A documentation writer,"Understanding the difference between the working tree and staging area, while the working tree contains edits from several experiments.",True
OSS-06-005,02-git-and-github-practices,06-git-foundations,contribute,beginner,A first-time Git user | A contributor | A student | A documentation writer,"Creating a commit that contains one logical change, while the repository uses hooks that modify staged content.",True
OSS-06-006,02-git-and-github-practices,06-git-foundations,contribute,beginner,A first-time Git user | A contributor | A student | A documentation writer,"Viewing the exact patch that will be submitted, while a command produced an unexpected detached HEAD state.",True
OSS-06-007,02-git-and-github-practices,06-git-foundations,contribute,beginner,A first-time Git user | A contributor | A student | A documentation writer,"Finding the commit that introduced a behavior, while the working tree contains edits from several experiments.",True
OSS-06-008,02-git-and-github-practices,06-git-foundations,contribute,beginner,A first-time Git user | A contributor | A student | A documentation writer,"Moving unfinished work aside to inspect another branch, while the repository uses hooks that modify staged content.",True
OSS-06-009,02-git-and-github-practices,06-git-foundations,contribute,beginner,A first-time Git user | A contributor | A student | A documentation writer,"Correcting author identity before publishing commits, while a command produced an unexpected detached HEAD state.",True
OSS-06-010,02-git-and-github-practices,06-git-foundations,contribute,beginner,A first-time Git user | A contributor | A student | A documentation writer,"Recovering a change after an accidental local operation, while the working tree contains edits from several experiments.",True
OSS-06-011,02-git-and-github-practices,06-git-foundations,contribute,beginner,A first-time Git user | A contributor | A student | A documentation writer,"Checking which files have changed before creating a commit, while generated files look similar to manually maintained files.",True
OSS-06-012,02-git-and-github-practices,06-git-foundations,contribute,beginner,A first-time Git user | A contributor | A student | A documentation writer,"Separating intended edits from generated or temporary files, while their global Git configuration conflicts with project expectations.",True
OSS-06-013,02-git-and-github-practices,06-git-foundations,contribute,beginner,A first-time Git user | A contributor | A student | A documentation writer,"Restoring one file without losing unrelated local work, while they are unsure which recovery command preserves uncommitted work.",True
OSS-06-014,02-git-and-github-practices,06-git-foundations,contribute,beginner,A first-time Git user | A contributor | A student | A documentation writer,"Understanding the difference between the working tree and staging area, while generated files look similar to manually maintained files.",True
OSS-06-015,02-git-and-github-practices,06-git-foundations,contribute,beginner,A first-time Git user | A contributor | A student | A documentation writer,"Creating a commit that contains one logical change, while their global Git configuration conflicts with project expectations.",True
OSS-06-016,02-git-and-github-practices,06-git-foundations,contribute,beginner,A first-time Git user | A contributor | A student | A documentation writer,"Viewing the exact patch that will be submitted, while they are unsure which recovery command preserves uncommitted work.",True
OSS-06-017,02-git-and-github-practices,06-git-foundations,contribute,beginner,A first-time Git user | A contributor | A student | A documentation writer,"Finding the commit that introduced a behavior, while generated files look similar to manually maintained files.",True
OSS-06-018,02-git-and-github-practices,06-git-foundations,contribute,beginner,A first-time Git user | A contributor | A student | A documentation writer,"Moving unfinished work aside to inspect another branch, while their global Git configuration conflicts with project expectations.",True
OSS-06-019,02-git-and-github-practices,06-git-foundations,contribute,beginner,A first-time Git user | A contributor | A student | A documentation writer,"Correcting author identity before publishing commits, while they are unsure which recovery command preserves uncommitted work.",True
OSS-06-020,02-git-and-github-practices,06-git-foundations,contribute,beginner,A first-time Git user | A contributor | A student | A documentation writer,"Recovering a change after an accidental local operation, while generated files look similar to manually maintained files.",True
OSS-06-021,02-git-and-github-practices,06-git-foundations,contribute,intermediate,A first-time Git user | A contributor | A student | A documentation writer,"Checking which files have changed before creating a commit, while the repository uses hooks that modify staged content.",True
OSS-06-022,02-git-and-github-practices,06-git-foundations,contribute,intermediate,A first-time Git user | A contributor | A student | A documentation writer,"Separating intended edits from generated or temporary files, while a command produced an unexpected detached HEAD state.",True
OSS-06-023,02-git-and-github-practices,06-git-foundations,contribute,intermediate,A first-time Git user | A contributor | A student | A documentation writer,"Restoring one file without losing unrelated local work, while the working tree contains edits from several experiments.",True
OSS-06-024,02-git-and-github-practices,06-git-foundations,contribute,intermediate,A first-time Git user | A contributor | A student | A documentation writer,"Understanding the difference between the working tree and staging area, while the repository uses hooks that modify staged content.",True
OSS-06-025,02-git-and-github-practices,06-git-foundations,contribute,intermediate,A first-time Git user | A contributor | A student | A documentation writer,"Creating a commit that contains one logical change, while a command produced an unexpected detached HEAD state.",True
OSS-06-026,02-git-and-github-practices,06-git-foundations,contribute,intermediate,A first-time Git user | A contributor | A student | A documentation writer,"Viewing the exact patch that will be submitted, while the working tree contains edits from several experiments.",True
OSS-06-027,02-git-and-github-practices,06-git-foundations,contribute,intermediate,A first-time Git user | A contributor | A student | A documentation writer,"Finding the commit that introduced a behavior, while the repository uses hooks that modify staged content.",True
OSS-06-028,02-git-and-github-practices,06-git-foundations,contribute,intermediate,A first-time Git user | A contributor | A student | A documentation writer,"Moving unfinished work aside to inspect another branch, while a command produced an unexpected detached HEAD state.",True
OSS-06-029,02-git-and-github-practices,06-git-foundations,contribute,intermediate,A first-time Git user | A contributor | A student | A documentation writer,"Correcting author identity before publishing commits, while the working tree contains edits from several experiments.",True
OSS-06-030,02-git-and-github-practices,06-git-foundations,contribute,intermediate,A first-time Git user | A contributor | A student | A documentation writer,"Recovering a change after an accidental local operation, while the repository uses hooks that modify staged content.",True
OSS-06-031,02-git-and-github-practices,06-git-foundations,contribute,intermediate,A first-time Git user | A contributor | A student | A documentation writer,"Checking which files have changed before creating a commit, while their global Git configuration conflicts with project expectations.",True
OSS-06-032,02-git-and-github-practices,06-git-foundations,contribute,intermediate,A first-time Git user | A contributor | A student | A documentation writer,"Separating intended edits from generated or temporary files, while they are unsure which recovery command preserves uncommitted work.",True
OSS-06-033,02-git-and-github-practices,06-git-foundations,contribute,intermediate,A first-time Git user | A contributor | A student | A documentation writer,"Restoring one file without losing unrelated local work, while generated files look similar to manually maintained files.",True
OSS-06-034,02-git-and-github-practices,06-git-foundations,contribute,intermediate,A first-time Git user | A contributor | A student | A documentation writer,"Understanding the difference between the working tree and staging area, while their global Git configuration conflicts with project expectations.",True
OSS-06-035,02-git-and-github-practices,06-git-foundations,contribute,intermediate,A first-time Git user | A contributor | A student | A documentation writer,"Creating a commit that contains one logical change, while they are unsure which recovery command preserves uncommitted work.",True
OSS-06-036,02-git-and-github-practices,06-git-foundations,contribute,intermediate,A first-time Git user | A contributor | A student | A documentation writer,"Viewing the exact patch that will be submitted, while generated files look similar to manually maintained files.",True
OSS-06-037,02-git-and-github-practices,06-git-foundations,contribute,intermediate,A first-time Git user | A contributor | A student | A documentation writer,"Finding the commit that introduced a behavior, while their global Git configuration conflicts with project expectations.",True
OSS-06-038,02-git-and-github-practices,06-git-foundations,contribute,intermediate,A first-time Git user | A contributor | A student | A documentation writer,"Moving unfinished work aside to inspect another branch, while they are unsure which recovery command preserves uncommitted work.",True
OSS-06-039,02-git-and-github-practices,06-git-foundations,contribute,intermediate,A first-time Git user | A contributor | A student | A documentation writer,"Correcting author identity before publishing commits, while generated files look similar to manually maintained files.",True
OSS-06-040,02-git-and-github-practices,06-git-foundations,contribute,intermediate,A first-time Git user | A contributor | A student | A documentation writer,"Recovering a change after an accidental local operation, while their global Git configuration conflicts with project expectations.",True
OSS-06-041,02-git-and-github-practices,06-git-foundations,contribute,advanced,A first-time Git user | A contributor | A student | A documentation writer,"Checking which files have changed before creating a commit, while a command produced an unexpected detached HEAD state.",True
OSS-06-042,02-git-and-github-practices,06-git-foundations,contribute,advanced,A first-time Git user | A contributor | A student | A documentation writer,"Separating intended edits from generated or temporary files, while the working tree contains edits from several experiments.",True
OSS-06-043,02-git-and-github-practices,06-git-foundations,contribute,advanced,A first-time Git user | A contributor | A student | A documentation writer,"Restoring one file without losing unrelated local work, while the repository uses hooks that modify staged content.",True
OSS-06-044,02-git-and-github-practices,06-git-foundations,contribute,advanced,A first-time Git user | A contributor | A student | A documentation writer,"Understanding the difference between the working tree and staging area, while a command produced an unexpected detached HEAD state.",True
OSS-06-045,02-git-and-github-practices,06-git-foundations,contribute,advanced,A first-time Git user | A contributor | A student | A documentation writer,"Creating a commit that contains one logical change, while the working tree contains edits from several experiments.",True
OSS-06-046,02-git-and-github-practices,06-git-foundations,contribute,advanced,A first-time Git user | A contributor | A student | A documentation writer,"Viewing the exact patch that will be submitted, while the repository uses hooks that modify staged content.",True
OSS-06-047,02-git-and-github-practices,06-git-foundations,contribute,advanced,A first-time Git user | A contributor | A student | A documentation writer,"Finding the commit that introduced a behavior, while a command produced an unexpected detached HEAD state.",True
OSS-06-048,02-git-and-github-practices,06-git-foundations,contribute,advanced,A first-time Git user | A contributor | A student | A documentation writer,"Moving unfinished work aside to inspect another branch, while the working tree contains edits from several experiments.",True
OSS-06-049,02-git-and-github-practices,06-git-foundations,contribute,advanced,A first-time Git user | A contributor | A student | A documentation writer,"Correcting author identity before publishing commits, while the repository uses hooks that modify staged content.",True
OSS-06-050,02-git-and-github-practices,06-git-foundations,contribute,advanced,A first-time Git user | A contributor | A student | A documentation writer,"Recovering a change after an accidental local operation, while a command produced an unexpected detached HEAD state.",True
OSS-07-001,02-git-and-github-practices,07-forks-remotes-and-sync,contribute,beginner,A fork-based contributor | A newcomer | A returning contributor | A collaborator,"Configuring separate remotes for their fork and the upstream project, while origin and upstream point to the opposite repositories.",True
OSS-07-002,02-git-and-github-practices,07-forks-remotes-and-sync,contribute,beginner,A fork-based contributor | A newcomer | A returning contributor | A collaborator,"Updating a long-lived fork from the upstream default branch, while a remote branch was force-updated.",True
OSS-07-003,02-git-and-github-practices,07-forks-remotes-and-sync,contribute,beginner,A fork-based contributor | A newcomer | A returning contributor | A collaborator,"Pushing a local branch to the correct fork, while branch names collide across multiple remotes.",True
OSS-07-004,02-git-and-github-practices,07-forks-remotes-and-sync,contribute,beginner,A fork-based contributor | A newcomer | A returning contributor | A collaborator,"Working with a repository after the upstream project changes its name, while origin and upstream point to the opposite repositories.",True
OSS-07-005,02-git-and-github-practices,07-forks-remotes-and-sync,contribute,beginner,A fork-based contributor | A newcomer | A returning contributor | A collaborator,"Contributing to two forks of the same upstream repository, while a remote branch was force-updated.",True
OSS-07-006,02-git-and-github-practices,07-forks-remotes-and-sync,contribute,beginner,A fork-based contributor | A newcomer | A returning contributor | A collaborator,"Cleaning old remote branches without deleting active work, while branch names collide across multiple remotes.",True
OSS-07-007,02-git-and-github-practices,07-forks-remotes-and-sync,contribute,beginner,A fork-based contributor | A newcomer | A returning contributor | A collaborator,"Fetching a maintainer's branch to test an unfinished change, while origin and upstream point to the opposite repositories.",True
OSS-07-008,02-git-and-github-practices,07-forks-remotes-and-sync,contribute,beginner,A fork-based contributor | A newcomer | A returning contributor | A collaborator,"Keeping a fork synchronized without creating noisy merge commits, while a remote branch was force-updated.",True
OSS-07-009,02-git-and-github-practices,07-forks-remotes-and-sync,contribute,beginner,A fork-based contributor | A newcomer | A returning contributor | A collaborator,"Moving work after the default branch name changes, while branch names collide across multiple remotes.",True
OSS-07-010,02-git-and-github-practices,07-forks-remotes-and-sync,contribute,beginner,A fork-based contributor | A newcomer | A returning contributor | A collaborator,"Verifying that a pull request targets the intended upstream repository, while origin and upstream point to the opposite repositories.",True
OSS-07-011,02-git-and-github-practices,07-forks-remotes-and-sync,contribute,beginner,A fork-based contributor | A newcomer | A returning contributor | A collaborator,"Configuring separate remotes for their fork and the upstream project, while their fork is hundreds of commits behind.",True
OSS-07-012,02-git-and-github-practices,07-forks-remotes-and-sync,contribute,beginner,A fork-based contributor | A newcomer | A returning contributor | A collaborator,"Updating a long-lived fork from the upstream default branch, while the upstream repository was transferred to a new organization.",True
OSS-07-013,02-git-and-github-practices,07-forks-remotes-and-sync,contribute,beginner,A fork-based contributor | A newcomer | A returning contributor | A collaborator,"Pushing a local branch to the correct fork, while the project restricts edits to pull request branches from maintainers.",True
OSS-07-014,02-git-and-github-practices,07-forks-remotes-and-sync,contribute,beginner,A fork-based contributor | A newcomer | A returning contributor | A collaborator,"Working with a repository after the upstream project changes its name, while their fork is hundreds of commits behind.",True
OSS-07-015,02-git-and-github-practices,07-forks-remotes-and-sync,contribute,beginner,A fork-based contributor | A newcomer | A returning contributor | A collaborator,"Contributing to two forks of the same upstream repository, while the upstream repository was transferred to a new organization.",True
OSS-07-016,02-git-and-github-practices,07-forks-remotes-and-sync,contribute,beginner,A fork-based contributor | A newcomer | A returning contributor | A collaborator,"Cleaning old remote branches without deleting active work, while the project restricts edits to pull request branches from maintainers.",True
OSS-07-017,02-git-and-github-practices,07-forks-remotes-and-sync,contribute,beginner,A fork-based contributor | A newcomer | A returning contributor | A collaborator,"Fetching a maintainer's branch to test an unfinished change, while their fork is hundreds of commits behind.",True
OSS-07-018,02-git-and-github-practices,07-forks-remotes-and-sync,contribute,beginner,A fork-based contributor | A newcomer | A returning contributor | A collaborator,"Keeping a fork synchronized without creating noisy merge commits, while the upstream repository was transferred to a new organization.",True
OSS-07-019,02-git-and-github-practices,07-forks-remotes-and-sync,contribute,beginner,A fork-based contributor | A newcomer | A returning contributor | A collaborator,"Moving work after the default branch name changes, while the project restricts edits to pull request branches from maintainers.",True
OSS-07-020,02-git-and-github-practices,07-forks-remotes-and-sync,contribute,beginner,A fork-based contributor | A newcomer | A returning contributor | A collaborator,"Verifying that a pull request targets the intended upstream repository, while their fork is hundreds of commits behind.",True
OSS-07-021,02-git-and-github-practices,07-forks-remotes-and-sync,contribute,intermediate,A fork-based contributor | A newcomer | A returning contributor | A collaborator,"Configuring separate remotes for their fork and the upstream project, while a remote branch was force-updated.",True
OSS-07-022,02-git-and-github-practices,07-forks-remotes-and-sync,contribute,intermediate,A fork-based contributor | A newcomer | A returning contributor | A collaborator,"Updating a long-lived fork from the upstream default branch, while branch names collide across multiple remotes.",True
OSS-07-023,02-git-and-github-practices,07-forks-remotes-and-sync,contribute,intermediate,A fork-based contributor | A newcomer | A returning contributor | A collaborator,"Pushing a local branch to the correct fork, while origin and upstream point to the opposite repositories.",True
OSS-07-024,02-git-and-github-practices,07-forks-remotes-and-sync,contribute,intermediate,A fork-based contributor | A newcomer | A returning contributor | A collaborator,"Working with a repository after the upstream project changes its name, while a remote branch was force-updated.",True
OSS-07-025,02-git-and-github-practices,07-forks-remotes-and-sync,contribute,intermediate,A fork-based contributor | A newcomer | A returning contributor | A collaborator,"Contributing to two forks of the same upstream repository, while branch names collide across multiple remotes.",True
OSS-07-026,02-git-and-github-practices,07-forks-remotes-and-sync,contribute,intermediate,A fork-based contributor | A newcomer | A returning contributor | A collaborator,"Cleaning old remote branches without deleting active work, while origin and upstream point to the opposite repositories.",True
OSS-07-027,02-git-and-github-practices,07-forks-remotes-and-sync,contribute,intermediate,A fork-based contributor | A newcomer | A returning contributor | A collaborator,"Fetching a maintainer's branch to test an unfinished change, while a remote branch was force-updated.",True
OSS-07-028,02-git-and-github-practices,07-forks-remotes-and-sync,contribute,intermediate,A fork-based contributor | A newcomer | A returning contributor | A collaborator,"Keeping a fork synchronized without creating noisy merge commits, while branch names collide across multiple remotes.",True
OSS-07-029,02-git-and-github-practices,07-forks-remotes-and-sync,contribute,intermediate,A fork-based contributor | A newcomer | A returning contributor | A collaborator,"Moving work after the default branch name changes, while origin and upstream point to the opposite repositories.",True
OSS-07-030,02-git-and-github-practices,07-forks-remotes-and-sync,contribute,intermediate,A fork-based contributor | A newcomer | A returning contributor | A collaborator,"Verifying that a pull request targets the intended upstream repository, while a remote branch was force-updated.",True
OSS-07-031,02-git-and-github-practices,07-forks-remotes-and-sync,contribute,intermediate,A fork-based contributor | A newcomer | A returning contributor | A collaborator,"Configuring separate remotes for their fork and the upstream project, while the upstream repository was transferred to a new organization.",True
OSS-07-032,02-git-and-github-practices,07-forks-remotes-and-sync,contribute,intermediate,A fork-based contributor | A newcomer | A returning contributor | A collaborator,"Updating a long-lived fork from the upstream default branch, while the project restricts edits to pull request branches from maintainers.",True
OSS-07-033,02-git-and-github-practices,07-forks-remotes-and-sync,contribute,intermediate,A fork-based contributor | A newcomer | A returning contributor | A collaborator,"Pushing a local branch to the correct fork, while their fork is hundreds of commits behind.",True
OSS-07-034,02-git-and-github-practices,07-forks-remotes-and-sync,contribute,intermediate,A fork-based contributor | A newcomer | A returning contributor | A collaborator,"Working with a repository after the upstream project changes its name, while the upstream repository was transferred to a new organization.",True
OSS-07-035,02-git-and-github-practices,07-forks-remotes-and-sync,contribute,intermediate,A fork-based contributor | A newcomer | A returning contributor | A collaborator,"Contributing to two forks of the same upstream repository, while the project restricts edits to pull request branches from maintainers.",True
OSS-07-036,02-git-and-github-practices,07-forks-remotes-and-sync,contribute,intermediate,A fork-based contributor | A newcomer | A returning contributor | A collaborator,"Cleaning old remote branches without deleting active work, while their fork is hundreds of commits behind.",True
OSS-07-037,02-git-and-github-practices,07-forks-remotes-and-sync,contribute,intermediate,A fork-based contributor | A newcomer | A returning contributor | A collaborator,"Fetching a maintainer's branch to test an unfinished change, while the upstream repository was transferred to a new organization.",True
OSS-07-038,02-git-and-github-practices,07-forks-remotes-and-sync,contribute,intermediate,A fork-based contributor | A newcomer | A returning contributor | A collaborator,"Keeping a fork synchronized without creating noisy merge commits, while the project restricts edits to pull request branches from maintainers.",True
OSS-07-039,02-git-and-github-practices,07-forks-remotes-and-sync,contribute,intermediate,A fork-based contributor | A newcomer | A returning contributor | A collaborator,"Moving work after the default branch name changes, while their fork is hundreds of commits behind.",True
OSS-07-040,02-git-and-github-practices,07-forks-remotes-and-sync,contribute,intermediate,A fork-based contributor | A newcomer | A returning contributor | A collaborator,"Verifying that a pull request targets the intended upstream repository, while the upstream repository was transferred to a new organization.",True
OSS-07-041,02-git-and-github-practices,07-forks-remotes-and-sync,contribute,advanced,A fork-based contributor | A newcomer | A returning contributor | A collaborator,"Configuring separate remotes for their fork and the upstream project, while branch names collide across multiple remotes.",True
OSS-07-042,02-git-and-github-practices,07-forks-remotes-and-sync,contribute,advanced,A fork-based contributor | A newcomer | A returning contributor | A collaborator,"Updating a long-lived fork from the upstream default branch, while origin and upstream point to the opposite repositories.",True
OSS-07-043,02-git-and-github-practices,07-forks-remotes-and-sync,contribute,advanced,A fork-based contributor | A newcomer | A returning contributor | A collaborator,"Pushing a local branch to the correct fork, while a remote branch was force-updated.",True
OSS-07-044,02-git-and-github-practices,07-forks-remotes-and-sync,contribute,advanced,A fork-based contributor | A newcomer | A returning contributor | A collaborator,"Working with a repository after the upstream project changes its name, while branch names collide across multiple remotes.",True
OSS-07-045,02-git-and-github-practices,07-forks-remotes-and-sync,contribute,advanced,A fork-based contributor | A newcomer | A returning contributor | A collaborator,"Contributing to two forks of the same upstream repository, while origin and upstream point to the opposite repositories.",True
OSS-07-046,02-git-and-github-practices,07-forks-remotes-and-sync,contribute,advanced,A fork-based contributor | A newcomer | A returning contributor | A collaborator,"Cleaning old remote branches without deleting active work, while a remote branch was force-updated.",True
OSS-07-047,02-git-and-github-practices,07-forks-remotes-and-sync,contribute,advanced,A fork-based contributor | A newcomer | A returning contributor | A collaborator,"Fetching a maintainer's branch to test an unfinished change, while branch names collide across multiple remotes.",True
OSS-07-048,02-git-and-github-practices,07-forks-remotes-and-sync,contribute,advanced,A fork-based contributor | A newcomer | A returning contributor | A collaborator,"Keeping a fork synchronized without creating noisy merge commits, while origin and upstream point to the opposite repositories.",True
OSS-07-049,02-git-and-github-practices,07-forks-remotes-and-sync,contribute,advanced,A fork-based contributor | A newcomer | A returning contributor | A collaborator,"Moving work after the default branch name changes, while a remote branch was force-updated.",True
OSS-07-050,02-git-and-github-practices,07-forks-remotes-and-sync,contribute,advanced,A fork-based contributor | A newcomer | A returning contributor | A collaborator,"Verifying that a pull request targets the intended upstream repository, while branch names collide across multiple remotes.",True
OSS-08-001,02-git-and-github-practices,08-branches-commits-and-history,contribute,beginner,A contributor | A reviewer | A release contributor | A pair of collaborators,"Choosing a branch strategy for several related changes, while the project requires a linear history.",True
OSS-08-002,02-git-and-github-practices,08-branches-commits-and-history,contribute,beginner,A contributor | A reviewer | A release contributor | A pair of collaborators,"Splitting a large experimental commit into reviewable commits, while the branch includes unrelated work from an earlier task.",True
OSS-08-003,02-git-and-github-practices,08-branches-commits-and-history,contribute,beginner,A contributor | A reviewer | A release contributor | A pair of collaborators,"Rewriting local commit messages before publishing a pull request, while another contributor has based work on the existing commit hashes.",True
OSS-08-004,02-git-and-github-practices,08-branches-commits-and-history,contribute,beginner,A contributor | A reviewer | A release contributor | A pair of collaborators,"Moving one useful commit onto a clean branch, while the project requires a linear history.",True
OSS-08-005,02-git-and-github-practices,08-branches-commits-and-history,contribute,beginner,A contributor | A reviewer | A release contributor | A pair of collaborators,"Identifying whether two branches contain the same logical change, while the branch includes unrelated work from an earlier task.",True
OSS-08-006,02-git-and-github-practices,08-branches-commits-and-history,contribute,beginner,A contributor | A reviewer | A release contributor | A pair of collaborators,"Preserving authorship while combining work from another contributor, while another contributor has based work on the existing commit hashes.",True
OSS-08-007,02-git-and-github-practices,08-branches-commits-and-history,contribute,beginner,A contributor | A reviewer | A release contributor | A pair of collaborators,"Reviewing how a file evolved across renames, while the project requires a linear history.",True
OSS-08-008,02-git-and-github-practices,08-branches-commits-and-history,contribute,beginner,A contributor | A reviewer | A release contributor | A pair of collaborators,"Preparing a fix that must target more than one maintained branch, while the branch includes unrelated work from an earlier task.",True
OSS-08-009,02-git-and-github-practices,08-branches-commits-and-history,contribute,beginner,A contributor | A reviewer | A release contributor | A pair of collaborators,"Removing an accidentally committed generated artifact from history, while another contributor has based work on the existing commit hashes.",True
OSS-08-010,02-git-and-github-practices,08-branches-commits-and-history,contribute,beginner,A contributor | A reviewer | A release contributor | A pair of collaborators,"Deciding whether a fixup belongs in the current commit or a new commit, while the project requires a linear history.",True
OSS-08-011,02-git-and-github-practices,08-branches-commits-and-history,contribute,beginner,A contributor | A reviewer | A release contributor | A pair of collaborators,"Choosing a branch strategy for several related changes, while some commits have already been reviewed individually.",True
OSS-08-012,02-git-and-github-practices,08-branches-commits-and-history,contribute,beginner,A contributor | A reviewer | A release contributor | A pair of collaborators,"Splitting a large experimental commit into reviewable commits, while commit signing is required by repository rules.",True
OSS-08-013,02-git-and-github-practices,08-branches-commits-and-history,contribute,beginner,A contributor | A reviewer | A release contributor | A pair of collaborators,"Rewriting local commit messages before publishing a pull request, while the change must remain easy to backport later.",True
OSS-08-014,02-git-and-github-practices,08-branches-commits-and-history,contribute,beginner,A contributor | A reviewer | A release contributor | A pair of collaborators,"Moving one useful commit onto a clean branch, while some commits have already been reviewed individually.",True
OSS-08-015,02-git-and-github-practices,08-branches-commits-and-history,contribute,beginner,A contributor | A reviewer | A release contributor | A pair of collaborators,"Identifying whether two branches contain the same logical change, while commit signing is required by repository rules.",True
OSS-08-016,02-git-and-github-practices,08-branches-commits-and-history,contribute,beginner,A contributor | A reviewer | A release contributor | A pair of collaborators,"Preserving authorship while combining work from another contributor, while the change must remain easy to backport later.",True
OSS-08-017,02-git-and-github-practices,08-branches-commits-and-history,contribute,beginner,A contributor | A reviewer | A release contributor | A pair of collaborators,"Reviewing how a file evolved across renames, while some commits have already been reviewed individually.",True
OSS-08-018,02-git-and-github-practices,08-branches-commits-and-history,contribute,beginner,A contributor | A reviewer | A release contributor | A pair of collaborators,"Preparing a fix that must target more than one maintained branch, while commit signing is required by repository rules.",True
OSS-08-019,02-git-and-github-practices,08-branches-commits-and-history,contribute,beginner,A contributor | A reviewer | A release contributor | A pair of collaborators,"Removing an accidentally committed generated artifact from history, while the change must remain easy to backport later.",True
OSS-08-020,02-git-and-github-practices,08-branches-commits-and-history,contribute,beginner,A contributor | A reviewer | A release contributor | A pair of collaborators,"Deciding whether a fixup belongs in the current commit or a new commit, while some commits have already been reviewed individually.",True
OSS-08-021,02-git-and-github-practices,08-branches-commits-and-history,contribute,intermediate,A contributor | A reviewer | A release contributor | A pair of collaborators,"Choosing a branch strategy for several related changes, while the branch includes unrelated work from an earlier task.",True
OSS-08-022,02-git-and-github-practices,08-branches-commits-and-history,contribute,intermediate,A contributor | A reviewer | A release contributor | A pair of collaborators,"Splitting a large experimental commit into reviewable commits, while another contributor has based work on the existing commit hashes.",True
OSS-08-023,02-git-and-github-practices,08-branches-commits-and-history,contribute,intermediate,A contributor | A reviewer | A release contributor | A pair of collaborators,"Rewriting local commit messages before publishing a pull request, while the project requires a linear history.",True
OSS-08-024,02-git-and-github-practices,08-branches-commits-and-history,contribute,intermediate,A contributor | A reviewer | A release contributor | A pair of collaborators,"Moving one useful commit onto a clean branch, while the branch includes unrelated work from an earlier task.",True
OSS-08-025,02-git-and-github-practices,08-branches-commits-and-history,contribute,intermediate,A contributor | A reviewer | A release contributor | A pair of collaborators,"Identifying whether two branches contain the same logical change, while another contributor has based work on the existing commit hashes.",True
OSS-08-026,02-git-and-github-practices,08-branches-commits-and-history,contribute,intermediate,A contributor | A reviewer | A release contributor | A pair of collaborators,"Preserving authorship while combining work from another contributor, while the project requires a linear history.",True
OSS-08-027,02-git-and-github-practices,08-branches-commits-and-history,contribute,intermediate,A contributor | A reviewer | A release contributor | A pair of collaborators,"Reviewing how a file evolved across renames, while the branch includes unrelated work from an earlier task.",True
OSS-08-028,02-git-and-github-practices,08-branches-commits-and-history,contribute,intermediate,A contributor | A reviewer | A release contributor | A pair of collaborators,"Preparing a fix that must target more than one maintained branch, while another contributor has based work on the existing commit hashes.",True
OSS-08-029,02-git-and-github-practices,08-branches-commits-and-history,contribute,intermediate,A contributor | A reviewer | A release contributor | A pair of collaborators,"Removing an accidentally committed generated artifact from history, while the project requires a linear history.",True
OSS-08-030,02-git-and-github-practices,08-branches-commits-and-history,contribute,intermediate,A contributor | A reviewer | A release contributor | A pair of collaborators,"Deciding whether a fixup belongs in the current commit or a new commit, while the branch includes unrelated work from an earlier task.",True
OSS-08-031,02-git-and-github-practices,08-branches-commits-and-history,contribute,intermediate,A contributor | A reviewer | A release contributor | A pair of collaborators,"Choosing a branch strategy for several related changes, while commit signing is required by repository rules.",True
OSS-08-032,02-git-and-github-practices,08-branches-commits-and-history,contribute,intermediate,A contributor | A reviewer | A release contributor | A pair of collaborators,"Splitting a large experimental commit into reviewable commits, while the change must remain easy to backport later.",True
OSS-08-033,02-git-and-github-practices,08-branches-commits-and-history,contribute,intermediate,A contributor | A reviewer | A release contributor | A pair of collaborators,"Rewriting local commit messages before publishing a pull request, while some commits have already been reviewed individually.",True
OSS-08-034,02-git-and-github-practices,08-branches-commits-and-history,contribute,intermediate,A contributor | A reviewer | A release contributor | A pair of collaborators,"Moving one useful commit onto a clean branch, while commit signing is required by repository rules.",True
OSS-08-035,02-git-and-github-practices,08-branches-commits-and-history,contribute,intermediate,A contributor | A reviewer | A release contributor | A pair of collaborators,"Identifying whether two branches contain the same logical change, while the change must remain easy to backport later.",True
OSS-08-036,02-git-and-github-practices,08-branches-commits-and-history,contribute,intermediate,A contributor | A reviewer | A release contributor | A pair of collaborators,"Preserving authorship while combining work from another contributor, while some commits have already been reviewed individually.",True
OSS-08-037,02-git-and-github-practices,08-branches-commits-and-history,contribute,intermediate,A contributor | A reviewer | A release contributor | A pair of collaborators,"Reviewing how a file evolved across renames, while commit signing is required by repository rules.",True
OSS-08-038,02-git-and-github-practices,08-branches-commits-and-history,contribute,intermediate,A contributor | A reviewer | A release contributor | A pair of collaborators,"Preparing a fix that must target more than one maintained branch, while the change must remain easy to backport later.",True
OSS-08-039,02-git-and-github-practices,08-branches-commits-and-history,contribute,intermediate,A contributor | A reviewer | A release contributor | A pair of collaborators,"Removing an accidentally committed generated artifact from history, while some commits have already been reviewed individually.",True
OSS-08-040,02-git-and-github-practices,08-branches-commits-and-history,contribute,intermediate,A contributor | A reviewer | A release contributor | A pair of collaborators,"Deciding whether a fixup belongs in the current commit or a new commit, while commit signing is required by repository rules.",True
OSS-08-041,02-git-and-github-practices,08-branches-commits-and-history,contribute,advanced,A contributor | A reviewer | A release contributor | A pair of collaborators,"Choosing a branch strategy for several related changes, while another contributor has based work on the existing commit hashes.",True
OSS-08-042,02-git-and-github-practices,08-branches-commits-and-history,contribute,advanced,A contributor | A reviewer | A release contributor | A pair of collaborators,"Splitting a large experimental commit into reviewable commits, while the project requires a linear history.",True
OSS-08-043,02-git-and-github-practices,08-branches-commits-and-history,contribute,advanced,A contributor | A reviewer | A release contributor | A pair of collaborators,"Rewriting local commit messages before publishing a pull request, while the branch includes unrelated work from an earlier task.",True
OSS-08-044,02-git-and-github-practices,08-branches-commits-and-history,contribute,advanced,A contributor | A reviewer | A release contributor | A pair of collaborators,"Moving one useful commit onto a clean branch, while another contributor has based work on the existing commit hashes.",True
OSS-08-045,02-git-and-github-practices,08-branches-commits-and-history,contribute,advanced,A contributor | A reviewer | A release contributor | A pair of collaborators,"Identifying whether two branches contain the same logical change, while the project requires a linear history.",True
OSS-08-046,02-git-and-github-practices,08-branches-commits-and-history,contribute,advanced,A contributor | A reviewer | A release contributor | A pair of collaborators,"Preserving authorship while combining work from another contributor, while the branch includes unrelated work from an earlier task.",True
OSS-08-047,02-git-and-github-practices,08-branches-commits-and-history,contribute,advanced,A contributor | A reviewer | A release contributor | A pair of collaborators,"Reviewing how a file evolved across renames, while another contributor has based work on the existing commit hashes.",True
OSS-08-048,02-git-and-github-practices,08-branches-commits-and-history,contribute,advanced,A contributor | A reviewer | A release contributor | A pair of collaborators,"Preparing a fix that must target more than one maintained branch, while the project requires a linear history.",True
OSS-08-049,02-git-and-github-practices,08-branches-commits-and-history,contribute,advanced,A contributor | A reviewer | A release contributor | A pair of collaborators,"Removing an accidentally committed generated artifact from history, while the branch includes unrelated work from an earlier task.",True
OSS-08-050,02-git-and-github-practices,08-branches-commits-and-history,contribute,advanced,A contributor | A reviewer | A release contributor | A pair of collaborators,"Deciding whether a fixup belongs in the current commit or a new commit, while another contributor has based work on the existing commit hashes.",True
OSS-09-001,02-git-and-github-practices,09-rebase-conflicts-and-recovery,contribute,beginner,A contributor | A newcomer | A reviewer testing a branch | A release contributor,"Rebasing a feature branch onto a rapidly changing default branch, while tests pass on both original branches but fail after resolution.",True
OSS-09-002,02-git-and-github-practices,09-rebase-conflicts-and-recovery,contribute,beginner,A contributor | A newcomer | A reviewer testing a branch | A release contributor,"Resolving a conflict where one side deleted a file, while the remote branch has already been force-pushed by a collaborator.",True
OSS-09-003,02-git-and-github-practices,09-rebase-conflicts-and-recovery,contribute,beginner,A contributor | A newcomer | A reviewer testing a branch | A release contributor,"Continuing work after a rebase stops midway, while the repository regenerates conflicted files from another source.",True
OSS-09-004,02-git-and-github-practices,09-rebase-conflicts-and-recovery,contribute,beginner,A contributor | A newcomer | A reviewer testing a branch | A release contributor,"Recovering commits after resetting the wrong branch, while tests pass on both original branches but fail after resolution.",True
OSS-09-005,02-git-and-github-practices,09-rebase-conflicts-and-recovery,contribute,beginner,A contributor | A newcomer | A reviewer testing a branch | A release contributor,"Deciding which side of a conflict reflects current project intent, while the remote branch has already been force-pushed by a collaborator.",True
OSS-09-006,02-git-and-github-practices,09-rebase-conflicts-and-recovery,contribute,beginner,A contributor | A newcomer | A reviewer testing a branch | A release contributor,"Handling conflicts inside generated lock or manifest files, while the repository regenerates conflicted files from another source.",True
OSS-09-007,02-git-and-github-practices,09-rebase-conflicts-and-recovery,contribute,beginner,A contributor | A newcomer | A reviewer testing a branch | A release contributor,"Rebasing a stack of dependent pull requests, while tests pass on both original branches but fail after resolution.",True
OSS-09-008,02-git-and-github-practices,09-rebase-conflicts-and-recovery,contribute,beginner,A contributor | A newcomer | A reviewer testing a branch | A release contributor,"Recovering from an interrupted cherry-pick, while the remote branch has already been force-pushed by a collaborator.",True
OSS-09-009,02-git-and-github-practices,09-rebase-conflicts-and-recovery,contribute,beginner,A contributor | A newcomer | A reviewer testing a branch | A release contributor,"Comparing the rewritten branch with its pre-rebase state, while the repository regenerates conflicted files from another source.",True
OSS-09-010,02-git-and-github-practices,09-rebase-conflicts-and-recovery,contribute,beginner,A contributor | A newcomer | A reviewer testing a branch | A release contributor,"Updating a pull request after upstream refactors the same component, while tests pass on both original branches but fail after resolution.",True
OSS-09-011,02-git-and-github-practices,09-rebase-conflicts-and-recovery,contribute,beginner,A contributor | A newcomer | A reviewer testing a branch | A release contributor,"Rebasing a feature branch onto a rapidly changing default branch, while the conflict involves code they did not originally write.",True
OSS-09-012,02-git-and-github-practices,09-rebase-conflicts-and-recovery,contribute,beginner,A contributor | A newcomer | A reviewer testing a branch | A release contributor,"Resolving a conflict where one side deleted a file, while reflog contains several similarly named recovery points.",True
OSS-09-013,02-git-and-github-practices,09-rebase-conflicts-and-recovery,contribute,beginner,A contributor | A newcomer | A reviewer testing a branch | A release contributor,"Continuing work after a rebase stops midway, while review comments refer to commits that no longer exist.",True
OSS-09-014,02-git-and-github-practices,09-rebase-conflicts-and-recovery,contribute,beginner,A contributor | A newcomer | A reviewer testing a branch | A release contributor,"Recovering commits after resetting the wrong branch, while the conflict involves code they did not originally write.",True
OSS-09-015,02-git-and-github-practices,09-rebase-conflicts-and-recovery,contribute,beginner,A contributor | A newcomer | A reviewer testing a branch | A release contributor,"Deciding which side of a conflict reflects current project intent, while reflog contains several similarly named recovery points.",True
OSS-09-016,02-git-and-github-practices,09-rebase-conflicts-and-recovery,contribute,beginner,A contributor | A newcomer | A reviewer testing a branch | A release contributor,"Handling conflicts inside generated lock or manifest files, while review comments refer to commits that no longer exist.",True
OSS-09-017,02-git-and-github-practices,09-rebase-conflicts-and-recovery,contribute,beginner,A contributor | A newcomer | A reviewer testing a branch | A release contributor,"Rebasing a stack of dependent pull requests, while the conflict involves code they did not originally write.",True
OSS-09-018,02-git-and-github-practices,09-rebase-conflicts-and-recovery,contribute,beginner,A contributor | A newcomer | A reviewer testing a branch | A release contributor,"Recovering from an interrupted cherry-pick, while reflog contains several similarly named recovery points.",True
OSS-09-019,02-git-and-github-practices,09-rebase-conflicts-and-recovery,contribute,beginner,A contributor | A newcomer | A reviewer testing a branch | A release contributor,"Comparing the rewritten branch with its pre-rebase state, while review comments refer to commits that no longer exist.",True
OSS-09-020,02-git-and-github-practices,09-rebase-conflicts-and-recovery,contribute,beginner,A contributor | A newcomer | A reviewer testing a branch | A release contributor,"Updating a pull request after upstream refactors the same component, while the conflict involves code they did not originally write.",True
OSS-09-021,02-git-and-github-practices,09-rebase-conflicts-and-recovery,contribute,intermediate,A contributor | A newcomer | A reviewer testing a branch | A release contributor,"Rebasing a feature branch onto a rapidly changing default branch, while the remote branch has already been force-pushed by a collaborator.",True
OSS-09-022,02-git-and-github-practices,09-rebase-conflicts-and-recovery,contribute,intermediate,A contributor | A newcomer | A reviewer testing a branch | A release contributor,"Resolving a conflict where one side deleted a file, while the repository regenerates conflicted files from another source.",True
OSS-09-023,02-git-and-github-practices,09-rebase-conflicts-and-recovery,contribute,intermediate,A contributor | A newcomer | A reviewer testing a branch | A release contributor,"Continuing work after a rebase stops midway, while tests pass on both original branches but fail after resolution.",True
OSS-09-024,02-git-and-github-practices,09-rebase-conflicts-and-recovery,contribute,intermediate,A contributor | A newcomer | A reviewer testing a branch | A release contributor,"Recovering commits after resetting the wrong branch, while the remote branch has already been force-pushed by a collaborator.",True
OSS-09-025,02-git-and-github-practices,09-rebase-conflicts-and-recovery,contribute,intermediate,A contributor | A newcomer | A reviewer testing a branch | A release contributor,"Deciding which side of a conflict reflects current project intent, while the repository regenerates conflicted files from another source.",True
OSS-09-026,02-git-and-github-practices,09-rebase-conflicts-and-recovery,contribute,intermediate,A contributor | A newcomer | A reviewer testing a branch | A release contributor,"Handling conflicts inside generated lock or manifest files, while tests pass on both original branches but fail after resolution.",True
OSS-09-027,02-git-and-github-practices,09-rebase-conflicts-and-recovery,contribute,intermediate,A contributor | A newcomer | A reviewer testing a branch | A release contributor,"Rebasing a stack of dependent pull requests, while the remote branch has already been force-pushed by a collaborator.",True
OSS-09-028,02-git-and-github-practices,09-rebase-conflicts-and-recovery,contribute,intermediate,A contributor | A newcomer | A reviewer testing a branch | A release contributor,"Recovering from an interrupted cherry-pick, while the repository regenerates conflicted files from another source.",True
OSS-09-029,02-git-and-github-practices,09-rebase-conflicts-and-recovery,contribute,intermediate,A contributor | A newcomer | A reviewer testing a branch | A release contributor,"Comparing the rewritten branch with its pre-rebase state, while tests pass on both original branches but fail after resolution.",True
OSS-09-030,02-git-and-github-practices,09-rebase-conflicts-and-recovery,contribute,intermediate,A contributor | A newcomer | A reviewer testing a branch | A release contributor,"Updating a pull request after upstream refactors the same component, while the remote branch has already been force-pushed by a collaborator.",True
OSS-09-031,02-git-and-github-practices,09-rebase-conflicts-and-recovery,contribute,intermediate,A contributor | A newcomer | A reviewer testing a branch | A release contributor,"Rebasing a feature branch onto a rapidly changing default branch, while reflog contains several similarly named recovery points.",True
OSS-09-032,02-git-and-github-practices,09-rebase-conflicts-and-recovery,contribute,intermediate,A contributor | A newcomer | A reviewer testing a branch | A release contributor,"Resolving a conflict where one side deleted a file, while review comments refer to commits that no longer exist.",True
OSS-09-033,02-git-and-github-practices,09-rebase-conflicts-and-recovery,contribute,intermediate,A contributor | A newcomer | A reviewer testing a branch | A release contributor,"Continuing work after a rebase stops midway, while the conflict involves code they did not originally write.",True
OSS-09-034,02-git-and-github-practices,09-rebase-conflicts-and-recovery,contribute,intermediate,A contributor | A newcomer | A reviewer testing a branch | A release contributor,"Recovering commits after resetting the wrong branch, while reflog contains several similarly named recovery points.",True
OSS-09-035,02-git-and-github-practices,09-rebase-conflicts-and-recovery,contribute,intermediate,A contributor | A newcomer | A reviewer testing a branch | A release contributor,"Deciding which side of a conflict reflects current project intent, while review comments refer to commits that no longer exist.",True
OSS-09-036,02-git-and-github-practices,09-rebase-conflicts-and-recovery,contribute,intermediate,A contributor | A newcomer | A reviewer testing a branch | A release contributor,"Handling conflicts inside generated lock or manifest files, while the conflict involves code they did not originally write.",True
OSS-09-037,02-git-and-github-practices,09-rebase-conflicts-and-recovery,contribute,intermediate,A contributor | A newcomer | A reviewer testing a branch | A release contributor,"Rebasing a stack of dependent pull requests, while reflog contains several similarly named recovery points.",True
OSS-09-038,02-git-and-github-practices,09-rebase-conflicts-and-recovery,contribute,intermediate,A contributor | A newcomer | A reviewer testing a branch | A release contributor,"Recovering from an interrupted cherry-pick, while review comments refer to commits that no longer exist.",True
OSS-09-039,02-git-and-github-practices,09-rebase-conflicts-and-recovery,contribute,intermediate,A contributor | A newcomer | A reviewer testing a branch | A release contributor,"Comparing the rewritten branch with its pre-rebase state, while the conflict involves code they did not originally write.",True
OSS-09-040,02-git-and-github-practices,09-rebase-conflicts-and-recovery,contribute,intermediate,A contributor | A newcomer | A reviewer testing a branch | A release contributor,"Updating a pull request after upstream refactors the same component, while reflog contains several similarly named recovery points.",True
OSS-09-041,02-git-and-github-practices,09-rebase-conflicts-and-recovery,contribute,advanced,A contributor | A newcomer | A reviewer testing a branch | A release contributor,"Rebasing a feature branch onto a rapidly changing default branch, while the repository regenerates conflicted files from another source.",True
OSS-09-042,02-git-and-github-practices,09-rebase-conflicts-and-recovery,contribute,advanced,A contributor | A newcomer | A reviewer testing a branch | A release contributor,"Resolving a conflict where one side deleted a file, while tests pass on both original branches but fail after resolution.",True
OSS-09-043,02-git-and-github-practices,09-rebase-conflicts-and-recovery,contribute,advanced,A contributor | A newcomer | A reviewer testing a branch | A release contributor,"Continuing work after a rebase stops midway, while the remote branch has already been force-pushed by a collaborator.",True
OSS-09-044,02-git-and-github-practices,09-rebase-conflicts-and-recovery,contribute,advanced,A contributor | A newcomer | A reviewer testing a branch | A release contributor,"Recovering commits after resetting the wrong branch, while the repository regenerates conflicted files from another source.",True
OSS-09-045,02-git-and-github-practices,09-rebase-conflicts-and-recovery,contribute,advanced,A contributor | A newcomer | A reviewer testing a branch | A release contributor,"Deciding which side of a conflict reflects current project intent, while tests pass on both original branches but fail after resolution.",True
OSS-09-046,02-git-and-github-practices,09-rebase-conflicts-and-recovery,contribute,advanced,A contributor | A newcomer | A reviewer testing a branch | A release contributor,"Handling conflicts inside generated lock or manifest files, while the remote branch has already been force-pushed by a collaborator.",True
OSS-09-047,02-git-and-github-practices,09-rebase-conflicts-and-recovery,contribute,advanced,A contributor | A newcomer | A reviewer testing a branch | A release contributor,"Rebasing a stack of dependent pull requests, while the repository regenerates conflicted files from another source.",True
OSS-09-048,02-git-and-github-practices,09-rebase-conflicts-and-recovery,contribute,advanced,A contributor | A newcomer | A reviewer testing a branch | A release contributor,"Recovering from an interrupted cherry-pick, while tests pass on both original branches but fail after resolution.",True
OSS-09-049,02-git-and-github-practices,09-rebase-conflicts-and-recovery,contribute,advanced,A contributor | A newcomer | A reviewer testing a branch | A release contributor,"Comparing the rewritten branch with its pre-rebase state, while the remote branch has already been force-pushed by a collaborator.",True
OSS-09-050,02-git-and-github-practices,09-rebase-conflicts-and-recovery,contribute,advanced,A contributor | A newcomer | A reviewer testing a branch | A release contributor,"Updating a pull request after upstream refactors the same component, while the repository regenerates conflicted files from another source.",True
OSS-10-001,02-git-and-github-practices,10-commit-signing-and-provenance,contribute,beginner,A contributor | A corporate contributor | A maintainer | A release engineer,"Signing commits for a repository that enforces verified history, while the CLA or DCO check reports a mismatch.",False
OSS-10-002,02-git-and-github-practices,10-commit-signing-and-provenance,contribute,beginner,A contributor | A corporate contributor | A maintainer | A release engineer,"Adding a sign-off required by the project's contribution policy, while corporate policy limits which identity may sign the work.",False
OSS-10-003,02-git-and-github-practices,10-commit-signing-and-provenance,contribute,beginner,A contributor | A corporate contributor | A maintainer | A release engineer,"Correcting a commit made with the wrong email identity, while the patch includes code copied from another licensed project.",False
OSS-10-004,02-git-and-github-practices,10-commit-signing-and-provenance,contribute,beginner,A contributor | A corporate contributor | A maintainer | A release engineer,"Preserving co-author credit for a collaborative patch, while the CLA or DCO check reports a mismatch.",False
OSS-10-005,02-git-and-github-practices,10-commit-signing-and-provenance,contribute,beginner,A contributor | A corporate contributor | A maintainer | A release engineer,"Submitting work created partly on an employer-managed device, while corporate policy limits which identity may sign the work.",False
OSS-10-006,02-git-and-github-practices,10-commit-signing-and-provenance,contribute,beginner,A contributor | A corporate contributor | A maintainer | A release engineer,"Verifying the origin of a patch received outside the normal workflow, while the patch includes code copied from another licensed project.",False
OSS-10-007,02-git-and-github-practices,10-commit-signing-and-provenance,contribute,beginner,A contributor | A corporate contributor | A maintainer | A release engineer,"Rotating a signing key without breaking contributor verification, while the CLA or DCO check reports a mismatch.",False
OSS-10-008,02-git-and-github-practices,10-commit-signing-and-provenance,contribute,beginner,A contributor | A corporate contributor | A maintainer | A release engineer,"Rebasing commits that already contain valid sign-offs, while corporate policy limits which identity may sign the work.",False
OSS-10-009,02-git-and-github-practices,10-commit-signing-and-provenance,contribute,beginner,A contributor | A corporate contributor | A maintainer | A release engineer,"Documenting third-party code included in a contribution, while the patch includes code copied from another licensed project.",False
OSS-10-010,02-git-and-github-practices,10-commit-signing-and-provenance,contribute,beginner,A contributor | A corporate contributor | A maintainer | A release engineer,"Reviewing a contribution whose author and committer differ, while the CLA or DCO check reports a mismatch.",False
OSS-10-011,02-git-and-github-practices,10-commit-signing-and-provenance,contribute,beginner,A contributor | A corporate contributor | A maintainer | A release engineer,"Signing commits for a repository that enforces verified history, while the contributor uses privacy-protected email addresses.",False
OSS-10-012,02-git-and-github-practices,10-commit-signing-and-provenance,contribute,beginner,A contributor | A corporate contributor | A maintainer | A release engineer,"Adding a sign-off required by the project's contribution policy, while history rewriting changes commit signatures.",False
OSS-10-013,02-git-and-github-practices,10-commit-signing-and-provenance,contribute,beginner,A contributor | A corporate contributor | A maintainer | A release engineer,"Correcting a commit made with the wrong email identity, while multiple contributors worked through one shared machine.",False
OSS-10-014,02-git-and-github-practices,10-commit-signing-and-provenance,contribute,beginner,A contributor | A corporate contributor | A maintainer | A release engineer,"Preserving co-author credit for a collaborative patch, while the contributor uses privacy-protected email addresses.",False
OSS-10-015,02-git-and-github-practices,10-commit-signing-and-provenance,contribute,beginner,A contributor | A corporate contributor | A maintainer | A release engineer,"Submitting work created partly on an employer-managed device, while history rewriting changes commit signatures.",False
OSS-10-016,02-git-and-github-practices,10-commit-signing-and-provenance,contribute,beginner,A contributor | A corporate contributor | A maintainer | A release engineer,"Verifying the origin of a patch received outside the normal workflow, while multiple contributors worked through one shared machine.",False
OSS-10-017,02-git-and-github-practices,10-commit-signing-and-provenance,contribute,beginner,A contributor | A corporate contributor | A maintainer | A release engineer,"Rotating a signing key without breaking contributor verification, while the contributor uses privacy-protected email addresses.",False
OSS-10-018,02-git-and-github-practices,10-commit-signing-and-provenance,contribute,beginner,A contributor | A corporate contributor | A maintainer | A release engineer,"Rebasing commits that already contain valid sign-offs, while history rewriting changes commit signatures.",False
OSS-10-019,02-git-and-github-practices,10-commit-signing-and-provenance,contribute,beginner,A contributor | A corporate contributor | A maintainer | A release engineer,"Documenting third-party code included in a contribution, while multiple contributors worked through one shared machine.",False
OSS-10-020,02-git-and-github-practices,10-commit-signing-and-provenance,contribute,beginner,A contributor | A corporate contributor | A maintainer | A release engineer,"Reviewing a contribution whose author and committer differ, while the contributor uses privacy-protected email addresses.",False
OSS-10-021,02-git-and-github-practices,10-commit-signing-and-provenance,contribute,intermediate,A contributor | A corporate contributor | A maintainer | A release engineer,"Signing commits for a repository that enforces verified history, while corporate policy limits which identity may sign the work.",False
OSS-10-022,02-git-and-github-practices,10-commit-signing-and-provenance,contribute,intermediate,A contributor | A corporate contributor | A maintainer | A release engineer,"Adding a sign-off required by the project's contribution policy, while the patch includes code copied from another licensed project.",False
OSS-10-023,02-git-and-github-practices,10-commit-signing-and-provenance,contribute,intermediate,A contributor | A corporate contributor | A maintainer | A release engineer,"Correcting a commit made with the wrong email identity, while the CLA or DCO check reports a mismatch.",False
OSS-10-024,02-git-and-github-practices,10-commit-signing-and-provenance,contribute,intermediate,A contributor | A corporate contributor | A maintainer | A release engineer,"Preserving co-author credit for a collaborative patch, while corporate policy limits which identity may sign the work.",False
OSS-10-025,02-git-and-github-practices,10-commit-signing-and-provenance,contribute,intermediate,A contributor | A corporate contributor | A maintainer | A release engineer,"Submitting work created partly on an employer-managed device, while the patch includes code copied from another licensed project.",False
OSS-10-026,02-git-and-github-practices,10-commit-signing-and-provenance,contribute,intermediate,A contributor | A corporate contributor | A maintainer | A release engineer,"Verifying the origin of a patch received outside the normal workflow, while the CLA or DCO check reports a mismatch.",False
OSS-10-027,02-git-and-github-practices,10-commit-signing-and-provenance,contribute,intermediate,A contributor | A corporate contributor | A maintainer | A release engineer,"Rotating a signing key without breaking contributor verification, while corporate policy limits which identity may sign the work.",False
OSS-10-028,02-git-and-github-practices,10-commit-signing-and-provenance,contribute,intermediate,A contributor | A corporate contributor | A maintainer | A release engineer,"Rebasing commits that already contain valid sign-offs, while the patch includes code copied from another licensed project.",False
OSS-10-029,02-git-and-github-practices,10-commit-signing-and-provenance,contribute,intermediate,A contributor | A corporate contributor | A maintainer | A release engineer,"Documenting third-party code included in a contribution, while the CLA or DCO check reports a mismatch.",False
OSS-10-030,02-git-and-github-practices,10-commit-signing-and-provenance,contribute,intermediate,A contributor | A corporate contributor | A maintainer | A release engineer,"Reviewing a contribution whose author and committer differ, while corporate policy limits which identity may sign the work.",False
OSS-10-031,02-git-and-github-practices,10-commit-signing-and-provenance,contribute,intermediate,A contributor | A corporate contributor | A maintainer | A release engineer,"Signing commits for a repository that enforces verified history, while history rewriting changes commit signatures.",False
OSS-10-032,02-git-and-github-practices,10-commit-signing-and-provenance,contribute,intermediate,A contributor | A corporate contributor | A maintainer | A release engineer,"Adding a sign-off required by the project's contribution policy, while multiple contributors worked through one shared machine.",False
OSS-10-033,02-git-and-github-practices,10-commit-signing-and-provenance,contribute,intermediate,A contributor | A corporate contributor | A maintainer | A release engineer,"Correcting a commit made with the wrong email identity, while the contributor uses privacy-protected email addresses.",False
OSS-10-034,02-git-and-github-practices,10-commit-signing-and-provenance,contribute,intermediate,A contributor | A corporate contributor | A maintainer | A release engineer,"Preserving co-author credit for a collaborative patch, while history rewriting changes commit signatures.",False
OSS-10-035,02-git-and-github-practices,10-commit-signing-and-provenance,contribute,intermediate,A contributor | A corporate contributor | A maintainer | A release engineer,"Submitting work created partly on an employer-managed device, while multiple contributors worked through one shared machine.",False
OSS-10-036,02-git-and-github-practices,10-commit-signing-and-provenance,contribute,intermediate,A contributor | A corporate contributor | A maintainer | A release engineer,"Verifying the origin of a patch received outside the normal workflow, while the contributor uses privacy-protected email addresses.",False
OSS-10-037,02-git-and-github-practices,10-commit-signing-and-provenance,contribute,intermediate,A contributor | A corporate contributor | A maintainer | A release engineer,"Rotating a signing key without breaking contributor verification, while history rewriting changes commit signatures.",False
OSS-10-038,02-git-and-github-practices,10-commit-signing-and-provenance,contribute,intermediate,A contributor | A corporate contributor | A maintainer | A release engineer,"Rebasing commits that already contain valid sign-offs, while multiple contributors worked through one shared machine.",False
OSS-10-039,02-git-and-github-practices,10-commit-signing-and-provenance,contribute,intermediate,A contributor | A corporate contributor | A maintainer | A release engineer,"Documenting third-party code included in a contribution, while the contributor uses privacy-protected email addresses.",False
OSS-10-040,02-git-and-github-practices,10-commit-signing-and-provenance,contribute,intermediate,A contributor | A corporate contributor | A maintainer | A release engineer,"Reviewing a contribution whose author and committer differ, while history rewriting changes commit signatures.",False
OSS-10-041,02-git-and-github-practices,10-commit-signing-and-provenance,contribute,advanced,A contributor | A corporate contributor | A maintainer | A release engineer,"Signing commits for a repository that enforces verified history, while the patch includes code copied from another licensed project.",False
OSS-10-042,02-git-and-github-practices,10-commit-signing-and-provenance,contribute,advanced,A contributor | A corporate contributor | A maintainer | A release engineer,"Adding a sign-off required by the project's contribution policy, while the CLA or DCO check reports a mismatch.",False
OSS-10-043,02-git-and-github-practices,10-commit-signing-and-provenance,contribute,advanced,A contributor | A corporate contributor | A maintainer | A release engineer,"Correcting a commit made with the wrong email identity, while corporate policy limits which identity may sign the work.",False
OSS-10-044,02-git-and-github-practices,10-commit-signing-and-provenance,contribute,advanced,A contributor | A corporate contributor | A maintainer | A release engineer,"Preserving co-author credit for a collaborative patch, while the patch includes code copied from another licensed project.",False
OSS-10-045,02-git-and-github-practices,10-commit-signing-and-provenance,contribute,advanced,A contributor | A corporate contributor | A maintainer | A release engineer,"Submitting work created partly on an employer-managed device, while the CLA or DCO check reports a mismatch.",False
OSS-10-046,02-git-and-github-practices,10-commit-signing-and-provenance,contribute,advanced,A contributor | A corporate contributor | A maintainer | A release engineer,"Verifying the origin of a patch received outside the normal workflow, while corporate policy limits which identity may sign the work.",False
OSS-10-047,02-git-and-github-practices,10-commit-signing-and-provenance,contribute,advanced,A contributor | A corporate contributor | A maintainer | A release engineer,"Rotating a signing key without breaking contributor verification, while the patch includes code copied from another licensed project.",False
OSS-10-048,02-git-and-github-practices,10-commit-signing-and-provenance,contribute,advanced,A contributor | A corporate contributor | A maintainer | A release engineer,"Rebasing commits that already contain valid sign-offs, while the CLA or DCO check reports a mismatch.",False
OSS-10-049,02-git-and-github-practices,10-commit-signing-and-provenance,contribute,advanced,A contributor | A corporate contributor | A maintainer | A release engineer,"Documenting third-party code included in a contribution, while corporate policy limits which identity may sign the work.",False
OSS-10-050,02-git-and-github-practices,10-commit-signing-and-provenance,contribute,advanced,A contributor | A corporate contributor | A maintainer | A release engineer,"Reviewing a contribution whose author and committer differ, while the patch includes code copied from another licensed project.",False
OSS-11-001,03-issues,11-issue-discovery,discover,beginner,A newcomer | A contributor | A tester | A documentation contributor,"Searching the issue tracker for an appropriate first task, while labels are used inconsistently across repositories.",True
OSS-11-002,03-issues,11-issue-discovery,discover,beginner,A newcomer | A contributor | A tester | A documentation contributor,"Filtering issues by component rather than by difficulty label, while several contributors have expressed interest without assignment.",True
OSS-11-003,03-issues,11-issue-discovery,discover,beginner,A newcomer | A contributor | A tester | A documentation contributor,"Evaluating an old open issue before starting work, while recent comments suggest the priority has changed.",True
OSS-11-004,03-issues,11-issue-discovery,discover,beginner,A newcomer | A contributor | A tester | A documentation contributor,"Looking for tasks that match a non-code skill, while labels are used inconsistently across repositories.",True
OSS-11-005,03-issues,11-issue-discovery,discover,beginner,A newcomer | A contributor | A tester | A documentation contributor,"Checking whether a reported bug is already being handled, while several contributors have expressed interest without assignment.",True
OSS-11-006,03-issues,11-issue-discovery,discover,beginner,A newcomer | A contributor | A tester | A documentation contributor,"Finding an issue connected to code they already understand, while recent comments suggest the priority has changed.",True
OSS-11-007,03-issues,11-issue-discovery,discover,beginner,A newcomer | A contributor | A tester | A documentation contributor,"Comparing a help-wanted issue with a good-first-issue, while labels are used inconsistently across repositories.",True
OSS-11-008,03-issues,11-issue-discovery,discover,beginner,A newcomer | A contributor | A tester | A documentation contributor,"Identifying untracked work mentioned in a community meeting, while several contributors have expressed interest without assignment.",True
OSS-11-009,03-issues,11-issue-discovery,discover,beginner,A newcomer | A contributor | A tester | A documentation contributor,"Searching across subproject repositories for the real issue owner, while recent comments suggest the priority has changed.",True
OSS-11-010,03-issues,11-issue-discovery,discover,beginner,A newcomer | A contributor | A tester | A documentation contributor,"Deciding whether to begin with triage instead of implementation, while labels are used inconsistently across repositories.",True
OSS-11-011,03-issues,11-issue-discovery,discover,beginner,A newcomer | A contributor | A tester | A documentation contributor,"Searching the issue tracker for an appropriate first task, while the issue description no longer matches the current code.",True
OSS-11-012,03-issues,11-issue-discovery,discover,beginner,A newcomer | A contributor | A tester | A documentation contributor,"Filtering issues by component rather than by difficulty label, while the task depends on an unresolved design discussion.",True
OSS-11-013,03-issues,11-issue-discovery,discover,beginner,A newcomer | A contributor | A tester | A documentation contributor,"Evaluating an old open issue before starting work, while the repository has many automated dependency issues.",True
OSS-11-014,03-issues,11-issue-discovery,discover,beginner,A newcomer | A contributor | A tester | A documentation contributor,"Looking for tasks that match a non-code skill, while the issue description no longer matches the current code.",True
OSS-11-015,03-issues,11-issue-discovery,discover,beginner,A newcomer | A contributor | A tester | A documentation contributor,"Checking whether a reported bug is already being handled, while the task depends on an unresolved design discussion.",True
OSS-11-016,03-issues,11-issue-discovery,discover,beginner,A newcomer | A contributor | A tester | A documentation contributor,"Finding an issue connected to code they already understand, while the repository has many automated dependency issues.",True
OSS-11-017,03-issues,11-issue-discovery,discover,beginner,A newcomer | A contributor | A tester | A documentation contributor,"Comparing a help-wanted issue with a good-first-issue, while the issue description no longer matches the current code.",True
OSS-11-018,03-issues,11-issue-discovery,discover,beginner,A newcomer | A contributor | A tester | A documentation contributor,"Identifying untracked work mentioned in a community meeting, while the task depends on an unresolved design discussion.",True
OSS-11-019,03-issues,11-issue-discovery,discover,beginner,A newcomer | A contributor | A tester | A documentation contributor,"Searching across subproject repositories for the real issue owner, while the repository has many automated dependency issues.",True
OSS-11-020,03-issues,11-issue-discovery,discover,beginner,A newcomer | A contributor | A tester | A documentation contributor,"Deciding whether to begin with triage instead of implementation, while the issue description no longer matches the current code.",True
OSS-11-021,03-issues,11-issue-discovery,discover,intermediate,A newcomer | A contributor | A tester | A documentation contributor,"Searching the issue tracker for an appropriate first task, while several contributors have expressed interest without assignment.",True
OSS-11-022,03-issues,11-issue-discovery,discover,intermediate,A newcomer | A contributor | A tester | A documentation contributor,"Filtering issues by component rather than by difficulty label, while recent comments suggest the priority has changed.",True
OSS-11-023,03-issues,11-issue-discovery,discover,intermediate,A newcomer | A contributor | A tester | A documentation contributor,"Evaluating an old open issue before starting work, while labels are used inconsistently across repositories.",True
OSS-11-024,03-issues,11-issue-discovery,discover,intermediate,A newcomer | A contributor | A tester | A documentation contributor,"Looking for tasks that match a non-code skill, while several contributors have expressed interest without assignment.",True
OSS-11-025,03-issues,11-issue-discovery,discover,intermediate,A newcomer | A contributor | A tester | A documentation contributor,"Checking whether a reported bug is already being handled, while recent comments suggest the priority has changed.",True
OSS-11-026,03-issues,11-issue-discovery,discover,intermediate,A newcomer | A contributor | A tester | A documentation contributor,"Finding an issue connected to code they already understand, while labels are used inconsistently across repositories.",True
OSS-11-027,03-issues,11-issue-discovery,discover,intermediate,A newcomer | A contributor | A tester | A documentation contributor,"Comparing a help-wanted issue with a good-first-issue, while several contributors have expressed interest without assignment.",True
OSS-11-028,03-issues,11-issue-discovery,discover,intermediate,A newcomer | A contributor | A tester | A documentation contributor,"Identifying untracked work mentioned in a community meeting, while recent comments suggest the priority has changed.",True
OSS-11-029,03-issues,11-issue-discovery,discover,intermediate,A newcomer | A contributor | A tester | A documentation contributor,"Searching across subproject repositories for the real issue owner, while labels are used inconsistently across repositories.",True
OSS-11-030,03-issues,11-issue-discovery,discover,intermediate,A newcomer | A contributor | A tester | A documentation contributor,"Deciding whether to begin with triage instead of implementation, while several contributors have expressed interest without assignment.",True
OSS-11-031,03-issues,11-issue-discovery,discover,intermediate,A newcomer | A contributor | A tester | A documentation contributor,"Searching the issue tracker for an appropriate first task, while the task depends on an unresolved design discussion.",True
OSS-11-032,03-issues,11-issue-discovery,discover,intermediate,A newcomer | A contributor | A tester | A documentation contributor,"Filtering issues by component rather than by difficulty label, while the repository has many automated dependency issues.",True
OSS-11-033,03-issues,11-issue-discovery,discover,intermediate,A newcomer | A contributor | A tester | A documentation contributor,"Evaluating an old open issue before starting work, while the issue description no longer matches the current code.",True
OSS-11-034,03-issues,11-issue-discovery,discover,intermediate,A newcomer | A contributor | A tester | A documentation contributor,"Looking for tasks that match a non-code skill, while the task depends on an unresolved design discussion.",True
OSS-11-035,03-issues,11-issue-discovery,discover,intermediate,A newcomer | A contributor | A tester | A documentation contributor,"Checking whether a reported bug is already being handled, while the repository has many automated dependency issues.",True
OSS-11-036,03-issues,11-issue-discovery,discover,intermediate,A newcomer | A contributor | A tester | A documentation contributor,"Finding an issue connected to code they already understand, while the issue description no longer matches the current code.",True
OSS-11-037,03-issues,11-issue-discovery,discover,intermediate,A newcomer | A contributor | A tester | A documentation contributor,"Comparing a help-wanted issue with a good-first-issue, while the task depends on an unresolved design discussion.",True
OSS-11-038,03-issues,11-issue-discovery,discover,intermediate,A newcomer | A contributor | A tester | A documentation contributor,"Identifying untracked work mentioned in a community meeting, while the repository has many automated dependency issues.",True
OSS-11-039,03-issues,11-issue-discovery,discover,intermediate,A newcomer | A contributor | A tester | A documentation contributor,"Searching across subproject repositories for the real issue owner, while the issue description no longer matches the current code.",True
OSS-11-040,03-issues,11-issue-discovery,discover,intermediate,A newcomer | A contributor | A tester | A documentation contributor,"Deciding whether to begin with triage instead of implementation, while the task depends on an unresolved design discussion.",True
OSS-11-041,03-issues,11-issue-discovery,discover,advanced,A newcomer | A contributor | A tester | A documentation contributor,"Searching the issue tracker for an appropriate first task, while recent comments suggest the priority has changed.",True
OSS-11-042,03-issues,11-issue-discovery,discover,advanced,A newcomer | A contributor | A tester | A documentation contributor,"Filtering issues by component rather than by difficulty label, while labels are used inconsistently across repositories.",True
OSS-11-043,03-issues,11-issue-discovery,discover,advanced,A newcomer | A contributor | A tester | A documentation contributor,"Evaluating an old open issue before starting work, while several contributors have expressed interest without assignment.",True
OSS-11-044,03-issues,11-issue-discovery,discover,advanced,A newcomer | A contributor | A tester | A documentation contributor,"Looking for tasks that match a non-code skill, while recent comments suggest the priority has changed.",True
OSS-11-045,03-issues,11-issue-discovery,discover,advanced,A newcomer | A contributor | A tester | A documentation contributor,"Checking whether a reported bug is already being handled, while labels are used inconsistently across repositories.",True
OSS-11-046,03-issues,11-issue-discovery,discover,advanced,A newcomer | A contributor | A tester | A documentation contributor,"Finding an issue connected to code they already understand, while several contributors have expressed interest without assignment.",True
OSS-11-047,03-issues,11-issue-discovery,discover,advanced,A newcomer | A contributor | A tester | A documentation contributor,"Comparing a help-wanted issue with a good-first-issue, while recent comments suggest the priority has changed.",True
OSS-11-048,03-issues,11-issue-discovery,discover,advanced,A newcomer | A contributor | A tester | A documentation contributor,"Identifying untracked work mentioned in a community meeting, while labels are used inconsistently across repositories.",True
OSS-11-049,03-issues,11-issue-discovery,discover,advanced,A newcomer | A contributor | A tester | A documentation contributor,"Searching across subproject repositories for the real issue owner, while several contributors have expressed interest without assignment.",True
OSS-11-050,03-issues,11-issue-discovery,discover,advanced,A newcomer | A contributor | A tester | A documentation contributor,"Deciding whether to begin with triage instead of implementation, while recent comments suggest the priority has changed.",True
OSS-12-001,03-issues,12-writing-and-reproducing-issues,contribute,beginner,A bug reporter | A user | A tester | A newcomer,"Reporting a crash with a minimal reproducible example, while the issue template requests information they cannot safely share.",True
OSS-12-002,03-issues,12-writing-and-reproducing-issues,contribute,beginner,A bug reporter | A user | A tester | A newcomer,"Describing behavior that differs from the documentation, while logs contain tokens, paths, or personal data.",True
OSS-12-003,03-issues,12-writing-and-reproducing-issues,contribute,beginner,A bug reporter | A user | A tester | A newcomer,"Filing a feature request based on a recurring workflow problem, while the reproduction requires a proprietary external service.",True
OSS-12-004,03-issues,12-writing-and-reproducing-issues,contribute,beginner,A bug reporter | A user | A tester | A newcomer,"Reporting a regression without knowing the exact introducing commit, while the issue template requests information they cannot safely share.",True
OSS-12-005,03-issues,12-writing-and-reproducing-issues,contribute,beginner,A bug reporter | A user | A tester | A newcomer,"Documenting an intermittent failure that appears under load, while logs contain tokens, paths, or personal data.",True
OSS-12-006,03-issues,12-writing-and-reproducing-issues,contribute,beginner,A bug reporter | A user | A tester | A newcomer,"Reporting a platform-specific bug from an uncommon environment, while the reproduction requires a proprietary external service.",True
OSS-12-007,03-issues,12-writing-and-reproducing-issues,contribute,beginner,A bug reporter | A user | A tester | A newcomer,"Converting a community-chat problem into a public issue, while the issue template requests information they cannot safely share.",True
OSS-12-008,03-issues,12-writing-and-reproducing-issues,contribute,beginner,A bug reporter | A user | A tester | A newcomer,"Separating several symptoms into independently actionable reports, while logs contain tokens, paths, or personal data.",True
OSS-12-009,03-issues,12-writing-and-reproducing-issues,contribute,beginner,A bug reporter | A user | A tester | A newcomer,"Reporting a user-interface problem with accessibility impact, while the reproduction requires a proprietary external service.",True
OSS-12-010,03-issues,12-writing-and-reproducing-issues,contribute,beginner,A bug reporter | A user | A tester | A newcomer,"Adding new evidence to an issue filed by someone else, while the issue template requests information they cannot safely share.",True
OSS-12-011,03-issues,12-writing-and-reproducing-issues,contribute,beginner,A bug reporter | A user | A tester | A newcomer,"Reporting a crash with a minimal reproducible example, while the problem disappears in the latest development build.",True
OSS-12-012,03-issues,12-writing-and-reproducing-issues,contribute,beginner,A bug reporter | A user | A tester | A newcomer,"Describing behavior that differs from the documentation, while the expected behavior is not explicitly documented.",True
OSS-12-013,03-issues,12-writing-and-reproducing-issues,contribute,beginner,A bug reporter | A user | A tester | A newcomer,"Filing a feature request based on a recurring workflow problem, while maintainers cannot reproduce the problem on their environment.",True
OSS-12-014,03-issues,12-writing-and-reproducing-issues,contribute,beginner,A bug reporter | A user | A tester | A newcomer,"Reporting a regression without knowing the exact introducing commit, while the problem disappears in the latest development build.",True
OSS-12-015,03-issues,12-writing-and-reproducing-issues,contribute,beginner,A bug reporter | A user | A tester | A newcomer,"Documenting an intermittent failure that appears under load, while the expected behavior is not explicitly documented.",True
OSS-12-016,03-issues,12-writing-and-reproducing-issues,contribute,beginner,A bug reporter | A user | A tester | A newcomer,"Reporting a platform-specific bug from an uncommon environment, while maintainers cannot reproduce the problem on their environment.",True
OSS-12-017,03-issues,12-writing-and-reproducing-issues,contribute,beginner,A bug reporter | A user | A tester | A newcomer,"Converting a community-chat problem into a public issue, while the problem disappears in the latest development build.",True
OSS-12-018,03-issues,12-writing-and-reproducing-issues,contribute,beginner,A bug reporter | A user | A tester | A newcomer,"Separating several symptoms into independently actionable reports, while the expected behavior is not explicitly documented.",True
OSS-12-019,03-issues,12-writing-and-reproducing-issues,contribute,beginner,A bug reporter | A user | A tester | A newcomer,"Reporting a user-interface problem with accessibility impact, while maintainers cannot reproduce the problem on their environment.",True
OSS-12-020,03-issues,12-writing-and-reproducing-issues,contribute,beginner,A bug reporter | A user | A tester | A newcomer,"Adding new evidence to an issue filed by someone else, while the problem disappears in the latest development build.",True
OSS-12-021,03-issues,12-writing-and-reproducing-issues,contribute,intermediate,A bug reporter | A user | A tester | A newcomer,"Reporting a crash with a minimal reproducible example, while logs contain tokens, paths, or personal data.",True
OSS-12-022,03-issues,12-writing-and-reproducing-issues,contribute,intermediate,A bug reporter | A user | A tester | A newcomer,"Describing behavior that differs from the documentation, while the reproduction requires a proprietary external service.",True
OSS-12-023,03-issues,12-writing-and-reproducing-issues,contribute,intermediate,A bug reporter | A user | A tester | A newcomer,"Filing a feature request based on a recurring workflow problem, while the issue template requests information they cannot safely share.",True
OSS-12-024,03-issues,12-writing-and-reproducing-issues,contribute,intermediate,A bug reporter | A user | A tester | A newcomer,"Reporting a regression without knowing the exact introducing commit, while logs contain tokens, paths, or personal data.",True
OSS-12-025,03-issues,12-writing-and-reproducing-issues,contribute,intermediate,A bug reporter | A user | A tester | A newcomer,"Documenting an intermittent failure that appears under load, while the reproduction requires a proprietary external service.",True
OSS-12-026,03-issues,12-writing-and-reproducing-issues,contribute,intermediate,A bug reporter | A user | A tester | A newcomer,"Reporting a platform-specific bug from an uncommon environment, while the issue template requests information they cannot safely share.",True
OSS-12-027,03-issues,12-writing-and-reproducing-issues,contribute,intermediate,A bug reporter | A user | A tester | A newcomer,"Converting a community-chat problem into a public issue, while logs contain tokens, paths, or personal data.",True
OSS-12-028,03-issues,12-writing-and-reproducing-issues,contribute,intermediate,A bug reporter | A user | A tester | A newcomer,"Separating several symptoms into independently actionable reports, while the reproduction requires a proprietary external service.",True
OSS-12-029,03-issues,12-writing-and-reproducing-issues,contribute,intermediate,A bug reporter | A user | A tester | A newcomer,"Reporting a user-interface problem with accessibility impact, while the issue template requests information they cannot safely share.",True
OSS-12-030,03-issues,12-writing-and-reproducing-issues,contribute,intermediate,A bug reporter | A user | A tester | A newcomer,"Adding new evidence to an issue filed by someone else, while logs contain tokens, paths, or personal data.",True
OSS-12-031,03-issues,12-writing-and-reproducing-issues,contribute,intermediate,A bug reporter | A user | A tester | A newcomer,"Reporting a crash with a minimal reproducible example, while the expected behavior is not explicitly documented.",True
OSS-12-032,03-issues,12-writing-and-reproducing-issues,contribute,intermediate,A bug reporter | A user | A tester | A newcomer,"Describing behavior that differs from the documentation, while maintainers cannot reproduce the problem on their environment.",True
OSS-12-033,03-issues,12-writing-and-reproducing-issues,contribute,intermediate,A bug reporter | A user | A tester | A newcomer,"Filing a feature request based on a recurring workflow problem, while the problem disappears in the latest development build.",True
OSS-12-034,03-issues,12-writing-and-reproducing-issues,contribute,intermediate,A bug reporter | A user | A tester | A newcomer,"Reporting a regression without knowing the exact introducing commit, while the expected behavior is not explicitly documented.",True
OSS-12-035,03-issues,12-writing-and-reproducing-issues,contribute,intermediate,A bug reporter | A user | A tester | A newcomer,"Documenting an intermittent failure that appears under load, while maintainers cannot reproduce the problem on their environment.",True
OSS-12-036,03-issues,12-writing-and-reproducing-issues,contribute,intermediate,A bug reporter | A user | A tester | A newcomer,"Reporting a platform-specific bug from an uncommon environment, while the problem disappears in the latest development build.",True
OSS-12-037,03-issues,12-writing-and-reproducing-issues,contribute,intermediate,A bug reporter | A user | A tester | A newcomer,"Converting a community-chat problem into a public issue, while the expected behavior is not explicitly documented.",True
OSS-12-038,03-issues,12-writing-and-reproducing-issues,contribute,intermediate,A bug reporter | A user | A tester | A newcomer,"Separating several symptoms into independently actionable reports, while maintainers cannot reproduce the problem on their environment.",True
OSS-12-039,03-issues,12-writing-and-reproducing-issues,contribute,intermediate,A bug reporter | A user | A tester | A newcomer,"Reporting a user-interface problem with accessibility impact, while the problem disappears in the latest development build.",True
OSS-12-040,03-issues,12-writing-and-reproducing-issues,contribute,intermediate,A bug reporter | A user | A tester | A newcomer,"Adding new evidence to an issue filed by someone else, while the expected behavior is not explicitly documented.",True
OSS-12-041,03-issues,12-writing-and-reproducing-issues,contribute,advanced,A bug reporter | A user | A tester | A newcomer,"Reporting a crash with a minimal reproducible example, while the reproduction requires a proprietary external service.",True
OSS-12-042,03-issues,12-writing-and-reproducing-issues,contribute,advanced,A bug reporter | A user | A tester | A newcomer,"Describing behavior that differs from the documentation, while the issue template requests information they cannot safely share.",True
OSS-12-043,03-issues,12-writing-and-reproducing-issues,contribute,advanced,A bug reporter | A user | A tester | A newcomer,"Filing a feature request based on a recurring workflow problem, while logs contain tokens, paths, or personal data.",True
OSS-12-044,03-issues,12-writing-and-reproducing-issues,contribute,advanced,A bug reporter | A user | A tester | A newcomer,"Reporting a regression without knowing the exact introducing commit, while the reproduction requires a proprietary external service.",True
OSS-12-045,03-issues,12-writing-and-reproducing-issues,contribute,advanced,A bug reporter | A user | A tester | A newcomer,"Documenting an intermittent failure that appears under load, while the issue template requests information they cannot safely share.",True
OSS-12-046,03-issues,12-writing-and-reproducing-issues,contribute,advanced,A bug reporter | A user | A tester | A newcomer,"Reporting a platform-specific bug from an uncommon environment, while logs contain tokens, paths, or personal data.",True
OSS-12-047,03-issues,12-writing-and-reproducing-issues,contribute,advanced,A bug reporter | A user | A tester | A newcomer,"Converting a community-chat problem into a public issue, while the reproduction requires a proprietary external service.",True
OSS-12-048,03-issues,12-writing-and-reproducing-issues,contribute,advanced,A bug reporter | A user | A tester | A newcomer,"Separating several symptoms into independently actionable reports, while the issue template requests information they cannot safely share.",True
OSS-12-049,03-issues,12-writing-and-reproducing-issues,contribute,advanced,A bug reporter | A user | A tester | A newcomer,"Reporting a user-interface problem with accessibility impact, while logs contain tokens, paths, or personal data.",True
OSS-12-050,03-issues,12-writing-and-reproducing-issues,contribute,advanced,A bug reporter | A user | A tester | A newcomer,"Adding new evidence to an issue filed by someone else, while the reproduction requires a proprietary external service.",True
OSS-13-001,03-issues,13-issue-assignment-and-takeover,contribute,beginner,A newcomer | An assigned contributor | A second contributor | A maintainer,"Asking to work on an unassigned issue, while the project has no written assignment policy.",True
OSS-13-002,03-issues,13-issue-assignment-and-takeover,contribute,beginner,A newcomer | An assigned contributor | A second contributor | A maintainer,"Self-assigning an issue in a repository that supports command-based assignment, while the assignee has been inactive for several weeks.",True
OSS-13-003,03-issues,13-issue-assignment-and-takeover,contribute,beginner,A newcomer | An assigned contributor | A second contributor | A maintainer,"Checking whether an apparently assigned issue is still active, while the existing branch contains useful but incomplete work.",True
OSS-13-004,03-issues,13-issue-assignment-and-takeover,contribute,beginner,A newcomer | An assigned contributor | A second contributor | A maintainer,"Coordinating with someone already working on the same task, while the project has no written assignment policy.",True
OSS-13-005,03-issues,13-issue-assignment-and-takeover,contribute,beginner,A newcomer | An assigned contributor | A second contributor | A maintainer,"Releasing an assigned issue after losing available time, while the assignee has been inactive for several weeks.",True
OSS-13-006,03-issues,13-issue-assignment-and-takeover,contribute,beginner,A newcomer | An assigned contributor | A second contributor | A maintainer,"Taking over work from a contributor who requested help, while the existing branch contains useful but incomplete work.",True
OSS-13-007,03-issues,13-issue-assignment-and-takeover,contribute,beginner,A newcomer | An assigned contributor | A second contributor | A maintainer,"Requesting reassignment of a stale issue, while the project has no written assignment policy.",True
OSS-13-008,03-issues,13-issue-assignment-and-takeover,contribute,beginner,A newcomer | An assigned contributor | A second contributor | A maintainer,"Dividing a broad issue between multiple contributors, while the assignee has been inactive for several weeks.",True
OSS-13-009,03-issues,13-issue-assignment-and-takeover,contribute,beginner,A newcomer | An assigned contributor | A second contributor | A maintainer,"Returning to an issue after their assignment was removed, while the existing branch contains useful but incomplete work.",True
OSS-13-010,03-issues,13-issue-assignment-and-takeover,contribute,beginner,A newcomer | An assigned contributor | A second contributor | A maintainer,"Handling an issue where multiple people claimed work simultaneously, while the project has no written assignment policy.",True
OSS-13-011,03-issues,13-issue-assignment-and-takeover,contribute,beginner,A newcomer | An assigned contributor | A second contributor | A maintainer,"Asking to work on an unassigned issue, while a comment expressed interest but did not reserve the task.",True
OSS-13-012,03-issues,13-issue-assignment-and-takeover,contribute,beginner,A newcomer | An assigned contributor | A second contributor | A maintainer,"Self-assigning an issue in a repository that supports command-based assignment, while maintainers have not confirmed who should proceed.",True
OSS-13-013,03-issues,13-issue-assignment-and-takeover,contribute,beginner,A newcomer | An assigned contributor | A second contributor | A maintainer,"Checking whether an apparently assigned issue is still active, while the issue affects a deadline-sensitive release.",True
OSS-13-014,03-issues,13-issue-assignment-and-takeover,contribute,beginner,A newcomer | An assigned contributor | A second contributor | A maintainer,"Coordinating with someone already working on the same task, while a comment expressed interest but did not reserve the task.",True
OSS-13-015,03-issues,13-issue-assignment-and-takeover,contribute,beginner,A newcomer | An assigned contributor | A second contributor | A maintainer,"Releasing an assigned issue after losing available time, while maintainers have not confirmed who should proceed.",True
OSS-13-016,03-issues,13-issue-assignment-and-takeover,contribute,beginner,A newcomer | An assigned contributor | A second contributor | A maintainer,"Taking over work from a contributor who requested help, while the issue affects a deadline-sensitive release.",True
OSS-13-017,03-issues,13-issue-assignment-and-takeover,contribute,beginner,A newcomer | An assigned contributor | A second contributor | A maintainer,"Requesting reassignment of a stale issue, while a comment expressed interest but did not reserve the task.",True
OSS-13-018,03-issues,13-issue-assignment-and-takeover,contribute,beginner,A newcomer | An assigned contributor | A second contributor | A maintainer,"Dividing a broad issue between multiple contributors, while maintainers have not confirmed who should proceed.",True
OSS-13-019,03-issues,13-issue-assignment-and-takeover,contribute,beginner,A newcomer | An assigned contributor | A second contributor | A maintainer,"Returning to an issue after their assignment was removed, while the issue affects a deadline-sensitive release.",True
OSS-13-020,03-issues,13-issue-assignment-and-takeover,contribute,beginner,A newcomer | An assigned contributor | A second contributor | A maintainer,"Handling an issue where multiple people claimed work simultaneously, while a comment expressed interest but did not reserve the task.",True
OSS-13-021,03-issues,13-issue-assignment-and-takeover,contribute,intermediate,A newcomer | An assigned contributor | A second contributor | A maintainer,"Asking to work on an unassigned issue, while the assignee has been inactive for several weeks.",True
OSS-13-022,03-issues,13-issue-assignment-and-takeover,contribute,intermediate,A newcomer | An assigned contributor | A second contributor | A maintainer,"Self-assigning an issue in a repository that supports command-based assignment, while the existing branch contains useful but incomplete work.",True
OSS-13-023,03-issues,13-issue-assignment-and-takeover,contribute,intermediate,A newcomer | An assigned contributor | A second contributor | A maintainer,"Checking whether an apparently assigned issue is still active, while the project has no written assignment policy.",True
OSS-13-024,03-issues,13-issue-assignment-and-takeover,contribute,intermediate,A newcomer | An assigned contributor | A second contributor | A maintainer,"Coordinating with someone already working on the same task, while the assignee has been inactive for several weeks.",True
OSS-13-025,03-issues,13-issue-assignment-and-takeover,contribute,intermediate,A newcomer | An assigned contributor | A second contributor | A maintainer,"Releasing an assigned issue after losing available time, while the existing branch contains useful but incomplete work.",True
OSS-13-026,03-issues,13-issue-assignment-and-takeover,contribute,intermediate,A newcomer | An assigned contributor | A second contributor | A maintainer,"Taking over work from a contributor who requested help, while the project has no written assignment policy.",True
OSS-13-027,03-issues,13-issue-assignment-and-takeover,contribute,intermediate,A newcomer | An assigned contributor | A second contributor | A maintainer,"Requesting reassignment of a stale issue, while the assignee has been inactive for several weeks.",True
OSS-13-028,03-issues,13-issue-assignment-and-takeover,contribute,intermediate,A newcomer | An assigned contributor | A second contributor | A maintainer,"Dividing a broad issue between multiple contributors, while the existing branch contains useful but incomplete work.",True
OSS-13-029,03-issues,13-issue-assignment-and-takeover,contribute,intermediate,A newcomer | An assigned contributor | A second contributor | A maintainer,"Returning to an issue after their assignment was removed, while the project has no written assignment policy.",True
OSS-13-030,03-issues,13-issue-assignment-and-takeover,contribute,intermediate,A newcomer | An assigned contributor | A second contributor | A maintainer,"Handling an issue where multiple people claimed work simultaneously, while the assignee has been inactive for several weeks.",True
OSS-13-031,03-issues,13-issue-assignment-and-takeover,contribute,intermediate,A newcomer | An assigned contributor | A second contributor | A maintainer,"Asking to work on an unassigned issue, while maintainers have not confirmed who should proceed.",True
OSS-13-032,03-issues,13-issue-assignment-and-takeover,contribute,intermediate,A newcomer | An assigned contributor | A second contributor | A maintainer,"Self-assigning an issue in a repository that supports command-based assignment, while the issue affects a deadline-sensitive release.",True
OSS-13-033,03-issues,13-issue-assignment-and-takeover,contribute,intermediate,A newcomer | An assigned contributor | A second contributor | A maintainer,"Checking whether an apparently assigned issue is still active, while a comment expressed interest but did not reserve the task.",True
OSS-13-034,03-issues,13-issue-assignment-and-takeover,contribute,intermediate,A newcomer | An assigned contributor | A second contributor | A maintainer,"Coordinating with someone already working on the same task, while maintainers have not confirmed who should proceed.",True
OSS-13-035,03-issues,13-issue-assignment-and-takeover,contribute,intermediate,A newcomer | An assigned contributor | A second contributor | A maintainer,"Releasing an assigned issue after losing available time, while the issue affects a deadline-sensitive release.",True
OSS-13-036,03-issues,13-issue-assignment-and-takeover,contribute,intermediate,A newcomer | An assigned contributor | A second contributor | A maintainer,"Taking over work from a contributor who requested help, while a comment expressed interest but did not reserve the task.",True
OSS-13-037,03-issues,13-issue-assignment-and-takeover,contribute,intermediate,A newcomer | An assigned contributor | A second contributor | A maintainer,"Requesting reassignment of a stale issue, while maintainers have not confirmed who should proceed.",True
OSS-13-038,03-issues,13-issue-assignment-and-takeover,contribute,intermediate,A newcomer | An assigned contributor | A second contributor | A maintainer,"Dividing a broad issue between multiple contributors, while the issue affects a deadline-sensitive release.",True
OSS-13-039,03-issues,13-issue-assignment-and-takeover,contribute,intermediate,A newcomer | An assigned contributor | A second contributor | A maintainer,"Returning to an issue after their assignment was removed, while a comment expressed interest but did not reserve the task.",True
OSS-13-040,03-issues,13-issue-assignment-and-takeover,contribute,intermediate,A newcomer | An assigned contributor | A second contributor | A maintainer,"Handling an issue where multiple people claimed work simultaneously, while maintainers have not confirmed who should proceed.",True
OSS-13-041,03-issues,13-issue-assignment-and-takeover,contribute,advanced,A newcomer | An assigned contributor | A second contributor | A maintainer,"Asking to work on an unassigned issue, while the existing branch contains useful but incomplete work.",True
OSS-13-042,03-issues,13-issue-assignment-and-takeover,contribute,advanced,A newcomer | An assigned contributor | A second contributor | A maintainer,"Self-assigning an issue in a repository that supports command-based assignment, while the project has no written assignment policy.",True
OSS-13-043,03-issues,13-issue-assignment-and-takeover,contribute,advanced,A newcomer | An assigned contributor | A second contributor | A maintainer,"Checking whether an apparently assigned issue is still active, while the assignee has been inactive for several weeks.",True
OSS-13-044,03-issues,13-issue-assignment-and-takeover,contribute,advanced,A newcomer | An assigned contributor | A second contributor | A maintainer,"Coordinating with someone already working on the same task, while the existing branch contains useful but incomplete work.",True
OSS-13-045,03-issues,13-issue-assignment-and-takeover,contribute,advanced,A newcomer | An assigned contributor | A second contributor | A maintainer,"Releasing an assigned issue after losing available time, while the project has no written assignment policy.",True
OSS-13-046,03-issues,13-issue-assignment-and-takeover,contribute,advanced,A newcomer | An assigned contributor | A second contributor | A maintainer,"Taking over work from a contributor who requested help, while the assignee has been inactive for several weeks.",True
OSS-13-047,03-issues,13-issue-assignment-and-takeover,contribute,advanced,A newcomer | An assigned contributor | A second contributor | A maintainer,"Requesting reassignment of a stale issue, while the existing branch contains useful but incomplete work.",True
OSS-13-048,03-issues,13-issue-assignment-and-takeover,contribute,advanced,A newcomer | An assigned contributor | A second contributor | A maintainer,"Dividing a broad issue between multiple contributors, while the project has no written assignment policy.",True
OSS-13-049,03-issues,13-issue-assignment-and-takeover,contribute,advanced,A newcomer | An assigned contributor | A second contributor | A maintainer,"Returning to an issue after their assignment was removed, while the assignee has been inactive for several weeks.",True
OSS-13-050,03-issues,13-issue-assignment-and-takeover,contribute,advanced,A newcomer | An assigned contributor | A second contributor | A maintainer,"Handling an issue where multiple people claimed work simultaneously, while the existing branch contains useful but incomplete work.",True
OSS-14-001,03-issues,14-issue-triage-labels-and-duplicates,collaborate,beginner,A triager | A maintainer | A contributor | A support volunteer,"Classifying a new issue whose type is unclear, while label definitions differ across subprojects.",False
OSS-14-002,03-issues,14-issue-triage-labels-and-duplicates,collaborate,beginner,A triager | A maintainer | A contributor | A support volunteer,"Marking two reports as related without losing unique evidence, while the same symptom may have multiple root causes.",False
OSS-14-003,03-issues,14-issue-triage-labels-and-duplicates,collaborate,beginner,A triager | A maintainer | A contributor | A support volunteer,"Identifying the best canonical issue among several duplicates, while the affected version is already out of support.",False
OSS-14-004,03-issues,14-issue-triage-labels-and-duplicates,collaborate,beginner,A triager | A maintainer | A contributor | A support volunteer,"Requesting missing reproduction details from a reporter, while label definitions differ across subprojects.",False
OSS-14-005,03-issues,14-issue-triage-labels-and-duplicates,collaborate,beginner,A triager | A maintainer | A contributor | A support volunteer,"Moving an issue to the repository that owns the affected component, while the same symptom may have multiple root causes.",False
OSS-14-006,03-issues,14-issue-triage-labels-and-duplicates,collaborate,beginner,A triager | A maintainer | A contributor | A support volunteer,"Deciding whether an issue is a question, bug, or feature request, while the affected version is already out of support.",False
OSS-14-007,03-issues,14-issue-triage-labels-and-duplicates,collaborate,beginner,A triager | A maintainer | A contributor | A support volunteer,"Applying priority labels when user impact is uncertain, while label definitions differ across subprojects.",False
OSS-14-008,03-issues,14-issue-triage-labels-and-duplicates,collaborate,beginner,A triager | A maintainer | A contributor | A support volunteer,"Closing an issue whose behavior is intentional but undocumented, while the same symptom may have multiple root causes.",False
OSS-14-009,03-issues,14-issue-triage-labels-and-duplicates,collaborate,beginner,A triager | A maintainer | A contributor | A support volunteer,"Reopening a previously closed issue after new evidence appears, while the affected version is already out of support.",False
OSS-14-010,03-issues,14-issue-triage-labels-and-duplicates,collaborate,beginner,A triager | A maintainer | A contributor | A support volunteer,"Linking a broad tracking issue to smaller implementation tasks, while label definitions differ across subprojects.",False
OSS-14-011,03-issues,14-issue-triage-labels-and-duplicates,collaborate,beginner,A triager | A maintainer | A contributor | A support volunteer,"Classifying a new issue whose type is unclear, while the reporter disagrees with the triage decision.",False
OSS-14-012,03-issues,14-issue-triage-labels-and-duplicates,collaborate,beginner,A triager | A maintainer | A contributor | A support volunteer,"Marking two reports as related without losing unique evidence, while the issue includes both support questions and a valid defect.",False
OSS-14-013,03-issues,14-issue-triage-labels-and-duplicates,collaborate,beginner,A triager | A maintainer | A contributor | A support volunteer,"Identifying the best canonical issue among several duplicates, while automation applied labels that conflict with human assessment.",False
OSS-14-014,03-issues,14-issue-triage-labels-and-duplicates,collaborate,beginner,A triager | A maintainer | A contributor | A support volunteer,"Requesting missing reproduction details from a reporter, while the reporter disagrees with the triage decision.",False
OSS-14-015,03-issues,14-issue-triage-labels-and-duplicates,collaborate,beginner,A triager | A maintainer | A contributor | A support volunteer,"Moving an issue to the repository that owns the affected component, while the issue includes both support questions and a valid defect.",False
OSS-14-016,03-issues,14-issue-triage-labels-and-duplicates,collaborate,beginner,A triager | A maintainer | A contributor | A support volunteer,"Deciding whether an issue is a question, bug, or feature request, while automation applied labels that conflict with human assessment.",False
OSS-14-017,03-issues,14-issue-triage-labels-and-duplicates,collaborate,beginner,A triager | A maintainer | A contributor | A support volunteer,"Applying priority labels when user impact is uncertain, while the reporter disagrees with the triage decision.",False
OSS-14-018,03-issues,14-issue-triage-labels-and-duplicates,collaborate,beginner,A triager | A maintainer | A contributor | A support volunteer,"Closing an issue whose behavior is intentional but undocumented, while the issue includes both support questions and a valid defect.",False
OSS-14-019,03-issues,14-issue-triage-labels-and-duplicates,collaborate,beginner,A triager | A maintainer | A contributor | A support volunteer,"Reopening a previously closed issue after new evidence appears, while automation applied labels that conflict with human assessment.",False
OSS-14-020,03-issues,14-issue-triage-labels-and-duplicates,collaborate,beginner,A triager | A maintainer | A contributor | A support volunteer,"Linking a broad tracking issue to smaller implementation tasks, while the reporter disagrees with the triage decision.",False
OSS-14-021,03-issues,14-issue-triage-labels-and-duplicates,collaborate,intermediate,A triager | A maintainer | A contributor | A support volunteer,"Classifying a new issue whose type is unclear, while the same symptom may have multiple root causes.",False
OSS-14-022,03-issues,14-issue-triage-labels-and-duplicates,collaborate,intermediate,A triager | A maintainer | A contributor | A support volunteer,"Marking two reports as related without losing unique evidence, while the affected version is already out of support.",False
OSS-14-023,03-issues,14-issue-triage-labels-and-duplicates,collaborate,intermediate,A triager | A maintainer | A contributor | A support volunteer,"Identifying the best canonical issue among several duplicates, while label definitions differ across subprojects.",False
OSS-14-024,03-issues,14-issue-triage-labels-and-duplicates,collaborate,intermediate,A triager | A maintainer | A contributor | A support volunteer,"Requesting missing reproduction details from a reporter, while the same symptom may have multiple root causes.",False
OSS-14-025,03-issues,14-issue-triage-labels-and-duplicates,collaborate,intermediate,A triager | A maintainer | A contributor | A support volunteer,"Moving an issue to the repository that owns the affected component, while the affected version is already out of support.",False
OSS-14-026,03-issues,14-issue-triage-labels-and-duplicates,collaborate,intermediate,A triager | A maintainer | A contributor | A support volunteer,"Deciding whether an issue is a question, bug, or feature request, while label definitions differ across subprojects.",False
OSS-14-027,03-issues,14-issue-triage-labels-and-duplicates,collaborate,intermediate,A triager | A maintainer | A contributor | A support volunteer,"Applying priority labels when user impact is uncertain, while the same symptom may have multiple root causes.",False
OSS-14-028,03-issues,14-issue-triage-labels-and-duplicates,collaborate,intermediate,A triager | A maintainer | A contributor | A support volunteer,"Closing an issue whose behavior is intentional but undocumented, while the affected version is already out of support.",False
OSS-14-029,03-issues,14-issue-triage-labels-and-duplicates,collaborate,intermediate,A triager | A maintainer | A contributor | A support volunteer,"Reopening a previously closed issue after new evidence appears, while label definitions differ across subprojects.",False
OSS-14-030,03-issues,14-issue-triage-labels-and-duplicates,collaborate,intermediate,A triager | A maintainer | A contributor | A support volunteer,"Linking a broad tracking issue to smaller implementation tasks, while the same symptom may have multiple root causes.",False
OSS-14-031,03-issues,14-issue-triage-labels-and-duplicates,collaborate,intermediate,A triager | A maintainer | A contributor | A support volunteer,"Classifying a new issue whose type is unclear, while the issue includes both support questions and a valid defect.",False
OSS-14-032,03-issues,14-issue-triage-labels-and-duplicates,collaborate,intermediate,A triager | A maintainer | A contributor | A support volunteer,"Marking two reports as related without losing unique evidence, while automation applied labels that conflict with human assessment.",False
OSS-14-033,03-issues,14-issue-triage-labels-and-duplicates,collaborate,intermediate,A triager | A maintainer | A contributor | A support volunteer,"Identifying the best canonical issue among several duplicates, while the reporter disagrees with the triage decision.",False
OSS-14-034,03-issues,14-issue-triage-labels-and-duplicates,collaborate,intermediate,A triager | A maintainer | A contributor | A support volunteer,"Requesting missing reproduction details from a reporter, while the issue includes both support questions and a valid defect.",False
OSS-14-035,03-issues,14-issue-triage-labels-and-duplicates,collaborate,intermediate,A triager | A maintainer | A contributor | A support volunteer,"Moving an issue to the repository that owns the affected component, while automation applied labels that conflict with human assessment.",False
OSS-14-036,03-issues,14-issue-triage-labels-and-duplicates,collaborate,intermediate,A triager | A maintainer | A contributor | A support volunteer,"Deciding whether an issue is a question, bug, or feature request, while the reporter disagrees with the triage decision.",False
OSS-14-037,03-issues,14-issue-triage-labels-and-duplicates,collaborate,intermediate,A triager | A maintainer | A contributor | A support volunteer,"Applying priority labels when user impact is uncertain, while the issue includes both support questions and a valid defect.",False
OSS-14-038,03-issues,14-issue-triage-labels-and-duplicates,collaborate,intermediate,A triager | A maintainer | A contributor | A support volunteer,"Closing an issue whose behavior is intentional but undocumented, while automation applied labels that conflict with human assessment.",False
OSS-14-039,03-issues,14-issue-triage-labels-and-duplicates,collaborate,intermediate,A triager | A maintainer | A contributor | A support volunteer,"Reopening a previously closed issue after new evidence appears, while the reporter disagrees with the triage decision.",False
OSS-14-040,03-issues,14-issue-triage-labels-and-duplicates,collaborate,intermediate,A triager | A maintainer | A contributor | A support volunteer,"Linking a broad tracking issue to smaller implementation tasks, while the issue includes both support questions and a valid defect.",False
OSS-14-041,03-issues,14-issue-triage-labels-and-duplicates,collaborate,advanced,A triager | A maintainer | A contributor | A support volunteer,"Classifying a new issue whose type is unclear, while the affected version is already out of support.",False
OSS-14-042,03-issues,14-issue-triage-labels-and-duplicates,collaborate,advanced,A triager | A maintainer | A contributor | A support volunteer,"Marking two reports as related without losing unique evidence, while label definitions differ across subprojects.",False
OSS-14-043,03-issues,14-issue-triage-labels-and-duplicates,collaborate,advanced,A triager | A maintainer | A contributor | A support volunteer,"Identifying the best canonical issue among several duplicates, while the same symptom may have multiple root causes.",False
OSS-14-044,03-issues,14-issue-triage-labels-and-duplicates,collaborate,advanced,A triager | A maintainer | A contributor | A support volunteer,"Requesting missing reproduction details from a reporter, while the affected version is already out of support.",False
OSS-14-045,03-issues,14-issue-triage-labels-and-duplicates,collaborate,advanced,A triager | A maintainer | A contributor | A support volunteer,"Moving an issue to the repository that owns the affected component, while label definitions differ across subprojects.",False
OSS-14-046,03-issues,14-issue-triage-labels-and-duplicates,collaborate,advanced,A triager | A maintainer | A contributor | A support volunteer,"Deciding whether an issue is a question, bug, or feature request, while the same symptom may have multiple root causes.",False
OSS-14-047,03-issues,14-issue-triage-labels-and-duplicates,collaborate,advanced,A triager | A maintainer | A contributor | A support volunteer,"Applying priority labels when user impact is uncertain, while the affected version is already out of support.",False
OSS-14-048,03-issues,14-issue-triage-labels-and-duplicates,collaborate,advanced,A triager | A maintainer | A contributor | A support volunteer,"Closing an issue whose behavior is intentional but undocumented, while label definitions differ across subprojects.",False
OSS-14-049,03-issues,14-issue-triage-labels-and-duplicates,collaborate,advanced,A triager | A maintainer | A contributor | A support volunteer,"Reopening a previously closed issue after new evidence appears, while the same symptom may have multiple root causes.",False
OSS-14-050,03-issues,14-issue-triage-labels-and-duplicates,collaborate,advanced,A triager | A maintainer | A contributor | A support volunteer,"Linking a broad tracking issue to smaller implementation tasks, while the affected version is already out of support.",False
OSS-15-001,03-issues,15-design-discussions-and-proposals,collaborate,beginner,A contributor | A feature proposer | A maintainer | A working-group participant,"Proposing a behavior change before writing implementation code, while the project has several overlapping proposal formats.",True
OSS-15-002,03-issues,15-design-discussions-and-proposals,collaborate,beginner,A contributor | A feature proposer | A maintainer | A working-group participant,"Turning a large feature idea into a reviewable design document, while no maintainer has committed to owning the feature.",True
OSS-15-003,03-issues,15-design-discussions-and-proposals,collaborate,beginner,A contributor | A feature proposer | A maintainer | A working-group participant,"Comparing two technically valid approaches with different tradeoffs, while discussion is split between chat, issues, and mailing lists.",True
OSS-15-004,03-issues,15-design-discussions-and-proposals,collaborate,beginner,A contributor | A feature proposer | A maintainer | A working-group participant,"Gathering use cases for a change that affects several components, while the project has several overlapping proposal formats.",True
OSS-15-005,03-issues,15-design-discussions-and-proposals,collaborate,beginner,A contributor | A feature proposer | A maintainer | A working-group participant,"Revising a proposal after maintainers reject its original scope, while no maintainer has committed to owning the feature.",True
OSS-15-006,03-issues,15-design-discussions-and-proposals,collaborate,beginner,A contributor | A feature proposer | A maintainer | A working-group participant,"Identifying stakeholders for a cross-project interface change, while discussion is split between chat, issues, and mailing lists.",True
OSS-15-007,03-issues,15-design-discussions-and-proposals,collaborate,beginner,A contributor | A feature proposer | A maintainer | A working-group participant,"Proposing removal of a long-standing but problematic behavior, while the project has several overlapping proposal formats.",True
OSS-15-008,03-issues,15-design-discussions-and-proposals,collaborate,beginner,A contributor | A feature proposer | A maintainer | A working-group participant,"Recording a decision reached during a synchronous meeting, while no maintainer has committed to owning the feature.",True
OSS-15-009,03-issues,15-design-discussions-and-proposals,collaborate,beginner,A contributor | A feature proposer | A maintainer | A working-group participant,"Reviving an old proposal after the project architecture changes, while discussion is split between chat, issues, and mailing lists.",True
OSS-15-010,03-issues,15-design-discussions-and-proposals,collaborate,beginner,A contributor | A feature proposer | A maintainer | A working-group participant,"Separating an experimental idea from a committed roadmap item, while the project has several overlapping proposal formats.",True
OSS-15-011,03-issues,15-design-discussions-and-proposals,collaborate,beginner,A contributor | A feature proposer | A maintainer | A working-group participant,"Proposing a behavior change before writing implementation code, while key reviewers disagree about the underlying problem.",True
OSS-15-012,03-issues,15-design-discussions-and-proposals,collaborate,beginner,A contributor | A feature proposer | A maintainer | A working-group participant,"Turning a large feature idea into a reviewable design document, while the proposal requires long-term compatibility guarantees.",True
OSS-15-013,03-issues,15-design-discussions-and-proposals,collaborate,beginner,A contributor | A feature proposer | A maintainer | A working-group participant,"Comparing two technically valid approaches with different tradeoffs, while the implementation effort is larger than originally estimated.",True
OSS-15-014,03-issues,15-design-discussions-and-proposals,collaborate,beginner,A contributor | A feature proposer | A maintainer | A working-group participant,"Gathering use cases for a change that affects several components, while key reviewers disagree about the underlying problem.",True
OSS-15-015,03-issues,15-design-discussions-and-proposals,collaborate,beginner,A contributor | A feature proposer | A maintainer | A working-group participant,"Revising a proposal after maintainers reject its original scope, while the proposal requires long-term compatibility guarantees.",True
OSS-15-016,03-issues,15-design-discussions-and-proposals,collaborate,beginner,A contributor | A feature proposer | A maintainer | A working-group participant,"Identifying stakeholders for a cross-project interface change, while the implementation effort is larger than originally estimated.",True
OSS-15-017,03-issues,15-design-discussions-and-proposals,collaborate,beginner,A contributor | A feature proposer | A maintainer | A working-group participant,"Proposing removal of a long-standing but problematic behavior, while key reviewers disagree about the underlying problem.",True
OSS-15-018,03-issues,15-design-discussions-and-proposals,collaborate,beginner,A contributor | A feature proposer | A maintainer | A working-group participant,"Recording a decision reached during a synchronous meeting, while the proposal requires long-term compatibility guarantees.",True
OSS-15-019,03-issues,15-design-discussions-and-proposals,collaborate,beginner,A contributor | A feature proposer | A maintainer | A working-group participant,"Reviving an old proposal after the project architecture changes, while the implementation effort is larger than originally estimated.",True
OSS-15-020,03-issues,15-design-discussions-and-proposals,collaborate,beginner,A contributor | A feature proposer | A maintainer | A working-group participant,"Separating an experimental idea from a committed roadmap item, while key reviewers disagree about the underlying problem.",True
OSS-15-021,03-issues,15-design-discussions-and-proposals,collaborate,intermediate,A contributor | A feature proposer | A maintainer | A working-group participant,"Proposing a behavior change before writing implementation code, while no maintainer has committed to owning the feature.",True
OSS-15-022,03-issues,15-design-discussions-and-proposals,collaborate,intermediate,A contributor | A feature proposer | A maintainer | A working-group participant,"Turning a large feature idea into a reviewable design document, while discussion is split between chat, issues, and mailing lists.",True
OSS-15-023,03-issues,15-design-discussions-and-proposals,collaborate,intermediate,A contributor | A feature proposer | A maintainer | A working-group participant,"Comparing two technically valid approaches with different tradeoffs, while the project has several overlapping proposal formats.",True
OSS-15-024,03-issues,15-design-discussions-and-proposals,collaborate,intermediate,A contributor | A feature proposer | A maintainer | A working-group participant,"Gathering use cases for a change that affects several components, while no maintainer has committed to owning the feature.",True
OSS-15-025,03-issues,15-design-discussions-and-proposals,collaborate,intermediate,A contributor | A feature proposer | A maintainer | A working-group participant,"Revising a proposal after maintainers reject its original scope, while discussion is split between chat, issues, and mailing lists.",True
OSS-15-026,03-issues,15-design-discussions-and-proposals,collaborate,intermediate,A contributor | A feature proposer | A maintainer | A working-group participant,"Identifying stakeholders for a cross-project interface change, while the project has several overlapping proposal formats.",True
OSS-15-027,03-issues,15-design-discussions-and-proposals,collaborate,intermediate,A contributor | A feature proposer | A maintainer | A working-group participant,"Proposing removal of a long-standing but problematic behavior, while no maintainer has committed to owning the feature.",True
OSS-15-028,03-issues,15-design-discussions-and-proposals,collaborate,intermediate,A contributor | A feature proposer | A maintainer | A working-group participant,"Recording a decision reached during a synchronous meeting, while discussion is split between chat, issues, and mailing lists.",True
OSS-15-029,03-issues,15-design-discussions-and-proposals,collaborate,intermediate,A contributor | A feature proposer | A maintainer | A working-group participant,"Reviving an old proposal after the project architecture changes, while the project has several overlapping proposal formats.",True
OSS-15-030,03-issues,15-design-discussions-and-proposals,collaborate,intermediate,A contributor | A feature proposer | A maintainer | A working-group participant,"Separating an experimental idea from a committed roadmap item, while no maintainer has committed to owning the feature.",True
OSS-15-031,03-issues,15-design-discussions-and-proposals,collaborate,intermediate,A contributor | A feature proposer | A maintainer | A working-group participant,"Proposing a behavior change before writing implementation code, while the proposal requires long-term compatibility guarantees.",True
OSS-15-032,03-issues,15-design-discussions-and-proposals,collaborate,intermediate,A contributor | A feature proposer | A maintainer | A working-group participant,"Turning a large feature idea into a reviewable design document, while the implementation effort is larger than originally estimated.",True
OSS-15-033,03-issues,15-design-discussions-and-proposals,collaborate,intermediate,A contributor | A feature proposer | A maintainer | A working-group participant,"Comparing two technically valid approaches with different tradeoffs, while key reviewers disagree about the underlying problem.",True
OSS-15-034,03-issues,15-design-discussions-and-proposals,collaborate,intermediate,A contributor | A feature proposer | A maintainer | A working-group participant,"Gathering use cases for a change that affects several components, while the proposal requires long-term compatibility guarantees.",True
OSS-15-035,03-issues,15-design-discussions-and-proposals,collaborate,intermediate,A contributor | A feature proposer | A maintainer | A working-group participant,"Revising a proposal after maintainers reject its original scope, while the implementation effort is larger than originally estimated.",True
OSS-15-036,03-issues,15-design-discussions-and-proposals,collaborate,intermediate,A contributor | A feature proposer | A maintainer | A working-group participant,"Identifying stakeholders for a cross-project interface change, while key reviewers disagree about the underlying problem.",True
OSS-15-037,03-issues,15-design-discussions-and-proposals,collaborate,intermediate,A contributor | A feature proposer | A maintainer | A working-group participant,"Proposing removal of a long-standing but problematic behavior, while the proposal requires long-term compatibility guarantees.",True
OSS-15-038,03-issues,15-design-discussions-and-proposals,collaborate,intermediate,A contributor | A feature proposer | A maintainer | A working-group participant,"Recording a decision reached during a synchronous meeting, while the implementation effort is larger than originally estimated.",True
OSS-15-039,03-issues,15-design-discussions-and-proposals,collaborate,intermediate,A contributor | A feature proposer | A maintainer | A working-group participant,"Reviving an old proposal after the project architecture changes, while key reviewers disagree about the underlying problem.",True
OSS-15-040,03-issues,15-design-discussions-and-proposals,collaborate,intermediate,A contributor | A feature proposer | A maintainer | A working-group participant,"Separating an experimental idea from a committed roadmap item, while the proposal requires long-term compatibility guarantees.",True
OSS-15-041,03-issues,15-design-discussions-and-proposals,collaborate,advanced,A contributor | A feature proposer | A maintainer | A working-group participant,"Proposing a behavior change before writing implementation code, while discussion is split between chat, issues, and mailing lists.",True
OSS-15-042,03-issues,15-design-discussions-and-proposals,collaborate,advanced,A contributor | A feature proposer | A maintainer | A working-group participant,"Turning a large feature idea into a reviewable design document, while the project has several overlapping proposal formats.",True
OSS-15-043,03-issues,15-design-discussions-and-proposals,collaborate,advanced,A contributor | A feature proposer | A maintainer | A working-group participant,"Comparing two technically valid approaches with different tradeoffs, while no maintainer has committed to owning the feature.",True
OSS-15-044,03-issues,15-design-discussions-and-proposals,collaborate,advanced,A contributor | A feature proposer | A maintainer | A working-group participant,"Gathering use cases for a change that affects several components, while discussion is split between chat, issues, and mailing lists.",True
OSS-15-045,03-issues,15-design-discussions-and-proposals,collaborate,advanced,A contributor | A feature proposer | A maintainer | A working-group participant,"Revising a proposal after maintainers reject its original scope, while the project has several overlapping proposal formats.",True
OSS-15-046,03-issues,15-design-discussions-and-proposals,collaborate,advanced,A contributor | A feature proposer | A maintainer | A working-group participant,"Identifying stakeholders for a cross-project interface change, while no maintainer has committed to owning the feature.",True
OSS-15-047,03-issues,15-design-discussions-and-proposals,collaborate,advanced,A contributor | A feature proposer | A maintainer | A working-group participant,"Proposing removal of a long-standing but problematic behavior, while discussion is split between chat, issues, and mailing lists.",True
OSS-15-048,03-issues,15-design-discussions-and-proposals,collaborate,advanced,A contributor | A feature proposer | A maintainer | A working-group participant,"Recording a decision reached during a synchronous meeting, while the project has several overlapping proposal formats.",True
OSS-15-049,03-issues,15-design-discussions-and-proposals,collaborate,advanced,A contributor | A feature proposer | A maintainer | A working-group participant,"Reviving an old proposal after the project architecture changes, while no maintainer has committed to owning the feature.",True
OSS-15-050,03-issues,15-design-discussions-and-proposals,collaborate,advanced,A contributor | A feature proposer | A maintainer | A working-group participant,"Separating an experimental idea from a committed roadmap item, while discussion is split between chat, issues, and mailing lists.",True
OSS-16-001,03-issues,16-stalled-issues-and-no-response,collaborate,beginner,An issue reporter | An assigned contributor | A newcomer | A maintainer,"Waiting for confirmation that a reported issue is valid, while maintainers are active elsewhere but not on this issue.",True
OSS-16-002,03-issues,16-stalled-issues-and-no-response,collaborate,beginner,An issue reporter | An assigned contributor | A newcomer | A maintainer,"Following up after an issue receives no maintainer response, while multiple polite follow-ups already exist.",True
OSS-16-003,03-issues,16-stalled-issues-and-no-response,collaborate,beginner,An issue reporter | An assigned contributor | A newcomer | A maintainer,"Checking whether a stale-labeled issue still matters, while the original reporter is no longer available.",True
OSS-16-004,03-issues,16-stalled-issues-and-no-response,collaborate,beginner,An issue reporter | An assigned contributor | A newcomer | A maintainer,"Continuing investigation while ownership remains unclear, while maintainers are active elsewhere but not on this issue.",True
OSS-16-005,03-issues,16-stalled-issues-and-no-response,collaborate,beginner,An issue reporter | An assigned contributor | A newcomer | A maintainer,"Asking whether an issue can be reassigned after inactivity, while multiple polite follow-ups already exist.",True
OSS-16-006,03-issues,16-stalled-issues-and-no-response,collaborate,beginner,An issue reporter | An assigned contributor | A newcomer | A maintainer,"Deciding whether to close an issue that cannot be reproduced, while the original reporter is no longer available.",True
OSS-16-007,03-issues,16-stalled-issues-and-no-response,collaborate,beginner,An issue reporter | An assigned contributor | A newcomer | A maintainer,"Returning to a task after the original discussion stopped, while maintainers are active elsewhere but not on this issue.",True
OSS-16-008,03-issues,16-stalled-issues-and-no-response,collaborate,beginner,An issue reporter | An assigned contributor | A newcomer | A maintainer,"Requesting a priority decision for an issue blocking other work, while multiple polite follow-ups already exist.",True
OSS-16-009,03-issues,16-stalled-issues-and-no-response,collaborate,beginner,An issue reporter | An assigned contributor | A newcomer | A maintainer,"Handling an issue whose maintainer response is repeatedly postponed, while the original reporter is no longer available.",True
OSS-16-010,03-issues,16-stalled-issues-and-no-response,collaborate,beginner,An issue reporter | An assigned contributor | A newcomer | A maintainer,"Documenting progress on an issue during a long external dependency wait, while maintainers are active elsewhere but not on this issue.",True
OSS-16-011,03-issues,16-stalled-issues-and-no-response,collaborate,beginner,An issue reporter | An assigned contributor | A newcomer | A maintainer,"Waiting for confirmation that a reported issue is valid, while the project publishes no expected response time.",True
OSS-16-012,03-issues,16-stalled-issues-and-no-response,collaborate,beginner,An issue reporter | An assigned contributor | A newcomer | A maintainer,"Following up after an issue receives no maintainer response, while the issue affects only an older supported release.",True
OSS-16-013,03-issues,16-stalled-issues-and-no-response,collaborate,beginner,An issue reporter | An assigned contributor | A newcomer | A maintainer,"Checking whether a stale-labeled issue still matters, while a bot may close the issue automatically due to inactivity.",True
OSS-16-014,03-issues,16-stalled-issues-and-no-response,collaborate,beginner,An issue reporter | An assigned contributor | A newcomer | A maintainer,"Continuing investigation while ownership remains unclear, while the project publishes no expected response time.",True
OSS-16-015,03-issues,16-stalled-issues-and-no-response,collaborate,beginner,An issue reporter | An assigned contributor | A newcomer | A maintainer,"Asking whether an issue can be reassigned after inactivity, while the issue affects only an older supported release.",True
OSS-16-016,03-issues,16-stalled-issues-and-no-response,collaborate,beginner,An issue reporter | An assigned contributor | A newcomer | A maintainer,"Deciding whether to close an issue that cannot be reproduced, while a bot may close the issue automatically due to inactivity.",True
OSS-16-017,03-issues,16-stalled-issues-and-no-response,collaborate,beginner,An issue reporter | An assigned contributor | A newcomer | A maintainer,"Returning to a task after the original discussion stopped, while the project publishes no expected response time.",True
OSS-16-018,03-issues,16-stalled-issues-and-no-response,collaborate,beginner,An issue reporter | An assigned contributor | A newcomer | A maintainer,"Requesting a priority decision for an issue blocking other work, while the issue affects only an older supported release.",True
OSS-16-019,03-issues,16-stalled-issues-and-no-response,collaborate,beginner,An issue reporter | An assigned contributor | A newcomer | A maintainer,"Handling an issue whose maintainer response is repeatedly postponed, while a bot may close the issue automatically due to inactivity.",True
OSS-16-020,03-issues,16-stalled-issues-and-no-response,collaborate,beginner,An issue reporter | An assigned contributor | A newcomer | A maintainer,"Documenting progress on an issue during a long external dependency wait, while the project publishes no expected response time.",True
OSS-16-021,03-issues,16-stalled-issues-and-no-response,collaborate,intermediate,An issue reporter | An assigned contributor | A newcomer | A maintainer,"Waiting for confirmation that a reported issue is valid, while multiple polite follow-ups already exist.",True
OSS-16-022,03-issues,16-stalled-issues-and-no-response,collaborate,intermediate,An issue reporter | An assigned contributor | A newcomer | A maintainer,"Following up after an issue receives no maintainer response, while the original reporter is no longer available.",True
OSS-16-023,03-issues,16-stalled-issues-and-no-response,collaborate,intermediate,An issue reporter | An assigned contributor | A newcomer | A maintainer,"Checking whether a stale-labeled issue still matters, while maintainers are active elsewhere but not on this issue.",True
OSS-16-024,03-issues,16-stalled-issues-and-no-response,collaborate,intermediate,An issue reporter | An assigned contributor | A newcomer | A maintainer,"Continuing investigation while ownership remains unclear, while multiple polite follow-ups already exist.",True
OSS-16-025,03-issues,16-stalled-issues-and-no-response,collaborate,intermediate,An issue reporter | An assigned contributor | A newcomer | A maintainer,"Asking whether an issue can be reassigned after inactivity, while the original reporter is no longer available.",True
OSS-16-026,03-issues,16-stalled-issues-and-no-response,collaborate,intermediate,An issue reporter | An assigned contributor | A newcomer | A maintainer,"Deciding whether to close an issue that cannot be reproduced, while maintainers are active elsewhere but not on this issue.",True
OSS-16-027,03-issues,16-stalled-issues-and-no-response,collaborate,intermediate,An issue reporter | An assigned contributor | A newcomer | A maintainer,"Returning to a task after the original discussion stopped, while multiple polite follow-ups already exist.",True
OSS-16-028,03-issues,16-stalled-issues-and-no-response,collaborate,intermediate,An issue reporter | An assigned contributor | A newcomer | A maintainer,"Requesting a priority decision for an issue blocking other work, while the original reporter is no longer available.",True
OSS-16-029,03-issues,16-stalled-issues-and-no-response,collaborate,intermediate,An issue reporter | An assigned contributor | A newcomer | A maintainer,"Handling an issue whose maintainer response is repeatedly postponed, while maintainers are active elsewhere but not on this issue.",True
OSS-16-030,03-issues,16-stalled-issues-and-no-response,collaborate,intermediate,An issue reporter | An assigned contributor | A newcomer | A maintainer,"Documenting progress on an issue during a long external dependency wait, while multiple polite follow-ups already exist.",True
OSS-16-031,03-issues,16-stalled-issues-and-no-response,collaborate,intermediate,An issue reporter | An assigned contributor | A newcomer | A maintainer,"Waiting for confirmation that a reported issue is valid, while the issue affects only an older supported release.",True
OSS-16-032,03-issues,16-stalled-issues-and-no-response,collaborate,intermediate,An issue reporter | An assigned contributor | A newcomer | A maintainer,"Following up after an issue receives no maintainer response, while a bot may close the issue automatically due to inactivity.",True
OSS-16-033,03-issues,16-stalled-issues-and-no-response,collaborate,intermediate,An issue reporter | An assigned contributor | A newcomer | A maintainer,"Checking whether a stale-labeled issue still matters, while the project publishes no expected response time.",True
OSS-16-034,03-issues,16-stalled-issues-and-no-response,collaborate,intermediate,An issue reporter | An assigned contributor | A newcomer | A maintainer,"Continuing investigation while ownership remains unclear, while the issue affects only an older supported release.",True
OSS-16-035,03-issues,16-stalled-issues-and-no-response,collaborate,intermediate,An issue reporter | An assigned contributor | A newcomer | A maintainer,"Asking whether an issue can be reassigned after inactivity, while a bot may close the issue automatically due to inactivity.",True
OSS-16-036,03-issues,16-stalled-issues-and-no-response,collaborate,intermediate,An issue reporter | An assigned contributor | A newcomer | A maintainer,"Deciding whether to close an issue that cannot be reproduced, while the project publishes no expected response time.",True
OSS-16-037,03-issues,16-stalled-issues-and-no-response,collaborate,intermediate,An issue reporter | An assigned contributor | A newcomer | A maintainer,"Returning to a task after the original discussion stopped, while the issue affects only an older supported release.",True
OSS-16-038,03-issues,16-stalled-issues-and-no-response,collaborate,intermediate,An issue reporter | An assigned contributor | A newcomer | A maintainer,"Requesting a priority decision for an issue blocking other work, while a bot may close the issue automatically due to inactivity.",True
OSS-16-039,03-issues,16-stalled-issues-and-no-response,collaborate,intermediate,An issue reporter | An assigned contributor | A newcomer | A maintainer,"Handling an issue whose maintainer response is repeatedly postponed, while the project publishes no expected response time.",True
OSS-16-040,03-issues,16-stalled-issues-and-no-response,collaborate,intermediate,An issue reporter | An assigned contributor | A newcomer | A maintainer,"Documenting progress on an issue during a long external dependency wait, while the issue affects only an older supported release.",True
OSS-16-041,03-issues,16-stalled-issues-and-no-response,collaborate,advanced,An issue reporter | An assigned contributor | A newcomer | A maintainer,"Waiting for confirmation that a reported issue is valid, while the original reporter is no longer available.",True
OSS-16-042,03-issues,16-stalled-issues-and-no-response,collaborate,advanced,An issue reporter | An assigned contributor | A newcomer | A maintainer,"Following up after an issue receives no maintainer response, while maintainers are active elsewhere but not on this issue.",True
OSS-16-043,03-issues,16-stalled-issues-and-no-response,collaborate,advanced,An issue reporter | An assigned contributor | A newcomer | A maintainer,"Checking whether a stale-labeled issue still matters, while multiple polite follow-ups already exist.",True
OSS-16-044,03-issues,16-stalled-issues-and-no-response,collaborate,advanced,An issue reporter | An assigned contributor | A newcomer | A maintainer,"Continuing investigation while ownership remains unclear, while the original reporter is no longer available.",True
OSS-16-045,03-issues,16-stalled-issues-and-no-response,collaborate,advanced,An issue reporter | An assigned contributor | A newcomer | A maintainer,"Asking whether an issue can be reassigned after inactivity, while maintainers are active elsewhere but not on this issue.",True
OSS-16-046,03-issues,16-stalled-issues-and-no-response,collaborate,advanced,An issue reporter | An assigned contributor | A newcomer | A maintainer,"Deciding whether to close an issue that cannot be reproduced, while multiple polite follow-ups already exist.",True
OSS-16-047,03-issues,16-stalled-issues-and-no-response,collaborate,advanced,An issue reporter | An assigned contributor | A newcomer | A maintainer,"Returning to a task after the original discussion stopped, while the original reporter is no longer available.",True
OSS-16-048,03-issues,16-stalled-issues-and-no-response,collaborate,advanced,An issue reporter | An assigned contributor | A newcomer | A maintainer,"Requesting a priority decision for an issue blocking other work, while maintainers are active elsewhere but not on this issue.",True
OSS-16-049,03-issues,16-stalled-issues-and-no-response,collaborate,advanced,An issue reporter | An assigned contributor | A newcomer | A maintainer,"Handling an issue whose maintainer response is repeatedly postponed, while multiple polite follow-ups already exist.",True
OSS-16-050,03-issues,16-stalled-issues-and-no-response,collaborate,advanced,An issue reporter | An assigned contributor | A newcomer | A maintainer,"Documenting progress on an issue during a long external dependency wait, while the original reporter is no longer available.",True
OSS-17-001,04-pull-requests,17-pull-request-preparation,contribute,beginner,A contributor | A newcomer | A documentation writer | A test contributor,"Preparing a pull request after completing an assigned issue, while the repository has multiple contribution guides.",True
OSS-17-002,04-pull-requests,17-pull-request-preparation,contribute,beginner,A contributor | A newcomer | A documentation writer | A test contributor,"Deciding whether to open a draft pull request for early feedback, while the issue scope changed during implementation.",True
OSS-17-003,04-pull-requests,17-pull-request-preparation,contribute,beginner,A contributor | A newcomer | A documentation writer | A test contributor,"Checking project requirements before publishing a branch, while the patch touches code owned by several teams.",True
OSS-17-004,04-pull-requests,17-pull-request-preparation,contribute,beginner,A contributor | A newcomer | A documentation writer | A test contributor,"Reducing a broad change to the smallest reviewable patch, while the repository has multiple contribution guides.",True
OSS-17-005,04-pull-requests,17-pull-request-preparation,contribute,beginner,A contributor | A newcomer | A documentation writer | A test contributor,"Separating refactoring from a user-visible behavior fix, while the issue scope changed during implementation.",True
OSS-17-006,04-pull-requests,17-pull-request-preparation,contribute,beginner,A contributor | A newcomer | A documentation writer | A test contributor,"Verifying generated files before including them in a pull request, while the patch touches code owned by several teams.",True
OSS-17-007,04-pull-requests,17-pull-request-preparation,contribute,beginner,A contributor | A newcomer | A documentation writer | A test contributor,"Preparing evidence that a change fixes the reported problem, while the repository has multiple contribution guides.",True
OSS-17-008,04-pull-requests,17-pull-request-preparation,contribute,beginner,A contributor | A newcomer | A documentation writer | A test contributor,"Checking whether documentation must change with the implementation, while the issue scope changed during implementation.",True
OSS-17-009,04-pull-requests,17-pull-request-preparation,contribute,beginner,A contributor | A newcomer | A documentation writer | A test contributor,"Selecting the correct base branch for a maintenance fix, while the patch touches code owned by several teams.",True
OSS-17-010,04-pull-requests,17-pull-request-preparation,contribute,beginner,A contributor | A newcomer | A documentation writer | A test contributor,"Requesting review from the owners of affected files, while the repository has multiple contribution guides.",True
OSS-17-011,04-pull-requests,17-pull-request-preparation,contribute,beginner,A contributor | A newcomer | A documentation writer | A test contributor,"Preparing a pull request after completing an assigned issue, while local tests pass but required remote checks are unknown.",True
OSS-17-012,04-pull-requests,17-pull-request-preparation,contribute,beginner,A contributor | A newcomer | A documentation writer | A test contributor,"Deciding whether to open a draft pull request for early feedback, while the branch contains exploratory commits and temporary files.",True
OSS-17-013,04-pull-requests,17-pull-request-preparation,contribute,beginner,A contributor | A newcomer | A documentation writer | A test contributor,"Checking project requirements before publishing a branch, while the contributor cannot run the entire test suite locally.",True
OSS-17-014,04-pull-requests,17-pull-request-preparation,contribute,beginner,A contributor | A newcomer | A documentation writer | A test contributor,"Reducing a broad change to the smallest reviewable patch, while local tests pass but required remote checks are unknown.",True
OSS-17-015,04-pull-requests,17-pull-request-preparation,contribute,beginner,A contributor | A newcomer | A documentation writer | A test contributor,"Separating refactoring from a user-visible behavior fix, while the branch contains exploratory commits and temporary files.",True
OSS-17-016,04-pull-requests,17-pull-request-preparation,contribute,beginner,A contributor | A newcomer | A documentation writer | A test contributor,"Verifying generated files before including them in a pull request, while the contributor cannot run the entire test suite locally.",True
OSS-17-017,04-pull-requests,17-pull-request-preparation,contribute,beginner,A contributor | A newcomer | A documentation writer | A test contributor,"Preparing evidence that a change fixes the reported problem, while local tests pass but required remote checks are unknown.",True
OSS-17-018,04-pull-requests,17-pull-request-preparation,contribute,beginner,A contributor | A newcomer | A documentation writer | A test contributor,"Checking whether documentation must change with the implementation, while the branch contains exploratory commits and temporary files.",True
OSS-17-019,04-pull-requests,17-pull-request-preparation,contribute,beginner,A contributor | A newcomer | A documentation writer | A test contributor,"Selecting the correct base branch for a maintenance fix, while the contributor cannot run the entire test suite locally.",True
OSS-17-020,04-pull-requests,17-pull-request-preparation,contribute,beginner,A contributor | A newcomer | A documentation writer | A test contributor,"Requesting review from the owners of affected files, while local tests pass but required remote checks are unknown.",True
OSS-17-021,04-pull-requests,17-pull-request-preparation,contribute,intermediate,A contributor | A newcomer | A documentation writer | A test contributor,"Preparing a pull request after completing an assigned issue, while the issue scope changed during implementation.",True
OSS-17-022,04-pull-requests,17-pull-request-preparation,contribute,intermediate,A contributor | A newcomer | A documentation writer | A test contributor,"Deciding whether to open a draft pull request for early feedback, while the patch touches code owned by several teams.",True
OSS-17-023,04-pull-requests,17-pull-request-preparation,contribute,intermediate,A contributor | A newcomer | A documentation writer | A test contributor,"Checking project requirements before publishing a branch, while the repository has multiple contribution guides.",True
OSS-17-024,04-pull-requests,17-pull-request-preparation,contribute,intermediate,A contributor | A newcomer | A documentation writer | A test contributor,"Reducing a broad change to the smallest reviewable patch, while the issue scope changed during implementation.",True
OSS-17-025,04-pull-requests,17-pull-request-preparation,contribute,intermediate,A contributor | A newcomer | A documentation writer | A test contributor,"Separating refactoring from a user-visible behavior fix, while the patch touches code owned by several teams.",True
OSS-17-026,04-pull-requests,17-pull-request-preparation,contribute,intermediate,A contributor | A newcomer | A documentation writer | A test contributor,"Verifying generated files before including them in a pull request, while the repository has multiple contribution guides.",True
OSS-17-027,04-pull-requests,17-pull-request-preparation,contribute,intermediate,A contributor | A newcomer | A documentation writer | A test contributor,"Preparing evidence that a change fixes the reported problem, while the issue scope changed during implementation.",True
OSS-17-028,04-pull-requests,17-pull-request-preparation,contribute,intermediate,A contributor | A newcomer | A documentation writer | A test contributor,"Checking whether documentation must change with the implementation, while the patch touches code owned by several teams.",True
OSS-17-029,04-pull-requests,17-pull-request-preparation,contribute,intermediate,A contributor | A newcomer | A documentation writer | A test contributor,"Selecting the correct base branch for a maintenance fix, while the repository has multiple contribution guides.",True
OSS-17-030,04-pull-requests,17-pull-request-preparation,contribute,intermediate,A contributor | A newcomer | A documentation writer | A test contributor,"Requesting review from the owners of affected files, while the issue scope changed during implementation.",True
OSS-17-031,04-pull-requests,17-pull-request-preparation,contribute,intermediate,A contributor | A newcomer | A documentation writer | A test contributor,"Preparing a pull request after completing an assigned issue, while the branch contains exploratory commits and temporary files.",True
OSS-17-032,04-pull-requests,17-pull-request-preparation,contribute,intermediate,A contributor | A newcomer | A documentation writer | A test contributor,"Deciding whether to open a draft pull request for early feedback, while the contributor cannot run the entire test suite locally.",True
OSS-17-033,04-pull-requests,17-pull-request-preparation,contribute,intermediate,A contributor | A newcomer | A documentation writer | A test contributor,"Checking project requirements before publishing a branch, while local tests pass but required remote checks are unknown.",True
OSS-17-034,04-pull-requests,17-pull-request-preparation,contribute,intermediate,A contributor | A newcomer | A documentation writer | A test contributor,"Reducing a broad change to the smallest reviewable patch, while the branch contains exploratory commits and temporary files.",True
OSS-17-035,04-pull-requests,17-pull-request-preparation,contribute,intermediate,A contributor | A newcomer | A documentation writer | A test contributor,"Separating refactoring from a user-visible behavior fix, while the contributor cannot run the entire test suite locally.",True
OSS-17-036,04-pull-requests,17-pull-request-preparation,contribute,intermediate,A contributor | A newcomer | A documentation writer | A test contributor,"Verifying generated files before including them in a pull request, while local tests pass but required remote checks are unknown.",True
OSS-17-037,04-pull-requests,17-pull-request-preparation,contribute,intermediate,A contributor | A newcomer | A documentation writer | A test contributor,"Preparing evidence that a change fixes the reported problem, while the branch contains exploratory commits and temporary files.",True
OSS-17-038,04-pull-requests,17-pull-request-preparation,contribute,intermediate,A contributor | A newcomer | A documentation writer | A test contributor,"Checking whether documentation must change with the implementation, while the contributor cannot run the entire test suite locally.",True
OSS-17-039,04-pull-requests,17-pull-request-preparation,contribute,intermediate,A contributor | A newcomer | A documentation writer | A test contributor,"Selecting the correct base branch for a maintenance fix, while local tests pass but required remote checks are unknown.",True
OSS-17-040,04-pull-requests,17-pull-request-preparation,contribute,intermediate,A contributor | A newcomer | A documentation writer | A test contributor,"Requesting review from the owners of affected files, while the branch contains exploratory commits and temporary files.",True
OSS-17-041,04-pull-requests,17-pull-request-preparation,contribute,advanced,A contributor | A newcomer | A documentation writer | A test contributor,"Preparing a pull request after completing an assigned issue, while the patch touches code owned by several teams.",True
OSS-17-042,04-pull-requests,17-pull-request-preparation,contribute,advanced,A contributor | A newcomer | A documentation writer | A test contributor,"Deciding whether to open a draft pull request for early feedback, while the repository has multiple contribution guides.",True
OSS-17-043,04-pull-requests,17-pull-request-preparation,contribute,advanced,A contributor | A newcomer | A documentation writer | A test contributor,"Checking project requirements before publishing a branch, while the issue scope changed during implementation.",True
OSS-17-044,04-pull-requests,17-pull-request-preparation,contribute,advanced,A contributor | A newcomer | A documentation writer | A test contributor,"Reducing a broad change to the smallest reviewable patch, while the patch touches code owned by several teams.",True
OSS-17-045,04-pull-requests,17-pull-request-preparation,contribute,advanced,A contributor | A newcomer | A documentation writer | A test contributor,"Separating refactoring from a user-visible behavior fix, while the repository has multiple contribution guides.",True
OSS-17-046,04-pull-requests,17-pull-request-preparation,contribute,advanced,A contributor | A newcomer | A documentation writer | A test contributor,"Verifying generated files before including them in a pull request, while the issue scope changed during implementation.",True
OSS-17-047,04-pull-requests,17-pull-request-preparation,contribute,advanced,A contributor | A newcomer | A documentation writer | A test contributor,"Preparing evidence that a change fixes the reported problem, while the patch touches code owned by several teams.",True
OSS-17-048,04-pull-requests,17-pull-request-preparation,contribute,advanced,A contributor | A newcomer | A documentation writer | A test contributor,"Checking whether documentation must change with the implementation, while the repository has multiple contribution guides.",True
OSS-17-049,04-pull-requests,17-pull-request-preparation,contribute,advanced,A contributor | A newcomer | A documentation writer | A test contributor,"Selecting the correct base branch for a maintenance fix, while the issue scope changed during implementation.",True
OSS-17-050,04-pull-requests,17-pull-request-preparation,contribute,advanced,A contributor | A newcomer | A documentation writer | A test contributor,"Requesting review from the owners of affected files, while the patch touches code owned by several teams.",True
OSS-18-001,04-pull-requests,18-pull-request-description-and-evidence,contribute,beginner,A contributor | A reviewer | A bug fixer | A feature author,"Writing a pull request description that explains why the change exists, while the template asks for sections that do not apply.",True
OSS-18-002,04-pull-requests,18-pull-request-description-and-evidence,contribute,beginner,A contributor | A reviewer | A bug fixer | A feature author,"Linking a pull request to the issue it resolves, while screenshots could expose private environment details.",True
OSS-18-003,04-pull-requests,18-pull-request-description-and-evidence,contribute,beginner,A contributor | A reviewer | A bug fixer | A feature author,"Showing before-and-after behavior for a user-facing fix, while reviewers joined after several rounds of discussion.",True
OSS-18-004,04-pull-requests,18-pull-request-description-and-evidence,contribute,beginner,A contributor | A reviewer | A bug fixer | A feature author,"Documenting tests for a change that is difficult to reproduce, while the template asks for sections that do not apply.",True
OSS-18-005,04-pull-requests,18-pull-request-description-and-evidence,contribute,beginner,A contributor | A reviewer | A bug fixer | A feature author,"Describing known limitations of a partial implementation, while screenshots could expose private environment details.",True
OSS-18-006,04-pull-requests,18-pull-request-description-and-evidence,contribute,beginner,A contributor | A reviewer | A bug fixer | A feature author,"Explaining a change whose code diff is small but impact is broad, while reviewers joined after several rounds of discussion.",True
OSS-18-007,04-pull-requests,18-pull-request-description-and-evidence,contribute,beginner,A contributor | A reviewer | A bug fixer | A feature author,"Recording manual verification for a platform-specific patch, while the template asks for sections that do not apply.",True
OSS-18-008,04-pull-requests,18-pull-request-description-and-evidence,contribute,beginner,A contributor | A reviewer | A bug fixer | A feature author,"Updating the description after the implementation direction changes, while screenshots could expose private environment details.",True
OSS-18-009,04-pull-requests,18-pull-request-description-and-evidence,contribute,beginner,A contributor | A reviewer | A bug fixer | A feature author,"Disclosing generated or AI-assisted portions of a contribution, while reviewers joined after several rounds of discussion.",True
OSS-18-010,04-pull-requests,18-pull-request-description-and-evidence,contribute,beginner,A contributor | A reviewer | A bug fixer | A feature author,"Summarizing several commits as one coherent reviewer narrative, while the template asks for sections that do not apply.",True
OSS-18-011,04-pull-requests,18-pull-request-description-and-evidence,contribute,beginner,A contributor | A reviewer | A bug fixer | A feature author,"Writing a pull request description that explains why the change exists, while the linked issue contains outdated acceptance criteria.",True
OSS-18-012,04-pull-requests,18-pull-request-description-and-evidence,contribute,beginner,A contributor | A reviewer | A bug fixer | A feature author,"Linking a pull request to the issue it resolves, while the behavior change cannot be demonstrated with a simple test.",True
OSS-18-013,04-pull-requests,18-pull-request-description-and-evidence,contribute,beginner,A contributor | A reviewer | A bug fixer | A feature author,"Showing before-and-after behavior for a user-facing fix, while the pull request intentionally addresses only part of the issue.",True
OSS-18-014,04-pull-requests,18-pull-request-description-and-evidence,contribute,beginner,A contributor | A reviewer | A bug fixer | A feature author,"Documenting tests for a change that is difficult to reproduce, while the linked issue contains outdated acceptance criteria.",True
OSS-18-015,04-pull-requests,18-pull-request-description-and-evidence,contribute,beginner,A contributor | A reviewer | A bug fixer | A feature author,"Describing known limitations of a partial implementation, while the behavior change cannot be demonstrated with a simple test.",True
OSS-18-016,04-pull-requests,18-pull-request-description-and-evidence,contribute,beginner,A contributor | A reviewer | A bug fixer | A feature author,"Explaining a change whose code diff is small but impact is broad, while the pull request intentionally addresses only part of the issue.",True
OSS-18-017,04-pull-requests,18-pull-request-description-and-evidence,contribute,beginner,A contributor | A reviewer | A bug fixer | A feature author,"Recording manual verification for a platform-specific patch, while the linked issue contains outdated acceptance criteria.",True
OSS-18-018,04-pull-requests,18-pull-request-description-and-evidence,contribute,beginner,A contributor | A reviewer | A bug fixer | A feature author,"Updating the description after the implementation direction changes, while the behavior change cannot be demonstrated with a simple test.",True
OSS-18-019,04-pull-requests,18-pull-request-description-and-evidence,contribute,beginner,A contributor | A reviewer | A bug fixer | A feature author,"Disclosing generated or AI-assisted portions of a contribution, while the pull request intentionally addresses only part of the issue.",True
OSS-18-020,04-pull-requests,18-pull-request-description-and-evidence,contribute,beginner,A contributor | A reviewer | A bug fixer | A feature author,"Summarizing several commits as one coherent reviewer narrative, while the linked issue contains outdated acceptance criteria.",True
OSS-18-021,04-pull-requests,18-pull-request-description-and-evidence,contribute,intermediate,A contributor | A reviewer | A bug fixer | A feature author,"Writing a pull request description that explains why the change exists, while screenshots could expose private environment details.",True
OSS-18-022,04-pull-requests,18-pull-request-description-and-evidence,contribute,intermediate,A contributor | A reviewer | A bug fixer | A feature author,"Linking a pull request to the issue it resolves, while reviewers joined after several rounds of discussion.",True
OSS-18-023,04-pull-requests,18-pull-request-description-and-evidence,contribute,intermediate,A contributor | A reviewer | A bug fixer | A feature author,"Showing before-and-after behavior for a user-facing fix, while the template asks for sections that do not apply.",True
OSS-18-024,04-pull-requests,18-pull-request-description-and-evidence,contribute,intermediate,A contributor | A reviewer | A bug fixer | A feature author,"Documenting tests for a change that is difficult to reproduce, while screenshots could expose private environment details.",True
OSS-18-025,04-pull-requests,18-pull-request-description-and-evidence,contribute,intermediate,A contributor | A reviewer | A bug fixer | A feature author,"Describing known limitations of a partial implementation, while reviewers joined after several rounds of discussion.",True
OSS-18-026,04-pull-requests,18-pull-request-description-and-evidence,contribute,intermediate,A contributor | A reviewer | A bug fixer | A feature author,"Explaining a change whose code diff is small but impact is broad, while the template asks for sections that do not apply.",True
OSS-18-027,04-pull-requests,18-pull-request-description-and-evidence,contribute,intermediate,A contributor | A reviewer | A bug fixer | A feature author,"Recording manual verification for a platform-specific patch, while screenshots could expose private environment details.",True
OSS-18-028,04-pull-requests,18-pull-request-description-and-evidence,contribute,intermediate,A contributor | A reviewer | A bug fixer | A feature author,"Updating the description after the implementation direction changes, while reviewers joined after several rounds of discussion.",True
OSS-18-029,04-pull-requests,18-pull-request-description-and-evidence,contribute,intermediate,A contributor | A reviewer | A bug fixer | A feature author,"Disclosing generated or AI-assisted portions of a contribution, while the template asks for sections that do not apply.",True
OSS-18-030,04-pull-requests,18-pull-request-description-and-evidence,contribute,intermediate,A contributor | A reviewer | A bug fixer | A feature author,"Summarizing several commits as one coherent reviewer narrative, while screenshots could expose private environment details.",True
OSS-18-031,04-pull-requests,18-pull-request-description-and-evidence,contribute,intermediate,A contributor | A reviewer | A bug fixer | A feature author,"Writing a pull request description that explains why the change exists, while the behavior change cannot be demonstrated with a simple test.",True
OSS-18-032,04-pull-requests,18-pull-request-description-and-evidence,contribute,intermediate,A contributor | A reviewer | A bug fixer | A feature author,"Linking a pull request to the issue it resolves, while the pull request intentionally addresses only part of the issue.",True
OSS-18-033,04-pull-requests,18-pull-request-description-and-evidence,contribute,intermediate,A contributor | A reviewer | A bug fixer | A feature author,"Showing before-and-after behavior for a user-facing fix, while the linked issue contains outdated acceptance criteria.",True
OSS-18-034,04-pull-requests,18-pull-request-description-and-evidence,contribute,intermediate,A contributor | A reviewer | A bug fixer | A feature author,"Documenting tests for a change that is difficult to reproduce, while the behavior change cannot be demonstrated with a simple test.",True
OSS-18-035,04-pull-requests,18-pull-request-description-and-evidence,contribute,intermediate,A contributor | A reviewer | A bug fixer | A feature author,"Describing known limitations of a partial implementation, while the pull request intentionally addresses only part of the issue.",True
OSS-18-036,04-pull-requests,18-pull-request-description-and-evidence,contribute,intermediate,A contributor | A reviewer | A bug fixer | A feature author,"Explaining a change whose code diff is small but impact is broad, while the linked issue contains outdated acceptance criteria.",True
OSS-18-037,04-pull-requests,18-pull-request-description-and-evidence,contribute,intermediate,A contributor | A reviewer | A bug fixer | A feature author,"Recording manual verification for a platform-specific patch, while the behavior change cannot be demonstrated with a simple test.",True
OSS-18-038,04-pull-requests,18-pull-request-description-and-evidence,contribute,intermediate,A contributor | A reviewer | A bug fixer | A feature author,"Updating the description after the implementation direction changes, while the pull request intentionally addresses only part of the issue.",True
OSS-18-039,04-pull-requests,18-pull-request-description-and-evidence,contribute,intermediate,A contributor | A reviewer | A bug fixer | A feature author,"Disclosing generated or AI-assisted portions of a contribution, while the linked issue contains outdated acceptance criteria.",True
OSS-18-040,04-pull-requests,18-pull-request-description-and-evidence,contribute,intermediate,A contributor | A reviewer | A bug fixer | A feature author,"Summarizing several commits as one coherent reviewer narrative, while the behavior change cannot be demonstrated with a simple test.",True
OSS-18-041,04-pull-requests,18-pull-request-description-and-evidence,contribute,advanced,A contributor | A reviewer | A bug fixer | A feature author,"Writing a pull request description that explains why the change exists, while reviewers joined after several rounds of discussion.",True
OSS-18-042,04-pull-requests,18-pull-request-description-and-evidence,contribute,advanced,A contributor | A reviewer | A bug fixer | A feature author,"Linking a pull request to the issue it resolves, while the template asks for sections that do not apply.",True
OSS-18-043,04-pull-requests,18-pull-request-description-and-evidence,contribute,advanced,A contributor | A reviewer | A bug fixer | A feature author,"Showing before-and-after behavior for a user-facing fix, while screenshots could expose private environment details.",True
OSS-18-044,04-pull-requests,18-pull-request-description-and-evidence,contribute,advanced,A contributor | A reviewer | A bug fixer | A feature author,"Documenting tests for a change that is difficult to reproduce, while reviewers joined after several rounds of discussion.",True
OSS-18-045,04-pull-requests,18-pull-request-description-and-evidence,contribute,advanced,A contributor | A reviewer | A bug fixer | A feature author,"Describing known limitations of a partial implementation, while the template asks for sections that do not apply.",True
OSS-18-046,04-pull-requests,18-pull-request-description-and-evidence,contribute,advanced,A contributor | A reviewer | A bug fixer | A feature author,"Explaining a change whose code diff is small but impact is broad, while screenshots could expose private environment details.",True
OSS-18-047,04-pull-requests,18-pull-request-description-and-evidence,contribute,advanced,A contributor | A reviewer | A bug fixer | A feature author,"Recording manual verification for a platform-specific patch, while reviewers joined after several rounds of discussion.",True
OSS-18-048,04-pull-requests,18-pull-request-description-and-evidence,contribute,advanced,A contributor | A reviewer | A bug fixer | A feature author,"Updating the description after the implementation direction changes, while the template asks for sections that do not apply.",True
OSS-18-049,04-pull-requests,18-pull-request-description-and-evidence,contribute,advanced,A contributor | A reviewer | A bug fixer | A feature author,"Disclosing generated or AI-assisted portions of a contribution, while screenshots could expose private environment details.",True
OSS-18-050,04-pull-requests,18-pull-request-description-and-evidence,contribute,advanced,A contributor | A reviewer | A bug fixer | A feature author,"Summarizing several commits as one coherent reviewer narrative, while reviewers joined after several rounds of discussion.",True
OSS-19-001,04-pull-requests,19-pull-request-review-feedback,collaborate,beginner,A pull request author | A reviewer | A maintainer | A first-time reviewer,"Responding to a review that requests architectural changes, while review comments are brief and lack rationale.",True
OSS-19-002,04-pull-requests,19-pull-request-review-feedback,collaborate,beginner,A pull request author | A reviewer | A maintainer | A first-time reviewer,"Distinguishing blocking feedback from optional suggestions, while new commits make previously reviewed lines appear changed.",True
OSS-19-003,04-pull-requests,19-pull-request-review-feedback,collaborate,beginner,A pull request author | A reviewer | A maintainer | A first-time reviewer,"Reviewing a patch in an unfamiliar part of the codebase, while a suggestion conflicts with documented project style.",True
OSS-19-004,04-pull-requests,19-pull-request-review-feedback,collaborate,beginner,A pull request author | A reviewer | A maintainer | A first-time reviewer,"Handling conflicting requests from two reviewers, while review comments are brief and lack rationale.",True
OSS-19-005,04-pull-requests,19-pull-request-review-feedback,collaborate,beginner,A pull request author | A reviewer | A maintainer | A first-time reviewer,"Updating tests after a reviewer identifies an uncovered edge case, while new commits make previously reviewed lines appear changed.",True
OSS-19-006,04-pull-requests,19-pull-request-review-feedback,collaborate,beginner,A pull request author | A reviewer | A maintainer | A first-time reviewer,"Explaining disagreement with a requested change, while a suggestion conflicts with documented project style.",True
OSS-19-007,04-pull-requests,19-pull-request-review-feedback,collaborate,beginner,A pull request author | A reviewer | A maintainer | A first-time reviewer,"Reviewing a large pull request in manageable passes, while review comments are brief and lack rationale.",True
OSS-19-008,04-pull-requests,19-pull-request-review-feedback,collaborate,beginner,A pull request author | A reviewer | A maintainer | A first-time reviewer,"Checking whether earlier comments remain relevant after new commits, while new commits make previously reviewed lines appear changed.",True
OSS-19-009,04-pull-requests,19-pull-request-review-feedback,collaborate,beginner,A pull request author | A reviewer | A maintainer | A first-time reviewer,"Giving feedback on code written by a more experienced contributor, while a suggestion conflicts with documented project style.",True
OSS-19-010,04-pull-requests,19-pull-request-review-feedback,collaborate,beginner,A pull request author | A reviewer | A maintainer | A first-time reviewer,"Recognizing positive aspects while requesting necessary revisions, while review comments are brief and lack rationale.",True
OSS-19-011,04-pull-requests,19-pull-request-review-feedback,collaborate,beginner,A pull request author | A reviewer | A maintainer | A first-time reviewer,"Responding to a review that requests architectural changes, while the author interprets technical feedback as personal criticism.",True
OSS-19-012,04-pull-requests,19-pull-request-review-feedback,collaborate,beginner,A pull request author | A reviewer | A maintainer | A first-time reviewer,"Distinguishing blocking feedback from optional suggestions, while the required domain expert is temporarily unavailable.",True
OSS-19-013,04-pull-requests,19-pull-request-review-feedback,collaborate,beginner,A pull request author | A reviewer | A maintainer | A first-time reviewer,"Reviewing a patch in an unfamiliar part of the codebase, while the discussion is becoming longer than the code change itself.",True
OSS-19-014,04-pull-requests,19-pull-request-review-feedback,collaborate,beginner,A pull request author | A reviewer | A maintainer | A first-time reviewer,"Handling conflicting requests from two reviewers, while the author interprets technical feedback as personal criticism.",True
OSS-19-015,04-pull-requests,19-pull-request-review-feedback,collaborate,beginner,A pull request author | A reviewer | A maintainer | A first-time reviewer,"Updating tests after a reviewer identifies an uncovered edge case, while the required domain expert is temporarily unavailable.",True
OSS-19-016,04-pull-requests,19-pull-request-review-feedback,collaborate,beginner,A pull request author | A reviewer | A maintainer | A first-time reviewer,"Explaining disagreement with a requested change, while the discussion is becoming longer than the code change itself.",True
OSS-19-017,04-pull-requests,19-pull-request-review-feedback,collaborate,beginner,A pull request author | A reviewer | A maintainer | A first-time reviewer,"Reviewing a large pull request in manageable passes, while the author interprets technical feedback as personal criticism.",True
OSS-19-018,04-pull-requests,19-pull-request-review-feedback,collaborate,beginner,A pull request author | A reviewer | A maintainer | A first-time reviewer,"Checking whether earlier comments remain relevant after new commits, while the required domain expert is temporarily unavailable.",True
OSS-19-019,04-pull-requests,19-pull-request-review-feedback,collaborate,beginner,A pull request author | A reviewer | A maintainer | A first-time reviewer,"Giving feedback on code written by a more experienced contributor, while the discussion is becoming longer than the code change itself.",True
OSS-19-020,04-pull-requests,19-pull-request-review-feedback,collaborate,beginner,A pull request author | A reviewer | A maintainer | A first-time reviewer,"Recognizing positive aspects while requesting necessary revisions, while the author interprets technical feedback as personal criticism.",True
OSS-19-021,04-pull-requests,19-pull-request-review-feedback,collaborate,intermediate,A pull request author | A reviewer | A maintainer | A first-time reviewer,"Responding to a review that requests architectural changes, while new commits make previously reviewed lines appear changed.",True
OSS-19-022,04-pull-requests,19-pull-request-review-feedback,collaborate,intermediate,A pull request author | A reviewer | A maintainer | A first-time reviewer,"Distinguishing blocking feedback from optional suggestions, while a suggestion conflicts with documented project style.",True
OSS-19-023,04-pull-requests,19-pull-request-review-feedback,collaborate,intermediate,A pull request author | A reviewer | A maintainer | A first-time reviewer,"Reviewing a patch in an unfamiliar part of the codebase, while review comments are brief and lack rationale.",True
OSS-19-024,04-pull-requests,19-pull-request-review-feedback,collaborate,intermediate,A pull request author | A reviewer | A maintainer | A first-time reviewer,"Handling conflicting requests from two reviewers, while new commits make previously reviewed lines appear changed.",True
OSS-19-025,04-pull-requests,19-pull-request-review-feedback,collaborate,intermediate,A pull request author | A reviewer | A maintainer | A first-time reviewer,"Updating tests after a reviewer identifies an uncovered edge case, while a suggestion conflicts with documented project style.",True
OSS-19-026,04-pull-requests,19-pull-request-review-feedback,collaborate,intermediate,A pull request author | A reviewer | A maintainer | A first-time reviewer,"Explaining disagreement with a requested change, while review comments are brief and lack rationale.",True
OSS-19-027,04-pull-requests,19-pull-request-review-feedback,collaborate,intermediate,A pull request author | A reviewer | A maintainer | A first-time reviewer,"Reviewing a large pull request in manageable passes, while new commits make previously reviewed lines appear changed.",True
OSS-19-028,04-pull-requests,19-pull-request-review-feedback,collaborate,intermediate,A pull request author | A reviewer | A maintainer | A first-time reviewer,"Checking whether earlier comments remain relevant after new commits, while a suggestion conflicts with documented project style.",True
OSS-19-029,04-pull-requests,19-pull-request-review-feedback,collaborate,intermediate,A pull request author | A reviewer | A maintainer | A first-time reviewer,"Giving feedback on code written by a more experienced contributor, while review comments are brief and lack rationale.",True
OSS-19-030,04-pull-requests,19-pull-request-review-feedback,collaborate,intermediate,A pull request author | A reviewer | A maintainer | A first-time reviewer,"Recognizing positive aspects while requesting necessary revisions, while new commits make previously reviewed lines appear changed.",True
OSS-19-031,04-pull-requests,19-pull-request-review-feedback,collaborate,intermediate,A pull request author | A reviewer | A maintainer | A first-time reviewer,"Responding to a review that requests architectural changes, while the required domain expert is temporarily unavailable.",True
OSS-19-032,04-pull-requests,19-pull-request-review-feedback,collaborate,intermediate,A pull request author | A reviewer | A maintainer | A first-time reviewer,"Distinguishing blocking feedback from optional suggestions, while the discussion is becoming longer than the code change itself.",True
OSS-19-033,04-pull-requests,19-pull-request-review-feedback,collaborate,intermediate,A pull request author | A reviewer | A maintainer | A first-time reviewer,"Reviewing a patch in an unfamiliar part of the codebase, while the author interprets technical feedback as personal criticism.",True
OSS-19-034,04-pull-requests,19-pull-request-review-feedback,collaborate,intermediate,A pull request author | A reviewer | A maintainer | A first-time reviewer,"Handling conflicting requests from two reviewers, while the required domain expert is temporarily unavailable.",True
OSS-19-035,04-pull-requests,19-pull-request-review-feedback,collaborate,intermediate,A pull request author | A reviewer | A maintainer | A first-time reviewer,"Updating tests after a reviewer identifies an uncovered edge case, while the discussion is becoming longer than the code change itself.",True
OSS-19-036,04-pull-requests,19-pull-request-review-feedback,collaborate,intermediate,A pull request author | A reviewer | A maintainer | A first-time reviewer,"Explaining disagreement with a requested change, while the author interprets technical feedback as personal criticism.",True
OSS-19-037,04-pull-requests,19-pull-request-review-feedback,collaborate,intermediate,A pull request author | A reviewer | A maintainer | A first-time reviewer,"Reviewing a large pull request in manageable passes, while the required domain expert is temporarily unavailable.",True
OSS-19-038,04-pull-requests,19-pull-request-review-feedback,collaborate,intermediate,A pull request author | A reviewer | A maintainer | A first-time reviewer,"Checking whether earlier comments remain relevant after new commits, while the discussion is becoming longer than the code change itself.",True
OSS-19-039,04-pull-requests,19-pull-request-review-feedback,collaborate,intermediate,A pull request author | A reviewer | A maintainer | A first-time reviewer,"Giving feedback on code written by a more experienced contributor, while the author interprets technical feedback as personal criticism.",True
OSS-19-040,04-pull-requests,19-pull-request-review-feedback,collaborate,intermediate,A pull request author | A reviewer | A maintainer | A first-time reviewer,"Recognizing positive aspects while requesting necessary revisions, while the required domain expert is temporarily unavailable.",True
OSS-19-041,04-pull-requests,19-pull-request-review-feedback,collaborate,advanced,A pull request author | A reviewer | A maintainer | A first-time reviewer,"Responding to a review that requests architectural changes, while a suggestion conflicts with documented project style.",True
OSS-19-042,04-pull-requests,19-pull-request-review-feedback,collaborate,advanced,A pull request author | A reviewer | A maintainer | A first-time reviewer,"Distinguishing blocking feedback from optional suggestions, while review comments are brief and lack rationale.",True
OSS-19-043,04-pull-requests,19-pull-request-review-feedback,collaborate,advanced,A pull request author | A reviewer | A maintainer | A first-time reviewer,"Reviewing a patch in an unfamiliar part of the codebase, while new commits make previously reviewed lines appear changed.",True
OSS-19-044,04-pull-requests,19-pull-request-review-feedback,collaborate,advanced,A pull request author | A reviewer | A maintainer | A first-time reviewer,"Handling conflicting requests from two reviewers, while a suggestion conflicts with documented project style.",True
OSS-19-045,04-pull-requests,19-pull-request-review-feedback,collaborate,advanced,A pull request author | A reviewer | A maintainer | A first-time reviewer,"Updating tests after a reviewer identifies an uncovered edge case, while review comments are brief and lack rationale.",True
OSS-19-046,04-pull-requests,19-pull-request-review-feedback,collaborate,advanced,A pull request author | A reviewer | A maintainer | A first-time reviewer,"Explaining disagreement with a requested change, while new commits make previously reviewed lines appear changed.",True
OSS-19-047,04-pull-requests,19-pull-request-review-feedback,collaborate,advanced,A pull request author | A reviewer | A maintainer | A first-time reviewer,"Reviewing a large pull request in manageable passes, while a suggestion conflicts with documented project style.",True
OSS-19-048,04-pull-requests,19-pull-request-review-feedback,collaborate,advanced,A pull request author | A reviewer | A maintainer | A first-time reviewer,"Checking whether earlier comments remain relevant after new commits, while review comments are brief and lack rationale.",True
OSS-19-049,04-pull-requests,19-pull-request-review-feedback,collaborate,advanced,A pull request author | A reviewer | A maintainer | A first-time reviewer,"Giving feedback on code written by a more experienced contributor, while new commits make previously reviewed lines appear changed.",True
OSS-19-050,04-pull-requests,19-pull-request-review-feedback,collaborate,advanced,A pull request author | A reviewer | A maintainer | A first-time reviewer,"Recognizing positive aspects while requesting necessary revisions, while a suggestion conflicts with documented project style.",True
OSS-20-001,04-pull-requests,20-stalled-pull-requests-and-no-review,collaborate,beginner,A pull request author | A newcomer | A release contributor | A maintainer,"Waiting for the first review on a completed pull request, while maintainers have limited review capacity.",True
OSS-20-002,04-pull-requests,20-stalled-pull-requests-and-no-review,collaborate,beginner,A pull request author | A newcomer | A release contributor | A maintainer,"Following up after addressing every requested change, while the assigned reviewer left the project.",True
OSS-20-003,04-pull-requests,20-stalled-pull-requests-and-no-review,collaborate,beginner,A pull request author | A newcomer | A release contributor | A maintainer,"Checking whether assigned reviewers are still available, while the patch is useful but not currently prioritized.",True
OSS-20-004,04-pull-requests,20-stalled-pull-requests-and-no-review,collaborate,beginner,A pull request author | A newcomer | A release contributor | A maintainer,"Keeping a pull request current during a long review delay, while maintainers have limited review capacity.",True
OSS-20-005,04-pull-requests,20-stalled-pull-requests-and-no-review,collaborate,beginner,A pull request author | A newcomer | A release contributor | A maintainer,"Requesting help when a pull request blocks dependent work, while the assigned reviewer left the project.",True
OSS-20-006,04-pull-requests,20-stalled-pull-requests-and-no-review,collaborate,beginner,A pull request author | A newcomer | A release contributor | A maintainer,"Deciding whether to close and reopen an abandoned pull request, while the patch is useful but not currently prioritized.",True
OSS-20-007,04-pull-requests,20-stalled-pull-requests-and-no-review,collaborate,beginner,A pull request author | A newcomer | A release contributor | A maintainer,"Handing a stalled pull request to another contributor, while maintainers have limited review capacity.",True
OSS-20-008,04-pull-requests,20-stalled-pull-requests-and-no-review,collaborate,beginner,A pull request author | A newcomer | A release contributor | A maintainer,"Asking for review without repeatedly tagging maintainers, while the assigned reviewer left the project.",True
OSS-20-009,04-pull-requests,20-stalled-pull-requests-and-no-review,collaborate,beginner,A pull request author | A newcomer | A release contributor | A maintainer,"Handling a pull request that misses a release deadline, while the patch is useful but not currently prioritized.",True
OSS-20-010,04-pull-requests,20-stalled-pull-requests-and-no-review,collaborate,beginner,A pull request author | A newcomer | A release contributor | A maintainer,"Returning to a pull request after several months of inactivity, while maintainers have limited review capacity.",True
OSS-20-011,04-pull-requests,20-stalled-pull-requests-and-no-review,collaborate,beginner,A pull request author | A newcomer | A release contributor | A maintainer,"Waiting for the first review on a completed pull request, while the project has no documented review service level.",True
OSS-20-012,04-pull-requests,20-stalled-pull-requests-and-no-review,collaborate,beginner,A pull request author | A newcomer | A release contributor | A maintainer,"Following up after addressing every requested change, while upstream changes repeatedly create new conflicts.",True
OSS-20-013,04-pull-requests,20-stalled-pull-requests-and-no-review,collaborate,beginner,A pull request author | A newcomer | A release contributor | A maintainer,"Checking whether assigned reviewers are still available, while another pull request now solves part of the same problem.",True
OSS-20-014,04-pull-requests,20-stalled-pull-requests-and-no-review,collaborate,beginner,A pull request author | A newcomer | A release contributor | A maintainer,"Keeping a pull request current during a long review delay, while the project has no documented review service level.",True
OSS-20-015,04-pull-requests,20-stalled-pull-requests-and-no-review,collaborate,beginner,A pull request author | A newcomer | A release contributor | A maintainer,"Requesting help when a pull request blocks dependent work, while upstream changes repeatedly create new conflicts.",True
OSS-20-016,04-pull-requests,20-stalled-pull-requests-and-no-review,collaborate,beginner,A pull request author | A newcomer | A release contributor | A maintainer,"Deciding whether to close and reopen an abandoned pull request, while another pull request now solves part of the same problem.",True
OSS-20-017,04-pull-requests,20-stalled-pull-requests-and-no-review,collaborate,beginner,A pull request author | A newcomer | A release contributor | A maintainer,"Handing a stalled pull request to another contributor, while the project has no documented review service level.",True
OSS-20-018,04-pull-requests,20-stalled-pull-requests-and-no-review,collaborate,beginner,A pull request author | A newcomer | A release contributor | A maintainer,"Asking for review without repeatedly tagging maintainers, while upstream changes repeatedly create new conflicts.",True
OSS-20-019,04-pull-requests,20-stalled-pull-requests-and-no-review,collaborate,beginner,A pull request author | A newcomer | A release contributor | A maintainer,"Handling a pull request that misses a release deadline, while another pull request now solves part of the same problem.",True
OSS-20-020,04-pull-requests,20-stalled-pull-requests-and-no-review,collaborate,beginner,A pull request author | A newcomer | A release contributor | A maintainer,"Returning to a pull request after several months of inactivity, while the project has no documented review service level.",True
OSS-20-021,04-pull-requests,20-stalled-pull-requests-and-no-review,collaborate,intermediate,A pull request author | A newcomer | A release contributor | A maintainer,"Waiting for the first review on a completed pull request, while the assigned reviewer left the project.",True
OSS-20-022,04-pull-requests,20-stalled-pull-requests-and-no-review,collaborate,intermediate,A pull request author | A newcomer | A release contributor | A maintainer,"Following up after addressing every requested change, while the patch is useful but not currently prioritized.",True
OSS-20-023,04-pull-requests,20-stalled-pull-requests-and-no-review,collaborate,intermediate,A pull request author | A newcomer | A release contributor | A maintainer,"Checking whether assigned reviewers are still available, while maintainers have limited review capacity.",True
OSS-20-024,04-pull-requests,20-stalled-pull-requests-and-no-review,collaborate,intermediate,A pull request author | A newcomer | A release contributor | A maintainer,"Keeping a pull request current during a long review delay, while the assigned reviewer left the project.",True
OSS-20-025,04-pull-requests,20-stalled-pull-requests-and-no-review,collaborate,intermediate,A pull request author | A newcomer | A release contributor | A maintainer,"Requesting help when a pull request blocks dependent work, while the patch is useful but not currently prioritized.",True
OSS-20-026,04-pull-requests,20-stalled-pull-requests-and-no-review,collaborate,intermediate,A pull request author | A newcomer | A release contributor | A maintainer,"Deciding whether to close and reopen an abandoned pull request, while maintainers have limited review capacity.",True
OSS-20-027,04-pull-requests,20-stalled-pull-requests-and-no-review,collaborate,intermediate,A pull request author | A newcomer | A release contributor | A maintainer,"Handing a stalled pull request to another contributor, while the assigned reviewer left the project.",True
OSS-20-028,04-pull-requests,20-stalled-pull-requests-and-no-review,collaborate,intermediate,A pull request author | A newcomer | A release contributor | A maintainer,"Asking for review without repeatedly tagging maintainers, while the patch is useful but not currently prioritized.",True
OSS-20-029,04-pull-requests,20-stalled-pull-requests-and-no-review,collaborate,intermediate,A pull request author | A newcomer | A release contributor | A maintainer,"Handling a pull request that misses a release deadline, while maintainers have limited review capacity.",True
OSS-20-030,04-pull-requests,20-stalled-pull-requests-and-no-review,collaborate,intermediate,A pull request author | A newcomer | A release contributor | A maintainer,"Returning to a pull request after several months of inactivity, while the assigned reviewer left the project.",True
OSS-20-031,04-pull-requests,20-stalled-pull-requests-and-no-review,collaborate,intermediate,A pull request author | A newcomer | A release contributor | A maintainer,"Waiting for the first review on a completed pull request, while upstream changes repeatedly create new conflicts.",True
OSS-20-032,04-pull-requests,20-stalled-pull-requests-and-no-review,collaborate,intermediate,A pull request author | A newcomer | A release contributor | A maintainer,"Following up after addressing every requested change, while another pull request now solves part of the same problem.",True
OSS-20-033,04-pull-requests,20-stalled-pull-requests-and-no-review,collaborate,intermediate,A pull request author | A newcomer | A release contributor | A maintainer,"Checking whether assigned reviewers are still available, while the project has no documented review service level.",True
OSS-20-034,04-pull-requests,20-stalled-pull-requests-and-no-review,collaborate,intermediate,A pull request author | A newcomer | A release contributor | A maintainer,"Keeping a pull request current during a long review delay, while upstream changes repeatedly create new conflicts.",True
OSS-20-035,04-pull-requests,20-stalled-pull-requests-and-no-review,collaborate,intermediate,A pull request author | A newcomer | A release contributor | A maintainer,"Requesting help when a pull request blocks dependent work, while another pull request now solves part of the same problem.",True
OSS-20-036,04-pull-requests,20-stalled-pull-requests-and-no-review,collaborate,intermediate,A pull request author | A newcomer | A release contributor | A maintainer,"Deciding whether to close and reopen an abandoned pull request, while the project has no documented review service level.",True
OSS-20-037,04-pull-requests,20-stalled-pull-requests-and-no-review,collaborate,intermediate,A pull request author | A newcomer | A release contributor | A maintainer,"Handing a stalled pull request to another contributor, while upstream changes repeatedly create new conflicts.",True
OSS-20-038,04-pull-requests,20-stalled-pull-requests-and-no-review,collaborate,intermediate,A pull request author | A newcomer | A release contributor | A maintainer,"Asking for review without repeatedly tagging maintainers, while another pull request now solves part of the same problem.",True
OSS-20-039,04-pull-requests,20-stalled-pull-requests-and-no-review,collaborate,intermediate,A pull request author | A newcomer | A release contributor | A maintainer,"Handling a pull request that misses a release deadline, while the project has no documented review service level.",True
OSS-20-040,04-pull-requests,20-stalled-pull-requests-and-no-review,collaborate,intermediate,A pull request author | A newcomer | A release contributor | A maintainer,"Returning to a pull request after several months of inactivity, while upstream changes repeatedly create new conflicts.",True
OSS-20-041,04-pull-requests,20-stalled-pull-requests-and-no-review,collaborate,advanced,A pull request author | A newcomer | A release contributor | A maintainer,"Waiting for the first review on a completed pull request, while the patch is useful but not currently prioritized.",True
OSS-20-042,04-pull-requests,20-stalled-pull-requests-and-no-review,collaborate,advanced,A pull request author | A newcomer | A release contributor | A maintainer,"Following up after addressing every requested change, while maintainers have limited review capacity.",True
OSS-20-043,04-pull-requests,20-stalled-pull-requests-and-no-review,collaborate,advanced,A pull request author | A newcomer | A release contributor | A maintainer,"Checking whether assigned reviewers are still available, while the assigned reviewer left the project.",True
OSS-20-044,04-pull-requests,20-stalled-pull-requests-and-no-review,collaborate,advanced,A pull request author | A newcomer | A release contributor | A maintainer,"Keeping a pull request current during a long review delay, while the patch is useful but not currently prioritized.",True
OSS-20-045,04-pull-requests,20-stalled-pull-requests-and-no-review,collaborate,advanced,A pull request author | A newcomer | A release contributor | A maintainer,"Requesting help when a pull request blocks dependent work, while maintainers have limited review capacity.",True
OSS-20-046,04-pull-requests,20-stalled-pull-requests-and-no-review,collaborate,advanced,A pull request author | A newcomer | A release contributor | A maintainer,"Deciding whether to close and reopen an abandoned pull request, while the assigned reviewer left the project.",True
OSS-20-047,04-pull-requests,20-stalled-pull-requests-and-no-review,collaborate,advanced,A pull request author | A newcomer | A release contributor | A maintainer,"Handing a stalled pull request to another contributor, while the patch is useful but not currently prioritized.",True
OSS-20-048,04-pull-requests,20-stalled-pull-requests-and-no-review,collaborate,advanced,A pull request author | A newcomer | A release contributor | A maintainer,"Asking for review without repeatedly tagging maintainers, while maintainers have limited review capacity.",True
OSS-20-049,04-pull-requests,20-stalled-pull-requests-and-no-review,collaborate,advanced,A pull request author | A newcomer | A release contributor | A maintainer,"Handling a pull request that misses a release deadline, while the assigned reviewer left the project.",True
OSS-20-050,04-pull-requests,20-stalled-pull-requests-and-no-review,collaborate,advanced,A pull request author | A newcomer | A release contributor | A maintainer,"Returning to a pull request after several months of inactivity, while the patch is useful but not currently prioritized.",True
OSS-21-001,04-pull-requests,21-pull-request-ci-failures,contribute,beginner,A pull request author | A test contributor | A maintainer | A CI volunteer,"Investigating a required check that fails only in CI, while the contributor cannot access protected CI logs.",True
OSS-21-002,04-pull-requests,21-pull-request-ci-failures,contribute,beginner,A pull request author | A test contributor | A maintainer | A CI volunteer,"Distinguishing a flaky test from a regression caused by the patch, while secrets are intentionally unavailable to forked workflows.",True
OSS-21-003,04-pull-requests,21-pull-request-ci-failures,contribute,beginner,A pull request author | A test contributor | A maintainer | A CI volunteer,"Understanding why a workflow did not start for a forked pull request, while reruns produce different failing tests.",True
OSS-21-004,04-pull-requests,21-pull-request-ci-failures,contribute,beginner,A pull request author | A test contributor | A maintainer | A CI volunteer,"Rerunning a failed job without hiding the original failure, while the contributor cannot access protected CI logs.",True
OSS-21-005,04-pull-requests,21-pull-request-ci-failures,contribute,beginner,A pull request author | A test contributor | A maintainer | A CI volunteer,"Debugging a matrix build that fails on one platform, while secrets are intentionally unavailable to forked workflows.",True
OSS-21-006,04-pull-requests,21-pull-request-ci-failures,contribute,beginner,A pull request author | A test contributor | A maintainer | A CI volunteer,"Updating a branch after required status checks become outdated, while reruns produce different failing tests.",True
OSS-21-007,04-pull-requests,21-pull-request-ci-failures,contribute,beginner,A pull request author | A test contributor | A maintainer | A CI volunteer,"Handling a test timeout with no useful failure message, while the contributor cannot access protected CI logs.",True
OSS-21-008,04-pull-requests,21-pull-request-ci-failures,contribute,beginner,A pull request author | A test contributor | A maintainer | A CI volunteer,"Comparing logs from successful and failed workflow runs, while secrets are intentionally unavailable to forked workflows.",True
OSS-21-009,04-pull-requests,21-pull-request-ci-failures,contribute,beginner,A pull request author | A test contributor | A maintainer | A CI volunteer,"Requesting approval for a workflow run from an external fork, while reruns produce different failing tests.",True
OSS-21-010,04-pull-requests,21-pull-request-ci-failures,contribute,beginner,A pull request author | A test contributor | A maintainer | A CI volunteer,"Investigating a check that passes locally with cached dependencies, while the contributor cannot access protected CI logs.",True
OSS-21-011,04-pull-requests,21-pull-request-ci-failures,contribute,beginner,A pull request author | A test contributor | A maintainer | A CI volunteer,"Investigating a required check that fails only in CI, while the failure also appears on unrelated pull requests.",True
OSS-21-012,04-pull-requests,21-pull-request-ci-failures,contribute,beginner,A pull request author | A test contributor | A maintainer | A CI volunteer,"Distinguishing a flaky test from a regression caused by the patch, while the workflow uses a different toolchain version than local setup.",True
OSS-21-013,04-pull-requests,21-pull-request-ci-failures,contribute,beginner,A pull request author | A test contributor | A maintainer | A CI volunteer,"Understanding why a workflow did not start for a forked pull request, while the branch protection rule references a renamed check.",True
OSS-21-014,04-pull-requests,21-pull-request-ci-failures,contribute,beginner,A pull request author | A test contributor | A maintainer | A CI volunteer,"Rerunning a failed job without hiding the original failure, while the failure also appears on unrelated pull requests.",True
OSS-21-015,04-pull-requests,21-pull-request-ci-failures,contribute,beginner,A pull request author | A test contributor | A maintainer | A CI volunteer,"Debugging a matrix build that fails on one platform, while the workflow uses a different toolchain version than local setup.",True
OSS-21-016,04-pull-requests,21-pull-request-ci-failures,contribute,beginner,A pull request author | A test contributor | A maintainer | A CI volunteer,"Updating a branch after required status checks become outdated, while the branch protection rule references a renamed check.",True
OSS-21-017,04-pull-requests,21-pull-request-ci-failures,contribute,beginner,A pull request author | A test contributor | A maintainer | A CI volunteer,"Handling a test timeout with no useful failure message, while the failure also appears on unrelated pull requests.",True
OSS-21-018,04-pull-requests,21-pull-request-ci-failures,contribute,beginner,A pull request author | A test contributor | A maintainer | A CI volunteer,"Comparing logs from successful and failed workflow runs, while the workflow uses a different toolchain version than local setup.",True
OSS-21-019,04-pull-requests,21-pull-request-ci-failures,contribute,beginner,A pull request author | A test contributor | A maintainer | A CI volunteer,"Requesting approval for a workflow run from an external fork, while the branch protection rule references a renamed check.",True
OSS-21-020,04-pull-requests,21-pull-request-ci-failures,contribute,beginner,A pull request author | A test contributor | A maintainer | A CI volunteer,"Investigating a check that passes locally with cached dependencies, while the failure also appears on unrelated pull requests.",True
OSS-21-021,04-pull-requests,21-pull-request-ci-failures,contribute,intermediate,A pull request author | A test contributor | A maintainer | A CI volunteer,"Investigating a required check that fails only in CI, while secrets are intentionally unavailable to forked workflows.",True
OSS-21-022,04-pull-requests,21-pull-request-ci-failures,contribute,intermediate,A pull request author | A test contributor | A maintainer | A CI volunteer,"Distinguishing a flaky test from a regression caused by the patch, while reruns produce different failing tests.",True
OSS-21-023,04-pull-requests,21-pull-request-ci-failures,contribute,intermediate,A pull request author | A test contributor | A maintainer | A CI volunteer,"Understanding why a workflow did not start for a forked pull request, while the contributor cannot access protected CI logs.",True
OSS-21-024,04-pull-requests,21-pull-request-ci-failures,contribute,intermediate,A pull request author | A test contributor | A maintainer | A CI volunteer,"Rerunning a failed job without hiding the original failure, while secrets are intentionally unavailable to forked workflows.",True
OSS-21-025,04-pull-requests,21-pull-request-ci-failures,contribute,intermediate,A pull request author | A test contributor | A maintainer | A CI volunteer,"Debugging a matrix build that fails on one platform, while reruns produce different failing tests.",True
OSS-21-026,04-pull-requests,21-pull-request-ci-failures,contribute,intermediate,A pull request author | A test contributor | A maintainer | A CI volunteer,"Updating a branch after required status checks become outdated, while the contributor cannot access protected CI logs.",True
OSS-21-027,04-pull-requests,21-pull-request-ci-failures,contribute,intermediate,A pull request author | A test contributor | A maintainer | A CI volunteer,"Handling a test timeout with no useful failure message, while secrets are intentionally unavailable to forked workflows.",True
OSS-21-028,04-pull-requests,21-pull-request-ci-failures,contribute,intermediate,A pull request author | A test contributor | A maintainer | A CI volunteer,"Comparing logs from successful and failed workflow runs, while reruns produce different failing tests.",True
OSS-21-029,04-pull-requests,21-pull-request-ci-failures,contribute,intermediate,A pull request author | A test contributor | A maintainer | A CI volunteer,"Requesting approval for a workflow run from an external fork, while the contributor cannot access protected CI logs.",True
OSS-21-030,04-pull-requests,21-pull-request-ci-failures,contribute,intermediate,A pull request author | A test contributor | A maintainer | A CI volunteer,"Investigating a check that passes locally with cached dependencies, while secrets are intentionally unavailable to forked workflows.",True
OSS-21-031,04-pull-requests,21-pull-request-ci-failures,contribute,intermediate,A pull request author | A test contributor | A maintainer | A CI volunteer,"Investigating a required check that fails only in CI, while the workflow uses a different toolchain version than local setup.",True
OSS-21-032,04-pull-requests,21-pull-request-ci-failures,contribute,intermediate,A pull request author | A test contributor | A maintainer | A CI volunteer,"Distinguishing a flaky test from a regression caused by the patch, while the branch protection rule references a renamed check.",True
OSS-21-033,04-pull-requests,21-pull-request-ci-failures,contribute,intermediate,A pull request author | A test contributor | A maintainer | A CI volunteer,"Understanding why a workflow did not start for a forked pull request, while the failure also appears on unrelated pull requests.",True
OSS-21-034,04-pull-requests,21-pull-request-ci-failures,contribute,intermediate,A pull request author | A test contributor | A maintainer | A CI volunteer,"Rerunning a failed job without hiding the original failure, while the workflow uses a different toolchain version than local setup.",True
OSS-21-035,04-pull-requests,21-pull-request-ci-failures,contribute,intermediate,A pull request author | A test contributor | A maintainer | A CI volunteer,"Debugging a matrix build that fails on one platform, while the branch protection rule references a renamed check.",True
OSS-21-036,04-pull-requests,21-pull-request-ci-failures,contribute,intermediate,A pull request author | A test contributor | A maintainer | A CI volunteer,"Updating a branch after required status checks become outdated, while the failure also appears on unrelated pull requests.",True
OSS-21-037,04-pull-requests,21-pull-request-ci-failures,contribute,intermediate,A pull request author | A test contributor | A maintainer | A CI volunteer,"Handling a test timeout with no useful failure message, while the workflow uses a different toolchain version than local setup.",True
OSS-21-038,04-pull-requests,21-pull-request-ci-failures,contribute,intermediate,A pull request author | A test contributor | A maintainer | A CI volunteer,"Comparing logs from successful and failed workflow runs, while the branch protection rule references a renamed check.",True
OSS-21-039,04-pull-requests,21-pull-request-ci-failures,contribute,intermediate,A pull request author | A test contributor | A maintainer | A CI volunteer,"Requesting approval for a workflow run from an external fork, while the failure also appears on unrelated pull requests.",True
OSS-21-040,04-pull-requests,21-pull-request-ci-failures,contribute,intermediate,A pull request author | A test contributor | A maintainer | A CI volunteer,"Investigating a check that passes locally with cached dependencies, while the workflow uses a different toolchain version than local setup.",True
OSS-21-041,04-pull-requests,21-pull-request-ci-failures,contribute,advanced,A pull request author | A test contributor | A maintainer | A CI volunteer,"Investigating a required check that fails only in CI, while reruns produce different failing tests.",True
OSS-21-042,04-pull-requests,21-pull-request-ci-failures,contribute,advanced,A pull request author | A test contributor | A maintainer | A CI volunteer,"Distinguishing a flaky test from a regression caused by the patch, while the contributor cannot access protected CI logs.",True
OSS-21-043,04-pull-requests,21-pull-request-ci-failures,contribute,advanced,A pull request author | A test contributor | A maintainer | A CI volunteer,"Understanding why a workflow did not start for a forked pull request, while secrets are intentionally unavailable to forked workflows.",True
OSS-21-044,04-pull-requests,21-pull-request-ci-failures,contribute,advanced,A pull request author | A test contributor | A maintainer | A CI volunteer,"Rerunning a failed job without hiding the original failure, while reruns produce different failing tests.",True
OSS-21-045,04-pull-requests,21-pull-request-ci-failures,contribute,advanced,A pull request author | A test contributor | A maintainer | A CI volunteer,"Debugging a matrix build that fails on one platform, while the contributor cannot access protected CI logs.",True
OSS-21-046,04-pull-requests,21-pull-request-ci-failures,contribute,advanced,A pull request author | A test contributor | A maintainer | A CI volunteer,"Updating a branch after required status checks become outdated, while secrets are intentionally unavailable to forked workflows.",True
OSS-21-047,04-pull-requests,21-pull-request-ci-failures,contribute,advanced,A pull request author | A test contributor | A maintainer | A CI volunteer,"Handling a test timeout with no useful failure message, while reruns produce different failing tests.",True
OSS-21-048,04-pull-requests,21-pull-request-ci-failures,contribute,advanced,A pull request author | A test contributor | A maintainer | A CI volunteer,"Comparing logs from successful and failed workflow runs, while the contributor cannot access protected CI logs.",True
OSS-21-049,04-pull-requests,21-pull-request-ci-failures,contribute,advanced,A pull request author | A test contributor | A maintainer | A CI volunteer,"Requesting approval for a workflow run from an external fork, while secrets are intentionally unavailable to forked workflows.",True
OSS-21-050,04-pull-requests,21-pull-request-ci-failures,contribute,advanced,A pull request author | A test contributor | A maintainer | A CI volunteer,"Investigating a check that passes locally with cached dependencies, while reruns produce different failing tests.",True
OSS-22-001,04-pull-requests,22-pull-request-conflicts-and-obsolescence,contribute,beginner,A pull request author | A maintainer | A release contributor | A collaborator,"Updating a pull request that conflicts with the default branch, while the project discourages merge commits in pull request branches.",True
OSS-22-002,04-pull-requests,22-pull-request-conflicts-and-obsolescence,contribute,beginner,A pull request author | A maintainer | A release contributor | A collaborator,"Handling a patch whose target code was refactored upstream, while conflict resolution changes behavior beyond the original scope.",True
OSS-22-003,04-pull-requests,22-pull-request-conflicts-and-obsolescence,contribute,beginner,A pull request author | A maintainer | A release contributor | A collaborator,"Deciding whether to rebase or merge the latest base branch, while the base branch has changed more than once.",True
OSS-22-004,04-pull-requests,22-pull-request-conflicts-and-obsolescence,contribute,beginner,A pull request author | A maintainer | A release contributor | A collaborator,"Refreshing a pull request after its dependency is merged, while the project discourages merge commits in pull request branches.",True
OSS-22-005,04-pull-requests,22-pull-request-conflicts-and-obsolescence,contribute,beginner,A pull request author | A maintainer | A release contributor | A collaborator,"Resolving conflicts in files changed by automated generation, while conflict resolution changes behavior beyond the original scope.",True
OSS-22-006,04-pull-requests,22-pull-request-conflicts-and-obsolescence,contribute,beginner,A pull request author | A maintainer | A release contributor | A collaborator,"Rebasing a pull request that has extensive line-level review comments, while the base branch has changed more than once.",True
OSS-22-007,04-pull-requests,22-pull-request-conflicts-and-obsolescence,contribute,beginner,A pull request author | A maintainer | A release contributor | A collaborator,"Updating a stacked pull request after the lower layer changes, while the project discourages merge commits in pull request branches.",True
OSS-22-008,04-pull-requests,22-pull-request-conflicts-and-obsolescence,contribute,beginner,A pull request author | A maintainer | A release contributor | A collaborator,"Checking whether an old pull request still solves the current problem, while conflict resolution changes behavior beyond the original scope.",True
OSS-22-009,04-pull-requests,22-pull-request-conflicts-and-obsolescence,contribute,beginner,A pull request author | A maintainer | A release contributor | A collaborator,"Porting useful parts of an obsolete pull request into a new design, while the base branch has changed more than once.",True
OSS-22-010,04-pull-requests,22-pull-request-conflicts-and-obsolescence,contribute,beginner,A pull request author | A maintainer | A release contributor | A collaborator,"Recovering attribution when replacing an abandoned implementation, while the project discourages merge commits in pull request branches.",True
OSS-22-011,04-pull-requests,22-pull-request-conflicts-and-obsolescence,contribute,beginner,A pull request author | A maintainer | A release contributor | A collaborator,"Updating a pull request that conflicts with the default branch, while the original author is no longer active.",True
OSS-22-012,04-pull-requests,22-pull-request-conflicts-and-obsolescence,contribute,beginner,A pull request author | A maintainer | A release contributor | A collaborator,"Handling a patch whose target code was refactored upstream, while review approval is dismissed after new commits.",True
OSS-22-013,04-pull-requests,22-pull-request-conflicts-and-obsolescence,contribute,beginner,A pull request author | A maintainer | A release contributor | A collaborator,"Deciding whether to rebase or merge the latest base branch, while another contributor has already started a replacement pull request.",True
OSS-22-014,04-pull-requests,22-pull-request-conflicts-and-obsolescence,contribute,beginner,A pull request author | A maintainer | A release contributor | A collaborator,"Refreshing a pull request after its dependency is merged, while the original author is no longer active.",True
OSS-22-015,04-pull-requests,22-pull-request-conflicts-and-obsolescence,contribute,beginner,A pull request author | A maintainer | A release contributor | A collaborator,"Resolving conflicts in files changed by automated generation, while review approval is dismissed after new commits.",True
OSS-22-016,04-pull-requests,22-pull-request-conflicts-and-obsolescence,contribute,beginner,A pull request author | A maintainer | A release contributor | A collaborator,"Rebasing a pull request that has extensive line-level review comments, while another contributor has already started a replacement pull request.",True
OSS-22-017,04-pull-requests,22-pull-request-conflicts-and-obsolescence,contribute,beginner,A pull request author | A maintainer | A release contributor | A collaborator,"Updating a stacked pull request after the lower layer changes, while the original author is no longer active.",True
OSS-22-018,04-pull-requests,22-pull-request-conflicts-and-obsolescence,contribute,beginner,A pull request author | A maintainer | A release contributor | A collaborator,"Checking whether an old pull request still solves the current problem, while review approval is dismissed after new commits.",True
OSS-22-019,04-pull-requests,22-pull-request-conflicts-and-obsolescence,contribute,beginner,A pull request author | A maintainer | A release contributor | A collaborator,"Porting useful parts of an obsolete pull request into a new design, while another contributor has already started a replacement pull request.",True
OSS-22-020,04-pull-requests,22-pull-request-conflicts-and-obsolescence,contribute,beginner,A pull request author | A maintainer | A release contributor | A collaborator,"Recovering attribution when replacing an abandoned implementation, while the original author is no longer active.",True
OSS-22-021,04-pull-requests,22-pull-request-conflicts-and-obsolescence,contribute,intermediate,A pull request author | A maintainer | A release contributor | A collaborator,"Updating a pull request that conflicts with the default branch, while conflict resolution changes behavior beyond the original scope.",True
OSS-22-022,04-pull-requests,22-pull-request-conflicts-and-obsolescence,contribute,intermediate,A pull request author | A maintainer | A release contributor | A collaborator,"Handling a patch whose target code was refactored upstream, while the base branch has changed more than once.",True
OSS-22-023,04-pull-requests,22-pull-request-conflicts-and-obsolescence,contribute,intermediate,A pull request author | A maintainer | A release contributor | A collaborator,"Deciding whether to rebase or merge the latest base branch, while the project discourages merge commits in pull request branches.",True
OSS-22-024,04-pull-requests,22-pull-request-conflicts-and-obsolescence,contribute,intermediate,A pull request author | A maintainer | A release contributor | A collaborator,"Refreshing a pull request after its dependency is merged, while conflict resolution changes behavior beyond the original scope.",True
OSS-22-025,04-pull-requests,22-pull-request-conflicts-and-obsolescence,contribute,intermediate,A pull request author | A maintainer | A release contributor | A collaborator,"Resolving conflicts in files changed by automated generation, while the base branch has changed more than once.",True
OSS-22-026,04-pull-requests,22-pull-request-conflicts-and-obsolescence,contribute,intermediate,A pull request author | A maintainer | A release contributor | A collaborator,"Rebasing a pull request that has extensive line-level review comments, while the project discourages merge commits in pull request branches.",True
OSS-22-027,04-pull-requests,22-pull-request-conflicts-and-obsolescence,contribute,intermediate,A pull request author | A maintainer | A release contributor | A collaborator,"Updating a stacked pull request after the lower layer changes, while conflict resolution changes behavior beyond the original scope.",True
OSS-22-028,04-pull-requests,22-pull-request-conflicts-and-obsolescence,contribute,intermediate,A pull request author | A maintainer | A release contributor | A collaborator,"Checking whether an old pull request still solves the current problem, while the base branch has changed more than once.",True
OSS-22-029,04-pull-requests,22-pull-request-conflicts-and-obsolescence,contribute,intermediate,A pull request author | A maintainer | A release contributor | A collaborator,"Porting useful parts of an obsolete pull request into a new design, while the project discourages merge commits in pull request branches.",True
OSS-22-030,04-pull-requests,22-pull-request-conflicts-and-obsolescence,contribute,intermediate,A pull request author | A maintainer | A release contributor | A collaborator,"Recovering attribution when replacing an abandoned implementation, while conflict resolution changes behavior beyond the original scope.",True
OSS-22-031,04-pull-requests,22-pull-request-conflicts-and-obsolescence,contribute,intermediate,A pull request author | A maintainer | A release contributor | A collaborator,"Updating a pull request that conflicts with the default branch, while review approval is dismissed after new commits.",True
OSS-22-032,04-pull-requests,22-pull-request-conflicts-and-obsolescence,contribute,intermediate,A pull request author | A maintainer | A release contributor | A collaborator,"Handling a patch whose target code was refactored upstream, while another contributor has already started a replacement pull request.",True
OSS-22-033,04-pull-requests,22-pull-request-conflicts-and-obsolescence,contribute,intermediate,A pull request author | A maintainer | A release contributor | A collaborator,"Deciding whether to rebase or merge the latest base branch, while the original author is no longer active.",True
OSS-22-034,04-pull-requests,22-pull-request-conflicts-and-obsolescence,contribute,intermediate,A pull request author | A maintainer | A release contributor | A collaborator,"Refreshing a pull request after its dependency is merged, while review approval is dismissed after new commits.",True
OSS-22-035,04-pull-requests,22-pull-request-conflicts-and-obsolescence,contribute,intermediate,A pull request author | A maintainer | A release contributor | A collaborator,"Resolving conflicts in files changed by automated generation, while another contributor has already started a replacement pull request.",True
OSS-22-036,04-pull-requests,22-pull-request-conflicts-and-obsolescence,contribute,intermediate,A pull request author | A maintainer | A release contributor | A collaborator,"Rebasing a pull request that has extensive line-level review comments, while the original author is no longer active.",True
OSS-22-037,04-pull-requests,22-pull-request-conflicts-and-obsolescence,contribute,intermediate,A pull request author | A maintainer | A release contributor | A collaborator,"Updating a stacked pull request after the lower layer changes, while review approval is dismissed after new commits.",True
OSS-22-038,04-pull-requests,22-pull-request-conflicts-and-obsolescence,contribute,intermediate,A pull request author | A maintainer | A release contributor | A collaborator,"Checking whether an old pull request still solves the current problem, while another contributor has already started a replacement pull request.",True
OSS-22-039,04-pull-requests,22-pull-request-conflicts-and-obsolescence,contribute,intermediate,A pull request author | A maintainer | A release contributor | A collaborator,"Porting useful parts of an obsolete pull request into a new design, while the original author is no longer active.",True
OSS-22-040,04-pull-requests,22-pull-request-conflicts-and-obsolescence,contribute,intermediate,A pull request author | A maintainer | A release contributor | A collaborator,"Recovering attribution when replacing an abandoned implementation, while review approval is dismissed after new commits.",True
OSS-22-041,04-pull-requests,22-pull-request-conflicts-and-obsolescence,contribute,advanced,A pull request author | A maintainer | A release contributor | A collaborator,"Updating a pull request that conflicts with the default branch, while the base branch has changed more than once.",True
OSS-22-042,04-pull-requests,22-pull-request-conflicts-and-obsolescence,contribute,advanced,A pull request author | A maintainer | A release contributor | A collaborator,"Handling a patch whose target code was refactored upstream, while the project discourages merge commits in pull request branches.",True
OSS-22-043,04-pull-requests,22-pull-request-conflicts-and-obsolescence,contribute,advanced,A pull request author | A maintainer | A release contributor | A collaborator,"Deciding whether to rebase or merge the latest base branch, while conflict resolution changes behavior beyond the original scope.",True
OSS-22-044,04-pull-requests,22-pull-request-conflicts-and-obsolescence,contribute,advanced,A pull request author | A maintainer | A release contributor | A collaborator,"Refreshing a pull request after its dependency is merged, while the base branch has changed more than once.",True
OSS-22-045,04-pull-requests,22-pull-request-conflicts-and-obsolescence,contribute,advanced,A pull request author | A maintainer | A release contributor | A collaborator,"Resolving conflicts in files changed by automated generation, while the project discourages merge commits in pull request branches.",True
OSS-22-046,04-pull-requests,22-pull-request-conflicts-and-obsolescence,contribute,advanced,A pull request author | A maintainer | A release contributor | A collaborator,"Rebasing a pull request that has extensive line-level review comments, while conflict resolution changes behavior beyond the original scope.",True
OSS-22-047,04-pull-requests,22-pull-request-conflicts-and-obsolescence,contribute,advanced,A pull request author | A maintainer | A release contributor | A collaborator,"Updating a stacked pull request after the lower layer changes, while the base branch has changed more than once.",True
OSS-22-048,04-pull-requests,22-pull-request-conflicts-and-obsolescence,contribute,advanced,A pull request author | A maintainer | A release contributor | A collaborator,"Checking whether an old pull request still solves the current problem, while the project discourages merge commits in pull request branches.",True
OSS-22-049,04-pull-requests,22-pull-request-conflicts-and-obsolescence,contribute,advanced,A pull request author | A maintainer | A release contributor | A collaborator,"Porting useful parts of an obsolete pull request into a new design, while conflict resolution changes behavior beyond the original scope.",True
OSS-22-050,04-pull-requests,22-pull-request-conflicts-and-obsolescence,contribute,advanced,A pull request author | A maintainer | A release contributor | A collaborator,"Recovering attribution when replacing an abandoned implementation, while the base branch has changed more than once.",True
OSS-23-001,04-pull-requests,23-closed-rejected-and-superseded-pull-requests,grow,beginner,A pull request author | A maintainer | A newcomer | A collaborating contributor,"Understanding why a technically correct pull request was declined, while the closure explanation is short or ambiguous.",True
OSS-23-002,04-pull-requests,23-closed-rejected-and-superseded-pull-requests,grow,beginner,A pull request author | A maintainer | A newcomer | A collaborating contributor,"Responding when maintainers close a pull request without merging it, while another implementation retains parts of the author's work.",True
OSS-23-003,04-pull-requests,23-closed-rejected-and-superseded-pull-requests,grow,beginner,A pull request author | A maintainer | A newcomer | A collaborating contributor,"Preserving useful work after a project changes direction, while discussion became emotional before the final decision.",True
OSS-23-004,04-pull-requests,23-closed-rejected-and-superseded-pull-requests,grow,beginner,A pull request author | A maintainer | A newcomer | A collaborating contributor,"Handling a pull request superseded by a maintainer's implementation, while the closure explanation is short or ambiguous.",True
OSS-23-005,04-pull-requests,23-closed-rejected-and-superseded-pull-requests,grow,beginner,A pull request author | A maintainer | A newcomer | A collaborating contributor,"Deciding whether to reopen a pull request after new evidence appears, while another implementation retains parts of the author's work.",True
OSS-23-006,04-pull-requests,23-closed-rejected-and-superseded-pull-requests,grow,beginner,A pull request author | A maintainer | A newcomer | A collaborating contributor,"Extracting an independent fix from a rejected broad change, while discussion became emotional before the final decision.",True
OSS-23-007,04-pull-requests,23-closed-rejected-and-superseded-pull-requests,grow,beginner,A pull request author | A maintainer | A newcomer | A collaborating contributor,"Documenting lessons from a contribution that will not be merged, while the closure explanation is short or ambiguous.",True
OSS-23-008,04-pull-requests,23-closed-rejected-and-superseded-pull-requests,grow,beginner,A pull request author | A maintainer | A newcomer | A collaborating contributor,"Handling a pull request closed because the issue was invalid, while another implementation retains parts of the author's work.",True
OSS-23-009,04-pull-requests,23-closed-rejected-and-superseded-pull-requests,grow,beginner,A pull request author | A maintainer | A newcomer | A collaborating contributor,"Coordinating when two pull requests implement the same solution, while discussion became emotional before the final decision.",True
OSS-23-010,04-pull-requests,23-closed-rejected-and-superseded-pull-requests,grow,beginner,A pull request author | A maintainer | A newcomer | A collaborating contributor,"Returning to the community after a disappointing review outcome, while the closure explanation is short or ambiguous.",True
OSS-23-011,04-pull-requests,23-closed-rejected-and-superseded-pull-requests,grow,beginner,A pull request author | A maintainer | A newcomer | A collaborating contributor,"Understanding why a technically correct pull request was declined, while substantial time was invested before design agreement.",True
OSS-23-012,04-pull-requests,23-closed-rejected-and-superseded-pull-requests,grow,beginner,A pull request author | A maintainer | A newcomer | A collaborating contributor,"Responding when maintainers close a pull request without merging it, while the project cannot commit to maintaining the new behavior.",True
OSS-23-013,04-pull-requests,23-closed-rejected-and-superseded-pull-requests,grow,beginner,A pull request author | A maintainer | A newcomer | A collaborating contributor,"Preserving useful work after a project changes direction, while the contributor was participating for a mentorship application.",True
OSS-23-014,04-pull-requests,23-closed-rejected-and-superseded-pull-requests,grow,beginner,A pull request author | A maintainer | A newcomer | A collaborating contributor,"Handling a pull request superseded by a maintainer's implementation, while substantial time was invested before design agreement.",True
OSS-23-015,04-pull-requests,23-closed-rejected-and-superseded-pull-requests,grow,beginner,A pull request author | A maintainer | A newcomer | A collaborating contributor,"Deciding whether to reopen a pull request after new evidence appears, while the project cannot commit to maintaining the new behavior.",True
OSS-23-016,04-pull-requests,23-closed-rejected-and-superseded-pull-requests,grow,beginner,A pull request author | A maintainer | A newcomer | A collaborating contributor,"Extracting an independent fix from a rejected broad change, while the contributor was participating for a mentorship application.",True
OSS-23-017,04-pull-requests,23-closed-rejected-and-superseded-pull-requests,grow,beginner,A pull request author | A maintainer | A newcomer | A collaborating contributor,"Documenting lessons from a contribution that will not be merged, while substantial time was invested before design agreement.",True
OSS-23-018,04-pull-requests,23-closed-rejected-and-superseded-pull-requests,grow,beginner,A pull request author | A maintainer | A newcomer | A collaborating contributor,"Handling a pull request closed because the issue was invalid, while the project cannot commit to maintaining the new behavior.",True
OSS-23-019,04-pull-requests,23-closed-rejected-and-superseded-pull-requests,grow,beginner,A pull request author | A maintainer | A newcomer | A collaborating contributor,"Coordinating when two pull requests implement the same solution, while the contributor was participating for a mentorship application.",True
OSS-23-020,04-pull-requests,23-closed-rejected-and-superseded-pull-requests,grow,beginner,A pull request author | A maintainer | A newcomer | A collaborating contributor,"Returning to the community after a disappointing review outcome, while substantial time was invested before design agreement.",True
OSS-23-021,04-pull-requests,23-closed-rejected-and-superseded-pull-requests,grow,intermediate,A pull request author | A maintainer | A newcomer | A collaborating contributor,"Understanding why a technically correct pull request was declined, while another implementation retains parts of the author's work.",True
OSS-23-022,04-pull-requests,23-closed-rejected-and-superseded-pull-requests,grow,intermediate,A pull request author | A maintainer | A newcomer | A collaborating contributor,"Responding when maintainers close a pull request without merging it, while discussion became emotional before the final decision.",True
OSS-23-023,04-pull-requests,23-closed-rejected-and-superseded-pull-requests,grow,intermediate,A pull request author | A maintainer | A newcomer | A collaborating contributor,"Preserving useful work after a project changes direction, while the closure explanation is short or ambiguous.",True
OSS-23-024,04-pull-requests,23-closed-rejected-and-superseded-pull-requests,grow,intermediate,A pull request author | A maintainer | A newcomer | A collaborating contributor,"Handling a pull request superseded by a maintainer's implementation, while another implementation retains parts of the author's work.",True
OSS-23-025,04-pull-requests,23-closed-rejected-and-superseded-pull-requests,grow,intermediate,A pull request author | A maintainer | A newcomer | A collaborating contributor,"Deciding whether to reopen a pull request after new evidence appears, while discussion became emotional before the final decision.",True
OSS-23-026,04-pull-requests,23-closed-rejected-and-superseded-pull-requests,grow,intermediate,A pull request author | A maintainer | A newcomer | A collaborating contributor,"Extracting an independent fix from a rejected broad change, while the closure explanation is short or ambiguous.",True
OSS-23-027,04-pull-requests,23-closed-rejected-and-superseded-pull-requests,grow,intermediate,A pull request author | A maintainer | A newcomer | A collaborating contributor,"Documenting lessons from a contribution that will not be merged, while another implementation retains parts of the author's work.",True
OSS-23-028,04-pull-requests,23-closed-rejected-and-superseded-pull-requests,grow,intermediate,A pull request author | A maintainer | A newcomer | A collaborating contributor,"Handling a pull request closed because the issue was invalid, while discussion became emotional before the final decision.",True
OSS-23-029,04-pull-requests,23-closed-rejected-and-superseded-pull-requests,grow,intermediate,A pull request author | A maintainer | A newcomer | A collaborating contributor,"Coordinating when two pull requests implement the same solution, while the closure explanation is short or ambiguous.",True
OSS-23-030,04-pull-requests,23-closed-rejected-and-superseded-pull-requests,grow,intermediate,A pull request author | A maintainer | A newcomer | A collaborating contributor,"Returning to the community after a disappointing review outcome, while another implementation retains parts of the author's work.",True
OSS-23-031,04-pull-requests,23-closed-rejected-and-superseded-pull-requests,grow,intermediate,A pull request author | A maintainer | A newcomer | A collaborating contributor,"Understanding why a technically correct pull request was declined, while the project cannot commit to maintaining the new behavior.",True
OSS-23-032,04-pull-requests,23-closed-rejected-and-superseded-pull-requests,grow,intermediate,A pull request author | A maintainer | A newcomer | A collaborating contributor,"Responding when maintainers close a pull request without merging it, while the contributor was participating for a mentorship application.",True
OSS-23-033,04-pull-requests,23-closed-rejected-and-superseded-pull-requests,grow,intermediate,A pull request author | A maintainer | A newcomer | A collaborating contributor,"Preserving useful work after a project changes direction, while substantial time was invested before design agreement.",True
OSS-23-034,04-pull-requests,23-closed-rejected-and-superseded-pull-requests,grow,intermediate,A pull request author | A maintainer | A newcomer | A collaborating contributor,"Handling a pull request superseded by a maintainer's implementation, while the project cannot commit to maintaining the new behavior.",True
OSS-23-035,04-pull-requests,23-closed-rejected-and-superseded-pull-requests,grow,intermediate,A pull request author | A maintainer | A newcomer | A collaborating contributor,"Deciding whether to reopen a pull request after new evidence appears, while the contributor was participating for a mentorship application.",True
OSS-23-036,04-pull-requests,23-closed-rejected-and-superseded-pull-requests,grow,intermediate,A pull request author | A maintainer | A newcomer | A collaborating contributor,"Extracting an independent fix from a rejected broad change, while substantial time was invested before design agreement.",True
OSS-23-037,04-pull-requests,23-closed-rejected-and-superseded-pull-requests,grow,intermediate,A pull request author | A maintainer | A newcomer | A collaborating contributor,"Documenting lessons from a contribution that will not be merged, while the project cannot commit to maintaining the new behavior.",True
OSS-23-038,04-pull-requests,23-closed-rejected-and-superseded-pull-requests,grow,intermediate,A pull request author | A maintainer | A newcomer | A collaborating contributor,"Handling a pull request closed because the issue was invalid, while the contributor was participating for a mentorship application.",True
OSS-23-039,04-pull-requests,23-closed-rejected-and-superseded-pull-requests,grow,intermediate,A pull request author | A maintainer | A newcomer | A collaborating contributor,"Coordinating when two pull requests implement the same solution, while substantial time was invested before design agreement.",True
OSS-23-040,04-pull-requests,23-closed-rejected-and-superseded-pull-requests,grow,intermediate,A pull request author | A maintainer | A newcomer | A collaborating contributor,"Returning to the community after a disappointing review outcome, while the project cannot commit to maintaining the new behavior.",True
OSS-23-041,04-pull-requests,23-closed-rejected-and-superseded-pull-requests,grow,advanced,A pull request author | A maintainer | A newcomer | A collaborating contributor,"Understanding why a technically correct pull request was declined, while discussion became emotional before the final decision.",True
OSS-23-042,04-pull-requests,23-closed-rejected-and-superseded-pull-requests,grow,advanced,A pull request author | A maintainer | A newcomer | A collaborating contributor,"Responding when maintainers close a pull request without merging it, while the closure explanation is short or ambiguous.",True
OSS-23-043,04-pull-requests,23-closed-rejected-and-superseded-pull-requests,grow,advanced,A pull request author | A maintainer | A newcomer | A collaborating contributor,"Preserving useful work after a project changes direction, while another implementation retains parts of the author's work.",True
OSS-23-044,04-pull-requests,23-closed-rejected-and-superseded-pull-requests,grow,advanced,A pull request author | A maintainer | A newcomer | A collaborating contributor,"Handling a pull request superseded by a maintainer's implementation, while discussion became emotional before the final decision.",True
OSS-23-045,04-pull-requests,23-closed-rejected-and-superseded-pull-requests,grow,advanced,A pull request author | A maintainer | A newcomer | A collaborating contributor,"Deciding whether to reopen a pull request after new evidence appears, while the closure explanation is short or ambiguous.",True
OSS-23-046,04-pull-requests,23-closed-rejected-and-superseded-pull-requests,grow,advanced,A pull request author | A maintainer | A newcomer | A collaborating contributor,"Extracting an independent fix from a rejected broad change, while another implementation retains parts of the author's work.",True
OSS-23-047,04-pull-requests,23-closed-rejected-and-superseded-pull-requests,grow,advanced,A pull request author | A maintainer | A newcomer | A collaborating contributor,"Documenting lessons from a contribution that will not be merged, while discussion became emotional before the final decision.",True
OSS-23-048,04-pull-requests,23-closed-rejected-and-superseded-pull-requests,grow,advanced,A pull request author | A maintainer | A newcomer | A collaborating contributor,"Handling a pull request closed because the issue was invalid, while the closure explanation is short or ambiguous.",True
OSS-23-049,04-pull-requests,23-closed-rejected-and-superseded-pull-requests,grow,advanced,A pull request author | A maintainer | A newcomer | A collaborating contributor,"Coordinating when two pull requests implement the same solution, while another implementation retains parts of the author's work.",True
OSS-23-050,04-pull-requests,23-closed-rejected-and-superseded-pull-requests,grow,advanced,A pull request author | A maintainer | A newcomer | A collaborating contributor,"Returning to the community after a disappointing review outcome, while discussion became emotional before the final decision.",True
OSS-24-001,05-quality-documentation-and-inclusion,24-testing-and-quality-assurance,contribute,beginner,A test contributor | A feature author | A reviewer | A release tester,"Designing a regression test before changing implementation code, while the full test environment is expensive to run locally.",True
OSS-24-002,05-quality-documentation-and-inclusion,24-testing-and-quality-assurance,contribute,beginner,A test contributor | A feature author | A reviewer | A release tester,"Testing behavior across supported operating systems, while the failure depends on external network availability.",True
OSS-24-003,05-quality-documentation-and-inclusion,24-testing-and-quality-assurance,contribute,beginner,A test contributor | A feature author | A reviewer | A release tester,"Adding coverage for an error path that is difficult to trigger, while test fixtures contain outdated assumptions.",True
OSS-24-004,05-quality-documentation-and-inclusion,24-testing-and-quality-assurance,contribute,beginner,A test contributor | A feature author | A reviewer | A release tester,"Deciding the appropriate level for a new test, while the full test environment is expensive to run locally.",True
OSS-24-005,05-quality-documentation-and-inclusion,24-testing-and-quality-assurance,contribute,beginner,A test contributor | A feature author | A reviewer | A release tester,"Reproducing a race condition with unreliable timing, while the failure depends on external network availability.",True
OSS-24-006,05-quality-documentation-and-inclusion,24-testing-and-quality-assurance,contribute,beginner,A test contributor | A feature author | A reviewer | A release tester,"Testing compatibility with multiple dependency versions, while test fixtures contain outdated assumptions.",True
OSS-24-007,05-quality-documentation-and-inclusion,24-testing-and-quality-assurance,contribute,beginner,A test contributor | A feature author | A reviewer | A release tester,"Validating a user-interface change with assistive technology, while the full test environment is expensive to run locally.",True
OSS-24-008,05-quality-documentation-and-inclusion,24-testing-and-quality-assurance,contribute,beginner,A test contributor | A feature author | A reviewer | A release tester,"Testing an upgrade path from an older release, while the failure depends on external network availability.",True
OSS-24-009,05-quality-documentation-and-inclusion,24-testing-and-quality-assurance,contribute,beginner,A test contributor | A feature author | A reviewer | A release tester,"Reviewing whether a mock hides important integration behavior, while test fixtures contain outdated assumptions.",True
OSS-24-010,05-quality-documentation-and-inclusion,24-testing-and-quality-assurance,contribute,beginner,A test contributor | A feature author | A reviewer | A release tester,"Reducing a slow test without weakening its assertion, while the full test environment is expensive to run locally.",True
OSS-24-011,05-quality-documentation-and-inclusion,24-testing-and-quality-assurance,contribute,beginner,A test contributor | A feature author | A reviewer | A release tester,"Designing a regression test before changing implementation code, while existing tests encode undocumented behavior.",True
OSS-24-012,05-quality-documentation-and-inclusion,24-testing-and-quality-assurance,contribute,beginner,A test contributor | A feature author | A reviewer | A release tester,"Testing behavior across supported operating systems, while coverage improves while meaningful assertions remain weak.",True
OSS-24-013,05-quality-documentation-and-inclusion,24-testing-and-quality-assurance,contribute,beginner,A test contributor | A feature author | A reviewer | A release tester,"Adding coverage for an error path that is difficult to trigger, while the project supports platforms unavailable to the contributor.",True
OSS-24-014,05-quality-documentation-and-inclusion,24-testing-and-quality-assurance,contribute,beginner,A test contributor | A feature author | A reviewer | A release tester,"Deciding the appropriate level for a new test, while existing tests encode undocumented behavior.",True
OSS-24-015,05-quality-documentation-and-inclusion,24-testing-and-quality-assurance,contribute,beginner,A test contributor | A feature author | A reviewer | A release tester,"Reproducing a race condition with unreliable timing, while coverage improves while meaningful assertions remain weak.",True
OSS-24-016,05-quality-documentation-and-inclusion,24-testing-and-quality-assurance,contribute,beginner,A test contributor | A feature author | A reviewer | A release tester,"Testing compatibility with multiple dependency versions, while the project supports platforms unavailable to the contributor.",True
OSS-24-017,05-quality-documentation-and-inclusion,24-testing-and-quality-assurance,contribute,beginner,A test contributor | A feature author | A reviewer | A release tester,"Validating a user-interface change with assistive technology, while existing tests encode undocumented behavior.",True
OSS-24-018,05-quality-documentation-and-inclusion,24-testing-and-quality-assurance,contribute,beginner,A test contributor | A feature author | A reviewer | A release tester,"Testing an upgrade path from an older release, while coverage improves while meaningful assertions remain weak.",True
OSS-24-019,05-quality-documentation-and-inclusion,24-testing-and-quality-assurance,contribute,beginner,A test contributor | A feature author | A reviewer | A release tester,"Reviewing whether a mock hides important integration behavior, while the project supports platforms unavailable to the contributor.",True
OSS-24-020,05-quality-documentation-and-inclusion,24-testing-and-quality-assurance,contribute,beginner,A test contributor | A feature author | A reviewer | A release tester,"Reducing a slow test without weakening its assertion, while existing tests encode undocumented behavior.",True
OSS-24-021,05-quality-documentation-and-inclusion,24-testing-and-quality-assurance,contribute,intermediate,A test contributor | A feature author | A reviewer | A release tester,"Designing a regression test before changing implementation code, while the failure depends on external network availability.",True
OSS-24-022,05-quality-documentation-and-inclusion,24-testing-and-quality-assurance,contribute,intermediate,A test contributor | A feature author | A reviewer | A release tester,"Testing behavior across supported operating systems, while test fixtures contain outdated assumptions.",True
OSS-24-023,05-quality-documentation-and-inclusion,24-testing-and-quality-assurance,contribute,intermediate,A test contributor | A feature author | A reviewer | A release tester,"Adding coverage for an error path that is difficult to trigger, while the full test environment is expensive to run locally.",True
OSS-24-024,05-quality-documentation-and-inclusion,24-testing-and-quality-assurance,contribute,intermediate,A test contributor | A feature author | A reviewer | A release tester,"Deciding the appropriate level for a new test, while the failure depends on external network availability.",True
OSS-24-025,05-quality-documentation-and-inclusion,24-testing-and-quality-assurance,contribute,intermediate,A test contributor | A feature author | A reviewer | A release tester,"Reproducing a race condition with unreliable timing, while test fixtures contain outdated assumptions.",True
OSS-24-026,05-quality-documentation-and-inclusion,24-testing-and-quality-assurance,contribute,intermediate,A test contributor | A feature author | A reviewer | A release tester,"Testing compatibility with multiple dependency versions, while the full test environment is expensive to run locally.",True
OSS-24-027,05-quality-documentation-and-inclusion,24-testing-and-quality-assurance,contribute,intermediate,A test contributor | A feature author | A reviewer | A release tester,"Validating a user-interface change with assistive technology, while the failure depends on external network availability.",True
OSS-24-028,05-quality-documentation-and-inclusion,24-testing-and-quality-assurance,contribute,intermediate,A test contributor | A feature author | A reviewer | A release tester,"Testing an upgrade path from an older release, while test fixtures contain outdated assumptions.",True
OSS-24-029,05-quality-documentation-and-inclusion,24-testing-and-quality-assurance,contribute,intermediate,A test contributor | A feature author | A reviewer | A release tester,"Reviewing whether a mock hides important integration behavior, while the full test environment is expensive to run locally.",True
OSS-24-030,05-quality-documentation-and-inclusion,24-testing-and-quality-assurance,contribute,intermediate,A test contributor | A feature author | A reviewer | A release tester,"Reducing a slow test without weakening its assertion, while the failure depends on external network availability.",True
OSS-24-031,05-quality-documentation-and-inclusion,24-testing-and-quality-assurance,contribute,intermediate,A test contributor | A feature author | A reviewer | A release tester,"Designing a regression test before changing implementation code, while coverage improves while meaningful assertions remain weak.",True
OSS-24-032,05-quality-documentation-and-inclusion,24-testing-and-quality-assurance,contribute,intermediate,A test contributor | A feature author | A reviewer | A release tester,"Testing behavior across supported operating systems, while the project supports platforms unavailable to the contributor.",True
OSS-24-033,05-quality-documentation-and-inclusion,24-testing-and-quality-assurance,contribute,intermediate,A test contributor | A feature author | A reviewer | A release tester,"Adding coverage for an error path that is difficult to trigger, while existing tests encode undocumented behavior.",True
OSS-24-034,05-quality-documentation-and-inclusion,24-testing-and-quality-assurance,contribute,intermediate,A test contributor | A feature author | A reviewer | A release tester,"Deciding the appropriate level for a new test, while coverage improves while meaningful assertions remain weak.",True
OSS-24-035,05-quality-documentation-and-inclusion,24-testing-and-quality-assurance,contribute,intermediate,A test contributor | A feature author | A reviewer | A release tester,"Reproducing a race condition with unreliable timing, while the project supports platforms unavailable to the contributor.",True
OSS-24-036,05-quality-documentation-and-inclusion,24-testing-and-quality-assurance,contribute,intermediate,A test contributor | A feature author | A reviewer | A release tester,"Testing compatibility with multiple dependency versions, while existing tests encode undocumented behavior.",True
OSS-24-037,05-quality-documentation-and-inclusion,24-testing-and-quality-assurance,contribute,intermediate,A test contributor | A feature author | A reviewer | A release tester,"Validating a user-interface change with assistive technology, while coverage improves while meaningful assertions remain weak.",True
OSS-24-038,05-quality-documentation-and-inclusion,24-testing-and-quality-assurance,contribute,intermediate,A test contributor | A feature author | A reviewer | A release tester,"Testing an upgrade path from an older release, while the project supports platforms unavailable to the contributor.",True
OSS-24-039,05-quality-documentation-and-inclusion,24-testing-and-quality-assurance,contribute,intermediate,A test contributor | A feature author | A reviewer | A release tester,"Reviewing whether a mock hides important integration behavior, while existing tests encode undocumented behavior.",True
OSS-24-040,05-quality-documentation-and-inclusion,24-testing-and-quality-assurance,contribute,intermediate,A test contributor | A feature author | A reviewer | A release tester,"Reducing a slow test without weakening its assertion, while coverage improves while meaningful assertions remain weak.",True
OSS-24-041,05-quality-documentation-and-inclusion,24-testing-and-quality-assurance,contribute,advanced,A test contributor | A feature author | A reviewer | A release tester,"Designing a regression test before changing implementation code, while test fixtures contain outdated assumptions.",True
OSS-24-042,05-quality-documentation-and-inclusion,24-testing-and-quality-assurance,contribute,advanced,A test contributor | A feature author | A reviewer | A release tester,"Testing behavior across supported operating systems, while the full test environment is expensive to run locally.",True
OSS-24-043,05-quality-documentation-and-inclusion,24-testing-and-quality-assurance,contribute,advanced,A test contributor | A feature author | A reviewer | A release tester,"Adding coverage for an error path that is difficult to trigger, while the failure depends on external network availability.",True
OSS-24-044,05-quality-documentation-and-inclusion,24-testing-and-quality-assurance,contribute,advanced,A test contributor | A feature author | A reviewer | A release tester,"Deciding the appropriate level for a new test, while test fixtures contain outdated assumptions.",True
OSS-24-045,05-quality-documentation-and-inclusion,24-testing-and-quality-assurance,contribute,advanced,A test contributor | A feature author | A reviewer | A release tester,"Reproducing a race condition with unreliable timing, while the full test environment is expensive to run locally.",True
OSS-24-046,05-quality-documentation-and-inclusion,24-testing-and-quality-assurance,contribute,advanced,A test contributor | A feature author | A reviewer | A release tester,"Testing compatibility with multiple dependency versions, while the failure depends on external network availability.",True
OSS-24-047,05-quality-documentation-and-inclusion,24-testing-and-quality-assurance,contribute,advanced,A test contributor | A feature author | A reviewer | A release tester,"Validating a user-interface change with assistive technology, while test fixtures contain outdated assumptions.",True
OSS-24-048,05-quality-documentation-and-inclusion,24-testing-and-quality-assurance,contribute,advanced,A test contributor | A feature author | A reviewer | A release tester,"Testing an upgrade path from an older release, while the full test environment is expensive to run locally.",True
OSS-24-049,05-quality-documentation-and-inclusion,24-testing-and-quality-assurance,contribute,advanced,A test contributor | A feature author | A reviewer | A release tester,"Reviewing whether a mock hides important integration behavior, while the failure depends on external network availability.",True
OSS-24-050,05-quality-documentation-and-inclusion,24-testing-and-quality-assurance,contribute,advanced,A test contributor | A feature author | A reviewer | A release tester,"Reducing a slow test without weakening its assertion, while test fixtures contain outdated assumptions.",True
OSS-25-001,05-quality-documentation-and-inclusion,25-documentation-contributions,contribute,beginner,A documentation contributor | A newcomer | A technical writer | A code contributor,"Correcting instructions that no longer match the product, while the documentation source is generated from code comments.",True
OSS-25-002,05-quality-documentation-and-inclusion,25-documentation-contributions,contribute,beginner,A documentation contributor | A newcomer | A technical writer | A code contributor,"Adding a conceptual explanation without duplicating reference material, while the style guide conflicts with terminology used in the interface.",True
OSS-25-003,05-quality-documentation-and-inclusion,25-documentation-contributions,contribute,beginner,A documentation contributor | A newcomer | A technical writer | A code contributor,"Documenting an error message that users frequently misunderstand, while the subject-matter expert is not available for review.",True
OSS-25-004,05-quality-documentation-and-inclusion,25-documentation-contributions,contribute,beginner,A documentation contributor | A newcomer | A technical writer | A code contributor,"Writing an example for a complex configuration, while the documentation source is generated from code comments.",True
OSS-25-005,05-quality-documentation-and-inclusion,25-documentation-contributions,contribute,beginner,A documentation contributor | A newcomer | A technical writer | A code contributor,"Updating several language versions of the same page, while the style guide conflicts with terminology used in the interface.",True
OSS-25-006,05-quality-documentation-and-inclusion,25-documentation-contributions,contribute,beginner,A documentation contributor | A newcomer | A technical writer | A code contributor,"Deciding whether information belongs in README or long-form documentation, while the subject-matter expert is not available for review.",True
OSS-25-007,05-quality-documentation-and-inclusion,25-documentation-contributions,contribute,beginner,A documentation contributor | A newcomer | A technical writer | A code contributor,"Reviewing documentation for a feature still under development, while the documentation source is generated from code comments.",True
OSS-25-008,05-quality-documentation-and-inclusion,25-documentation-contributions,contribute,beginner,A documentation contributor | A newcomer | A technical writer | A code contributor,"Adding migration guidance for a breaking change, while the style guide conflicts with terminology used in the interface.",True
OSS-25-009,05-quality-documentation-and-inclusion,25-documentation-contributions,contribute,beginner,A documentation contributor | A newcomer | A technical writer | A code contributor,"Improving navigation without changing technical content, while the subject-matter expert is not available for review.",True
OSS-25-010,05-quality-documentation-and-inclusion,25-documentation-contributions,contribute,beginner,A documentation contributor | A newcomer | A technical writer | A code contributor,"Documenting behavior discovered while fixing a bug, while the documentation source is generated from code comments.",True
OSS-25-011,05-quality-documentation-and-inclusion,25-documentation-contributions,contribute,beginner,A documentation contributor | A newcomer | A technical writer | A code contributor,"Correcting instructions that no longer match the product, while multiple versions of the project remain supported.",True
OSS-25-012,05-quality-documentation-and-inclusion,25-documentation-contributions,contribute,beginner,A documentation contributor | A newcomer | A technical writer | A code contributor,"Adding a conceptual explanation without duplicating reference material, while screenshots become outdated quickly.",True
OSS-25-013,05-quality-documentation-and-inclusion,25-documentation-contributions,contribute,beginner,A documentation contributor | A newcomer | A technical writer | A code contributor,"Documenting an error message that users frequently misunderstand, while the repository separates docs across several sites.",True
OSS-25-014,05-quality-documentation-and-inclusion,25-documentation-contributions,contribute,beginner,A documentation contributor | A newcomer | A technical writer | A code contributor,"Writing an example for a complex configuration, while multiple versions of the project remain supported.",True
OSS-25-015,05-quality-documentation-and-inclusion,25-documentation-contributions,contribute,beginner,A documentation contributor | A newcomer | A technical writer | A code contributor,"Updating several language versions of the same page, while screenshots become outdated quickly.",True
OSS-25-016,05-quality-documentation-and-inclusion,25-documentation-contributions,contribute,beginner,A documentation contributor | A newcomer | A technical writer | A code contributor,"Deciding whether information belongs in README or long-form documentation, while the repository separates docs across several sites.",True
OSS-25-017,05-quality-documentation-and-inclusion,25-documentation-contributions,contribute,beginner,A documentation contributor | A newcomer | A technical writer | A code contributor,"Reviewing documentation for a feature still under development, while multiple versions of the project remain supported.",True
OSS-25-018,05-quality-documentation-and-inclusion,25-documentation-contributions,contribute,beginner,A documentation contributor | A newcomer | A technical writer | A code contributor,"Adding migration guidance for a breaking change, while screenshots become outdated quickly.",True
OSS-25-019,05-quality-documentation-and-inclusion,25-documentation-contributions,contribute,beginner,A documentation contributor | A newcomer | A technical writer | A code contributor,"Improving navigation without changing technical content, while the repository separates docs across several sites.",True
OSS-25-020,05-quality-documentation-and-inclusion,25-documentation-contributions,contribute,beginner,A documentation contributor | A newcomer | A technical writer | A code contributor,"Documenting behavior discovered while fixing a bug, while multiple versions of the project remain supported.",True
OSS-25-021,05-quality-documentation-and-inclusion,25-documentation-contributions,contribute,intermediate,A documentation contributor | A newcomer | A technical writer | A code contributor,"Correcting instructions that no longer match the product, while the style guide conflicts with terminology used in the interface.",True
OSS-25-022,05-quality-documentation-and-inclusion,25-documentation-contributions,contribute,intermediate,A documentation contributor | A newcomer | A technical writer | A code contributor,"Adding a conceptual explanation without duplicating reference material, while the subject-matter expert is not available for review.",True
OSS-25-023,05-quality-documentation-and-inclusion,25-documentation-contributions,contribute,intermediate,A documentation contributor | A newcomer | A technical writer | A code contributor,"Documenting an error message that users frequently misunderstand, while the documentation source is generated from code comments.",True
OSS-25-024,05-quality-documentation-and-inclusion,25-documentation-contributions,contribute,intermediate,A documentation contributor | A newcomer | A technical writer | A code contributor,"Writing an example for a complex configuration, while the style guide conflicts with terminology used in the interface.",True
OSS-25-025,05-quality-documentation-and-inclusion,25-documentation-contributions,contribute,intermediate,A documentation contributor | A newcomer | A technical writer | A code contributor,"Updating several language versions of the same page, while the subject-matter expert is not available for review.",True
OSS-25-026,05-quality-documentation-and-inclusion,25-documentation-contributions,contribute,intermediate,A documentation contributor | A newcomer | A technical writer | A code contributor,"Deciding whether information belongs in README or long-form documentation, while the documentation source is generated from code comments.",True
OSS-25-027,05-quality-documentation-and-inclusion,25-documentation-contributions,contribute,intermediate,A documentation contributor | A newcomer | A technical writer | A code contributor,"Reviewing documentation for a feature still under development, while the style guide conflicts with terminology used in the interface.",True
OSS-25-028,05-quality-documentation-and-inclusion,25-documentation-contributions,contribute,intermediate,A documentation contributor | A newcomer | A technical writer | A code contributor,"Adding migration guidance for a breaking change, while the subject-matter expert is not available for review.",True
OSS-25-029,05-quality-documentation-and-inclusion,25-documentation-contributions,contribute,intermediate,A documentation contributor | A newcomer | A technical writer | A code contributor,"Improving navigation without changing technical content, while the documentation source is generated from code comments.",True
OSS-25-030,05-quality-documentation-and-inclusion,25-documentation-contributions,contribute,intermediate,A documentation contributor | A newcomer | A technical writer | A code contributor,"Documenting behavior discovered while fixing a bug, while the style guide conflicts with terminology used in the interface.",True
OSS-25-031,05-quality-documentation-and-inclusion,25-documentation-contributions,contribute,intermediate,A documentation contributor | A newcomer | A technical writer | A code contributor,"Correcting instructions that no longer match the product, while screenshots become outdated quickly.",True
OSS-25-032,05-quality-documentation-and-inclusion,25-documentation-contributions,contribute,intermediate,A documentation contributor | A newcomer | A technical writer | A code contributor,"Adding a conceptual explanation without duplicating reference material, while the repository separates docs across several sites.",True
OSS-25-033,05-quality-documentation-and-inclusion,25-documentation-contributions,contribute,intermediate,A documentation contributor | A newcomer | A technical writer | A code contributor,"Documenting an error message that users frequently misunderstand, while multiple versions of the project remain supported.",True
OSS-25-034,05-quality-documentation-and-inclusion,25-documentation-contributions,contribute,intermediate,A documentation contributor | A newcomer | A technical writer | A code contributor,"Writing an example for a complex configuration, while screenshots become outdated quickly.",True
OSS-25-035,05-quality-documentation-and-inclusion,25-documentation-contributions,contribute,intermediate,A documentation contributor | A newcomer | A technical writer | A code contributor,"Updating several language versions of the same page, while the repository separates docs across several sites.",True
OSS-25-036,05-quality-documentation-and-inclusion,25-documentation-contributions,contribute,intermediate,A documentation contributor | A newcomer | A technical writer | A code contributor,"Deciding whether information belongs in README or long-form documentation, while multiple versions of the project remain supported.",True
OSS-25-037,05-quality-documentation-and-inclusion,25-documentation-contributions,contribute,intermediate,A documentation contributor | A newcomer | A technical writer | A code contributor,"Reviewing documentation for a feature still under development, while screenshots become outdated quickly.",True
OSS-25-038,05-quality-documentation-and-inclusion,25-documentation-contributions,contribute,intermediate,A documentation contributor | A newcomer | A technical writer | A code contributor,"Adding migration guidance for a breaking change, while the repository separates docs across several sites.",True
OSS-25-039,05-quality-documentation-and-inclusion,25-documentation-contributions,contribute,intermediate,A documentation contributor | A newcomer | A technical writer | A code contributor,"Improving navigation without changing technical content, while multiple versions of the project remain supported.",True
OSS-25-040,05-quality-documentation-and-inclusion,25-documentation-contributions,contribute,intermediate,A documentation contributor | A newcomer | A technical writer | A code contributor,"Documenting behavior discovered while fixing a bug, while screenshots become outdated quickly.",True
OSS-25-041,05-quality-documentation-and-inclusion,25-documentation-contributions,contribute,advanced,A documentation contributor | A newcomer | A technical writer | A code contributor,"Correcting instructions that no longer match the product, while the subject-matter expert is not available for review.",True
OSS-25-042,05-quality-documentation-and-inclusion,25-documentation-contributions,contribute,advanced,A documentation contributor | A newcomer | A technical writer | A code contributor,"Adding a conceptual explanation without duplicating reference material, while the documentation source is generated from code comments.",True
OSS-25-043,05-quality-documentation-and-inclusion,25-documentation-contributions,contribute,advanced,A documentation contributor | A newcomer | A technical writer | A code contributor,"Documenting an error message that users frequently misunderstand, while the style guide conflicts with terminology used in the interface.",True
OSS-25-044,05-quality-documentation-and-inclusion,25-documentation-contributions,contribute,advanced,A documentation contributor | A newcomer | A technical writer | A code contributor,"Writing an example for a complex configuration, while the subject-matter expert is not available for review.",True
OSS-25-045,05-quality-documentation-and-inclusion,25-documentation-contributions,contribute,advanced,A documentation contributor | A newcomer | A technical writer | A code contributor,"Updating several language versions of the same page, while the documentation source is generated from code comments.",True
OSS-25-046,05-quality-documentation-and-inclusion,25-documentation-contributions,contribute,advanced,A documentation contributor | A newcomer | A technical writer | A code contributor,"Deciding whether information belongs in README or long-form documentation, while the style guide conflicts with terminology used in the interface.",True
OSS-25-047,05-quality-documentation-and-inclusion,25-documentation-contributions,contribute,advanced,A documentation contributor | A newcomer | A technical writer | A code contributor,"Reviewing documentation for a feature still under development, while the subject-matter expert is not available for review.",True
OSS-25-048,05-quality-documentation-and-inclusion,25-documentation-contributions,contribute,advanced,A documentation contributor | A newcomer | A technical writer | A code contributor,"Adding migration guidance for a breaking change, while the documentation source is generated from code comments.",True
OSS-25-049,05-quality-documentation-and-inclusion,25-documentation-contributions,contribute,advanced,A documentation contributor | A newcomer | A technical writer | A code contributor,"Improving navigation without changing technical content, while the style guide conflicts with terminology used in the interface.",True
OSS-25-050,05-quality-documentation-and-inclusion,25-documentation-contributions,contribute,advanced,A documentation contributor | A newcomer | A technical writer | A code contributor,"Documenting behavior discovered while fixing a bug, while the subject-matter expert is not available for review.",True
OSS-26-001,05-quality-documentation-and-inclusion,26-accessibility-design-and-user-experience,contribute,beginner,A designer | An accessibility tester | A frontend contributor | A user researcher,"Reporting a keyboard navigation failure, while the project has no accessibility test process.",False
OSS-26-002,05-quality-documentation-and-inclusion,26-accessibility-design-and-user-experience,contribute,beginner,A designer | An accessibility tester | A frontend contributor | A user researcher,"Reviewing color contrast in a proposed interface change, while existing screenshots show an older design.",False
OSS-26-003,05-quality-documentation-and-inclusion,26-accessibility-design-and-user-experience,contribute,beginner,A designer | An accessibility tester | A frontend contributor | A user researcher,"Testing a workflow with a screen reader, while design files live outside the public repository.",False
OSS-26-004,05-quality-documentation-and-inclusion,26-accessibility-design-and-user-experience,contribute,beginner,A designer | An accessibility tester | A frontend contributor | A user researcher,"Proposing clearer error language for a confusing form, while the project has no accessibility test process.",False
OSS-26-005,05-quality-documentation-and-inclusion,26-accessibility-design-and-user-experience,contribute,beginner,A designer | An accessibility tester | A frontend contributor | A user researcher,"Documenting a user journey before changing navigation, while existing screenshots show an older design.",False
OSS-26-006,05-quality-documentation-and-inclusion,26-accessibility-design-and-user-experience,contribute,beginner,A designer | An accessibility tester | A frontend contributor | A user researcher,"Contributing design assets without an established design system, while design files live outside the public repository.",False
OSS-26-007,05-quality-documentation-and-inclusion,26-accessibility-design-and-user-experience,contribute,beginner,A designer | An accessibility tester | A frontend contributor | A user researcher,"Checking whether an animation respects reduced-motion preferences, while the project has no accessibility test process.",False
OSS-26-008,05-quality-documentation-and-inclusion,26-accessibility-design-and-user-experience,contribute,beginner,A designer | An accessibility tester | A frontend contributor | A user researcher,"Evaluating a component at large text and narrow viewport sizes, while existing screenshots show an older design.",False
OSS-26-009,05-quality-documentation-and-inclusion,26-accessibility-design-and-user-experience,contribute,beginner,A designer | An accessibility tester | A frontend contributor | A user researcher,"Reconciling visual consistency with platform conventions, while design files live outside the public repository.",False
OSS-26-010,05-quality-documentation-and-inclusion,26-accessibility-design-and-user-experience,contribute,beginner,A designer | An accessibility tester | A frontend contributor | A user researcher,"Sharing user research without exposing participant identities, while the project has no accessibility test process.",False
OSS-26-011,05-quality-documentation-and-inclusion,26-accessibility-design-and-user-experience,contribute,beginner,A designer | An accessibility tester | A frontend contributor | A user researcher,"Reporting a keyboard navigation failure, while maintainers cannot reproduce the assistive-technology behavior.",False
OSS-26-012,05-quality-documentation-and-inclusion,26-accessibility-design-and-user-experience,contribute,beginner,A designer | An accessibility tester | A frontend contributor | A user researcher,"Reviewing color contrast in a proposed interface change, while the proposed improvement changes a familiar interaction.",False
OSS-26-013,05-quality-documentation-and-inclusion,26-accessibility-design-and-user-experience,contribute,beginner,A designer | An accessibility tester | A frontend contributor | A user researcher,"Testing a workflow with a screen reader, while the issue affects only a subset of languages or devices.",False
OSS-26-014,05-quality-documentation-and-inclusion,26-accessibility-design-and-user-experience,contribute,beginner,A designer | An accessibility tester | A frontend contributor | A user researcher,"Proposing clearer error language for a confusing form, while maintainers cannot reproduce the assistive-technology behavior.",False
OSS-26-015,05-quality-documentation-and-inclusion,26-accessibility-design-and-user-experience,contribute,beginner,A designer | An accessibility tester | A frontend contributor | A user researcher,"Documenting a user journey before changing navigation, while the proposed improvement changes a familiar interaction.",False
OSS-26-016,05-quality-documentation-and-inclusion,26-accessibility-design-and-user-experience,contribute,beginner,A designer | An accessibility tester | A frontend contributor | A user researcher,"Contributing design assets without an established design system, while the issue affects only a subset of languages or devices.",False
OSS-26-017,05-quality-documentation-and-inclusion,26-accessibility-design-and-user-experience,contribute,beginner,A designer | An accessibility tester | A frontend contributor | A user researcher,"Checking whether an animation respects reduced-motion preferences, while maintainers cannot reproduce the assistive-technology behavior.",False
OSS-26-018,05-quality-documentation-and-inclusion,26-accessibility-design-and-user-experience,contribute,beginner,A designer | An accessibility tester | A frontend contributor | A user researcher,"Evaluating a component at large text and narrow viewport sizes, while the proposed improvement changes a familiar interaction.",False
OSS-26-019,05-quality-documentation-and-inclusion,26-accessibility-design-and-user-experience,contribute,beginner,A designer | An accessibility tester | A frontend contributor | A user researcher,"Reconciling visual consistency with platform conventions, while the issue affects only a subset of languages or devices.",False
OSS-26-020,05-quality-documentation-and-inclusion,26-accessibility-design-and-user-experience,contribute,beginner,A designer | An accessibility tester | A frontend contributor | A user researcher,"Sharing user research without exposing participant identities, while maintainers cannot reproduce the assistive-technology behavior.",False
OSS-26-021,05-quality-documentation-and-inclusion,26-accessibility-design-and-user-experience,contribute,intermediate,A designer | An accessibility tester | A frontend contributor | A user researcher,"Reporting a keyboard navigation failure, while existing screenshots show an older design.",False
OSS-26-022,05-quality-documentation-and-inclusion,26-accessibility-design-and-user-experience,contribute,intermediate,A designer | An accessibility tester | A frontend contributor | A user researcher,"Reviewing color contrast in a proposed interface change, while design files live outside the public repository.",False
OSS-26-023,05-quality-documentation-and-inclusion,26-accessibility-design-and-user-experience,contribute,intermediate,A designer | An accessibility tester | A frontend contributor | A user researcher,"Testing a workflow with a screen reader, while the project has no accessibility test process.",False
OSS-26-024,05-quality-documentation-and-inclusion,26-accessibility-design-and-user-experience,contribute,intermediate,A designer | An accessibility tester | A frontend contributor | A user researcher,"Proposing clearer error language for a confusing form, while existing screenshots show an older design.",False
OSS-26-025,05-quality-documentation-and-inclusion,26-accessibility-design-and-user-experience,contribute,intermediate,A designer | An accessibility tester | A frontend contributor | A user researcher,"Documenting a user journey before changing navigation, while design files live outside the public repository.",False
OSS-26-026,05-quality-documentation-and-inclusion,26-accessibility-design-and-user-experience,contribute,intermediate,A designer | An accessibility tester | A frontend contributor | A user researcher,"Contributing design assets without an established design system, while the project has no accessibility test process.",False
OSS-26-027,05-quality-documentation-and-inclusion,26-accessibility-design-and-user-experience,contribute,intermediate,A designer | An accessibility tester | A frontend contributor | A user researcher,"Checking whether an animation respects reduced-motion preferences, while existing screenshots show an older design.",False
OSS-26-028,05-quality-documentation-and-inclusion,26-accessibility-design-and-user-experience,contribute,intermediate,A designer | An accessibility tester | A frontend contributor | A user researcher,"Evaluating a component at large text and narrow viewport sizes, while design files live outside the public repository.",False
OSS-26-029,05-quality-documentation-and-inclusion,26-accessibility-design-and-user-experience,contribute,intermediate,A designer | An accessibility tester | A frontend contributor | A user researcher,"Reconciling visual consistency with platform conventions, while the project has no accessibility test process.",False
OSS-26-030,05-quality-documentation-and-inclusion,26-accessibility-design-and-user-experience,contribute,intermediate,A designer | An accessibility tester | A frontend contributor | A user researcher,"Sharing user research without exposing participant identities, while existing screenshots show an older design.",False
OSS-26-031,05-quality-documentation-and-inclusion,26-accessibility-design-and-user-experience,contribute,intermediate,A designer | An accessibility tester | A frontend contributor | A user researcher,"Reporting a keyboard navigation failure, while the proposed improvement changes a familiar interaction.",False
OSS-26-032,05-quality-documentation-and-inclusion,26-accessibility-design-and-user-experience,contribute,intermediate,A designer | An accessibility tester | A frontend contributor | A user researcher,"Reviewing color contrast in a proposed interface change, while the issue affects only a subset of languages or devices.",False
OSS-26-033,05-quality-documentation-and-inclusion,26-accessibility-design-and-user-experience,contribute,intermediate,A designer | An accessibility tester | A frontend contributor | A user researcher,"Testing a workflow with a screen reader, while maintainers cannot reproduce the assistive-technology behavior.",False
OSS-26-034,05-quality-documentation-and-inclusion,26-accessibility-design-and-user-experience,contribute,intermediate,A designer | An accessibility tester | A frontend contributor | A user researcher,"Proposing clearer error language for a confusing form, while the proposed improvement changes a familiar interaction.",False
OSS-26-035,05-quality-documentation-and-inclusion,26-accessibility-design-and-user-experience,contribute,intermediate,A designer | An accessibility tester | A frontend contributor | A user researcher,"Documenting a user journey before changing navigation, while the issue affects only a subset of languages or devices.",False
OSS-26-036,05-quality-documentation-and-inclusion,26-accessibility-design-and-user-experience,contribute,intermediate,A designer | An accessibility tester | A frontend contributor | A user researcher,"Contributing design assets without an established design system, while maintainers cannot reproduce the assistive-technology behavior.",False
OSS-26-037,05-quality-documentation-and-inclusion,26-accessibility-design-and-user-experience,contribute,intermediate,A designer | An accessibility tester | A frontend contributor | A user researcher,"Checking whether an animation respects reduced-motion preferences, while the proposed improvement changes a familiar interaction.",False
OSS-26-038,05-quality-documentation-and-inclusion,26-accessibility-design-and-user-experience,contribute,intermediate,A designer | An accessibility tester | A frontend contributor | A user researcher,"Evaluating a component at large text and narrow viewport sizes, while the issue affects only a subset of languages or devices.",False
OSS-26-039,05-quality-documentation-and-inclusion,26-accessibility-design-and-user-experience,contribute,intermediate,A designer | An accessibility tester | A frontend contributor | A user researcher,"Reconciling visual consistency with platform conventions, while maintainers cannot reproduce the assistive-technology behavior.",False
OSS-26-040,05-quality-documentation-and-inclusion,26-accessibility-design-and-user-experience,contribute,intermediate,A designer | An accessibility tester | A frontend contributor | A user researcher,"Sharing user research without exposing participant identities, while the proposed improvement changes a familiar interaction.",False
OSS-26-041,05-quality-documentation-and-inclusion,26-accessibility-design-and-user-experience,contribute,advanced,A designer | An accessibility tester | A frontend contributor | A user researcher,"Reporting a keyboard navigation failure, while design files live outside the public repository.",False
OSS-26-042,05-quality-documentation-and-inclusion,26-accessibility-design-and-user-experience,contribute,advanced,A designer | An accessibility tester | A frontend contributor | A user researcher,"Reviewing color contrast in a proposed interface change, while the project has no accessibility test process.",False
OSS-26-043,05-quality-documentation-and-inclusion,26-accessibility-design-and-user-experience,contribute,advanced,A designer | An accessibility tester | A frontend contributor | A user researcher,"Testing a workflow with a screen reader, while existing screenshots show an older design.",False
OSS-26-044,05-quality-documentation-and-inclusion,26-accessibility-design-and-user-experience,contribute,advanced,A designer | An accessibility tester | A frontend contributor | A user researcher,"Proposing clearer error language for a confusing form, while design files live outside the public repository.",False
OSS-26-045,05-quality-documentation-and-inclusion,26-accessibility-design-and-user-experience,contribute,advanced,A designer | An accessibility tester | A frontend contributor | A user researcher,"Documenting a user journey before changing navigation, while the project has no accessibility test process.",False
OSS-26-046,05-quality-documentation-and-inclusion,26-accessibility-design-and-user-experience,contribute,advanced,A designer | An accessibility tester | A frontend contributor | A user researcher,"Contributing design assets without an established design system, while existing screenshots show an older design.",False
OSS-26-047,05-quality-documentation-and-inclusion,26-accessibility-design-and-user-experience,contribute,advanced,A designer | An accessibility tester | A frontend contributor | A user researcher,"Checking whether an animation respects reduced-motion preferences, while design files live outside the public repository.",False
OSS-26-048,05-quality-documentation-and-inclusion,26-accessibility-design-and-user-experience,contribute,advanced,A designer | An accessibility tester | A frontend contributor | A user researcher,"Evaluating a component at large text and narrow viewport sizes, while the project has no accessibility test process.",False
OSS-26-049,05-quality-documentation-and-inclusion,26-accessibility-design-and-user-experience,contribute,advanced,A designer | An accessibility tester | A frontend contributor | A user researcher,"Reconciling visual consistency with platform conventions, while existing screenshots show an older design.",False
OSS-26-050,05-quality-documentation-and-inclusion,26-accessibility-design-and-user-experience,contribute,advanced,A designer | An accessibility tester | A frontend contributor | A user researcher,"Sharing user research without exposing participant identities, while design files live outside the public repository.",False
OSS-27-001,05-quality-documentation-and-inclusion,27-localization-and-translation,contribute,beginner,A translator | A localization reviewer | A documentation maintainer | A native-language contributor,"Starting a translation for a language not yet supported, while contributors cannot approve their own translations.",False
OSS-27-002,05-quality-documentation-and-inclusion,27-localization-and-translation,contribute,beginner,A translator | A localization reviewer | A documentation maintainer | A native-language contributor,"Updating localized content after the source language changes, while automated translation introduces technically incorrect language.",False
OSS-27-003,05-quality-documentation-and-inclusion,27-localization-and-translation,contribute,beginner,A translator | A localization reviewer | A documentation maintainer | A native-language contributor,"Reviewing technical terminology with no direct local equivalent, while the localization tool and repository history become inconsistent.",False
OSS-27-004,05-quality-documentation-and-inclusion,27-localization-and-translation,contribute,beginner,A translator | A localization reviewer | A documentation maintainer | A native-language contributor,"Coordinating multiple translators on the same documentation section, while contributors cannot approve their own translations.",False
OSS-27-005,05-quality-documentation-and-inclusion,27-localization-and-translation,contribute,beginner,A translator | A localization reviewer | A documentation maintainer | A native-language contributor,"Translating interface text with strict length constraints, while automated translation introduces technically incorrect language.",False
OSS-27-006,05-quality-documentation-and-inclusion,27-localization-and-translation,contribute,beginner,A translator | A localization reviewer | A documentation maintainer | A native-language contributor,"Deciding whether to preserve code examples in the source language, while the localization tool and repository history become inconsistent.",False
OSS-27-007,05-quality-documentation-and-inclusion,27-localization-and-translation,contribute,beginner,A translator | A localization reviewer | A documentation maintainer | A native-language contributor,"Marking a translation as outdated without deleting useful content, while contributors cannot approve their own translations.",False
OSS-27-008,05-quality-documentation-and-inclusion,27-localization-and-translation,contribute,beginner,A translator | A localization reviewer | A documentation maintainer | A native-language contributor,"Testing locale-specific date, number, and text behavior, while automated translation introduces technically incorrect language.",False
OSS-27-009,05-quality-documentation-and-inclusion,27-localization-and-translation,contribute,beginner,A translator | A localization reviewer | A documentation maintainer | A native-language contributor,"Handling regional variants of the same language, while the localization tool and repository history become inconsistent.",False
OSS-27-010,05-quality-documentation-and-inclusion,27-localization-and-translation,contribute,beginner,A translator | A localization reviewer | A documentation maintainer | A native-language contributor,"Building a sustainable review team for a new localization, while contributors cannot approve their own translations.",False
OSS-27-011,05-quality-documentation-and-inclusion,27-localization-and-translation,contribute,beginner,A translator | A localization reviewer | A documentation maintainer | A native-language contributor,"Starting a translation for a language not yet supported, while the source documentation changes faster than translation capacity.",False
OSS-27-012,05-quality-documentation-and-inclusion,27-localization-and-translation,contribute,beginner,A translator | A localization reviewer | A documentation maintainer | A native-language contributor,"Updating localized content after the source language changes, while the project lacks a glossary for important terms.",False
OSS-27-013,05-quality-documentation-and-inclusion,27-localization-and-translation,contribute,beginner,A translator | A localization reviewer | A documentation maintainer | A native-language contributor,"Reviewing technical terminology with no direct local equivalent, while only one active reviewer understands the language.",False
OSS-27-014,05-quality-documentation-and-inclusion,27-localization-and-translation,contribute,beginner,A translator | A localization reviewer | A documentation maintainer | A native-language contributor,"Coordinating multiple translators on the same documentation section, while the source documentation changes faster than translation capacity.",False
OSS-27-015,05-quality-documentation-and-inclusion,27-localization-and-translation,contribute,beginner,A translator | A localization reviewer | A documentation maintainer | A native-language contributor,"Translating interface text with strict length constraints, while the project lacks a glossary for important terms.",False
OSS-27-016,05-quality-documentation-and-inclusion,27-localization-and-translation,contribute,beginner,A translator | A localization reviewer | A documentation maintainer | A native-language contributor,"Deciding whether to preserve code examples in the source language, while only one active reviewer understands the language.",False
OSS-27-017,05-quality-documentation-and-inclusion,27-localization-and-translation,contribute,beginner,A translator | A localization reviewer | A documentation maintainer | A native-language contributor,"Marking a translation as outdated without deleting useful content, while the source documentation changes faster than translation capacity.",False
OSS-27-018,05-quality-documentation-and-inclusion,27-localization-and-translation,contribute,beginner,A translator | A localization reviewer | A documentation maintainer | A native-language contributor,"Testing locale-specific date, number, and text behavior, while the project lacks a glossary for important terms.",False
OSS-27-019,05-quality-documentation-and-inclusion,27-localization-and-translation,contribute,beginner,A translator | A localization reviewer | A documentation maintainer | A native-language contributor,"Handling regional variants of the same language, while only one active reviewer understands the language.",False
OSS-27-020,05-quality-documentation-and-inclusion,27-localization-and-translation,contribute,beginner,A translator | A localization reviewer | A documentation maintainer | A native-language contributor,"Building a sustainable review team for a new localization, while the source documentation changes faster than translation capacity.",False
OSS-27-021,05-quality-documentation-and-inclusion,27-localization-and-translation,contribute,intermediate,A translator | A localization reviewer | A documentation maintainer | A native-language contributor,"Starting a translation for a language not yet supported, while automated translation introduces technically incorrect language.",False
OSS-27-022,05-quality-documentation-and-inclusion,27-localization-and-translation,contribute,intermediate,A translator | A localization reviewer | A documentation maintainer | A native-language contributor,"Updating localized content after the source language changes, while the localization tool and repository history become inconsistent.",False
OSS-27-023,05-quality-documentation-and-inclusion,27-localization-and-translation,contribute,intermediate,A translator | A localization reviewer | A documentation maintainer | A native-language contributor,"Reviewing technical terminology with no direct local equivalent, while contributors cannot approve their own translations.",False
OSS-27-024,05-quality-documentation-and-inclusion,27-localization-and-translation,contribute,intermediate,A translator | A localization reviewer | A documentation maintainer | A native-language contributor,"Coordinating multiple translators on the same documentation section, while automated translation introduces technically incorrect language.",False
OSS-27-025,05-quality-documentation-and-inclusion,27-localization-and-translation,contribute,intermediate,A translator | A localization reviewer | A documentation maintainer | A native-language contributor,"Translating interface text with strict length constraints, while the localization tool and repository history become inconsistent.",False
OSS-27-026,05-quality-documentation-and-inclusion,27-localization-and-translation,contribute,intermediate,A translator | A localization reviewer | A documentation maintainer | A native-language contributor,"Deciding whether to preserve code examples in the source language, while contributors cannot approve their own translations.",False
OSS-27-027,05-quality-documentation-and-inclusion,27-localization-and-translation,contribute,intermediate,A translator | A localization reviewer | A documentation maintainer | A native-language contributor,"Marking a translation as outdated without deleting useful content, while automated translation introduces technically incorrect language.",False
OSS-27-028,05-quality-documentation-and-inclusion,27-localization-and-translation,contribute,intermediate,A translator | A localization reviewer | A documentation maintainer | A native-language contributor,"Testing locale-specific date, number, and text behavior, while the localization tool and repository history become inconsistent.",False
OSS-27-029,05-quality-documentation-and-inclusion,27-localization-and-translation,contribute,intermediate,A translator | A localization reviewer | A documentation maintainer | A native-language contributor,"Handling regional variants of the same language, while contributors cannot approve their own translations.",False
OSS-27-030,05-quality-documentation-and-inclusion,27-localization-and-translation,contribute,intermediate,A translator | A localization reviewer | A documentation maintainer | A native-language contributor,"Building a sustainable review team for a new localization, while automated translation introduces technically incorrect language.",False
OSS-27-031,05-quality-documentation-and-inclusion,27-localization-and-translation,contribute,intermediate,A translator | A localization reviewer | A documentation maintainer | A native-language contributor,"Starting a translation for a language not yet supported, while the project lacks a glossary for important terms.",False
OSS-27-032,05-quality-documentation-and-inclusion,27-localization-and-translation,contribute,intermediate,A translator | A localization reviewer | A documentation maintainer | A native-language contributor,"Updating localized content after the source language changes, while only one active reviewer understands the language.",False
OSS-27-033,05-quality-documentation-and-inclusion,27-localization-and-translation,contribute,intermediate,A translator | A localization reviewer | A documentation maintainer | A native-language contributor,"Reviewing technical terminology with no direct local equivalent, while the source documentation changes faster than translation capacity.",False
OSS-27-034,05-quality-documentation-and-inclusion,27-localization-and-translation,contribute,intermediate,A translator | A localization reviewer | A documentation maintainer | A native-language contributor,"Coordinating multiple translators on the same documentation section, while the project lacks a glossary for important terms.",False
OSS-27-035,05-quality-documentation-and-inclusion,27-localization-and-translation,contribute,intermediate,A translator | A localization reviewer | A documentation maintainer | A native-language contributor,"Translating interface text with strict length constraints, while only one active reviewer understands the language.",False
OSS-27-036,05-quality-documentation-and-inclusion,27-localization-and-translation,contribute,intermediate,A translator | A localization reviewer | A documentation maintainer | A native-language contributor,"Deciding whether to preserve code examples in the source language, while the source documentation changes faster than translation capacity.",False
OSS-27-037,05-quality-documentation-and-inclusion,27-localization-and-translation,contribute,intermediate,A translator | A localization reviewer | A documentation maintainer | A native-language contributor,"Marking a translation as outdated without deleting useful content, while the project lacks a glossary for important terms.",False
OSS-27-038,05-quality-documentation-and-inclusion,27-localization-and-translation,contribute,intermediate,A translator | A localization reviewer | A documentation maintainer | A native-language contributor,"Testing locale-specific date, number, and text behavior, while only one active reviewer understands the language.",False
OSS-27-039,05-quality-documentation-and-inclusion,27-localization-and-translation,contribute,intermediate,A translator | A localization reviewer | A documentation maintainer | A native-language contributor,"Handling regional variants of the same language, while the source documentation changes faster than translation capacity.",False
OSS-27-040,05-quality-documentation-and-inclusion,27-localization-and-translation,contribute,intermediate,A translator | A localization reviewer | A documentation maintainer | A native-language contributor,"Building a sustainable review team for a new localization, while the project lacks a glossary for important terms.",False
OSS-27-041,05-quality-documentation-and-inclusion,27-localization-and-translation,contribute,advanced,A translator | A localization reviewer | A documentation maintainer | A native-language contributor,"Starting a translation for a language not yet supported, while the localization tool and repository history become inconsistent.",False
OSS-27-042,05-quality-documentation-and-inclusion,27-localization-and-translation,contribute,advanced,A translator | A localization reviewer | A documentation maintainer | A native-language contributor,"Updating localized content after the source language changes, while contributors cannot approve their own translations.",False
OSS-27-043,05-quality-documentation-and-inclusion,27-localization-and-translation,contribute,advanced,A translator | A localization reviewer | A documentation maintainer | A native-language contributor,"Reviewing technical terminology with no direct local equivalent, while automated translation introduces technically incorrect language.",False
OSS-27-044,05-quality-documentation-and-inclusion,27-localization-and-translation,contribute,advanced,A translator | A localization reviewer | A documentation maintainer | A native-language contributor,"Coordinating multiple translators on the same documentation section, while the localization tool and repository history become inconsistent.",False
OSS-27-045,05-quality-documentation-and-inclusion,27-localization-and-translation,contribute,advanced,A translator | A localization reviewer | A documentation maintainer | A native-language contributor,"Translating interface text with strict length constraints, while contributors cannot approve their own translations.",False
OSS-27-046,05-quality-documentation-and-inclusion,27-localization-and-translation,contribute,advanced,A translator | A localization reviewer | A documentation maintainer | A native-language contributor,"Deciding whether to preserve code examples in the source language, while automated translation introduces technically incorrect language.",False
OSS-27-047,05-quality-documentation-and-inclusion,27-localization-and-translation,contribute,advanced,A translator | A localization reviewer | A documentation maintainer | A native-language contributor,"Marking a translation as outdated without deleting useful content, while the localization tool and repository history become inconsistent.",False
OSS-27-048,05-quality-documentation-and-inclusion,27-localization-and-translation,contribute,advanced,A translator | A localization reviewer | A documentation maintainer | A native-language contributor,"Testing locale-specific date, number, and text behavior, while contributors cannot approve their own translations.",False
OSS-27-049,05-quality-documentation-and-inclusion,27-localization-and-translation,contribute,advanced,A translator | A localization reviewer | A documentation maintainer | A native-language contributor,"Handling regional variants of the same language, while automated translation introduces technically incorrect language.",False
OSS-27-050,05-quality-documentation-and-inclusion,27-localization-and-translation,contribute,advanced,A translator | A localization reviewer | A documentation maintainer | A native-language contributor,"Building a sustainable review team for a new localization, while the localization tool and repository history become inconsistent.",False
OSS-28-001,06-community-and-collaboration,28-community-communication-channels-and-meetings,collaborate,beginner,A newcomer | A contributor | A meeting facilitator | A remote community member,"Choosing between an issue, discussion forum, chat, and mailing list, while the project does not clearly define channel purposes.",True
OSS-28-002,06-community-and-collaboration,28-community-communication-channels-and-meetings,collaborate,beginner,A newcomer | A contributor | A meeting facilitator | A remote community member,"Asking a project question without sending unsolicited private messages, while language and cultural differences affect interpretation.",True
OSS-28-003,06-community-and-collaboration,28-community-communication-channels-and-meetings,collaborate,beginner,A newcomer | A contributor | A meeting facilitator | A remote community member,"Introducing a topic for a recurring community meeting, while chat history is unavailable to new members.",True
OSS-28-004,06-community-and-collaboration,28-community-communication-channels-and-meetings,collaborate,beginner,A newcomer | A contributor | A meeting facilitator | A remote community member,"Following a technical discussion spread across several channels, while the project does not clearly define channel purposes.",True
OSS-28-005,06-community-and-collaboration,28-community-communication-channels-and-meetings,collaborate,beginner,A newcomer | A contributor | A meeting facilitator | A remote community member,"Participating in a meeting held outside their normal time zone, while language and cultural differences affect interpretation.",True
OSS-28-006,06-community-and-collaboration,28-community-communication-channels-and-meetings,collaborate,beginner,A newcomer | A contributor | A meeting facilitator | A remote community member,"Writing meeting notes for contributors who could not attend, while chat history is unavailable to new members.",True
OSS-28-007,06-community-and-collaboration,28-community-communication-channels-and-meetings,collaborate,beginner,A newcomer | A contributor | A meeting facilitator | A remote community member,"Moving a decision from private conversation into a public record, while the project does not clearly define channel purposes.",True
OSS-28-008,06-community-and-collaboration,28-community-communication-channels-and-meetings,collaborate,beginner,A newcomer | A contributor | A meeting facilitator | A remote community member,"Following up on an unanswered question without creating noise, while language and cultural differences affect interpretation.",True
OSS-28-009,06-community-and-collaboration,28-community-communication-channels-and-meetings,collaborate,beginner,A newcomer | A contributor | A meeting facilitator | A remote community member,"Joining a channel where ongoing context is unfamiliar, while chat history is unavailable to new members.",True
OSS-28-010,06-community-and-collaboration,28-community-communication-channels-and-meetings,collaborate,beginner,A newcomer | A contributor | A meeting facilitator | A remote community member,"Communicating a temporary absence from an active task, while the project does not clearly define channel purposes.",True
OSS-28-011,06-community-and-collaboration,28-community-communication-channels-and-meetings,collaborate,beginner,A newcomer | A contributor | A meeting facilitator | A remote community member,"Choosing between an issue, discussion forum, chat, and mailing list, while important decisions occur in synchronous meetings.",True
OSS-28-012,06-community-and-collaboration,28-community-communication-channels-and-meetings,collaborate,beginner,A newcomer | A contributor | A meeting facilitator | A remote community member,"Asking a project question without sending unsolicited private messages, while several maintainers receive frequent direct messages.",True
OSS-28-013,06-community-and-collaboration,28-community-communication-channels-and-meetings,collaborate,beginner,A newcomer | A contributor | A meeting facilitator | A remote community member,"Introducing a topic for a recurring community meeting, while the conversation includes confidential organizational context.",True
OSS-28-014,06-community-and-collaboration,28-community-communication-channels-and-meetings,collaborate,beginner,A newcomer | A contributor | A meeting facilitator | A remote community member,"Following a technical discussion spread across several channels, while important decisions occur in synchronous meetings.",True
OSS-28-015,06-community-and-collaboration,28-community-communication-channels-and-meetings,collaborate,beginner,A newcomer | A contributor | A meeting facilitator | A remote community member,"Participating in a meeting held outside their normal time zone, while several maintainers receive frequent direct messages.",True
OSS-28-016,06-community-and-collaboration,28-community-communication-channels-and-meetings,collaborate,beginner,A newcomer | A contributor | A meeting facilitator | A remote community member,"Writing meeting notes for contributors who could not attend, while the conversation includes confidential organizational context.",True
OSS-28-017,06-community-and-collaboration,28-community-communication-channels-and-meetings,collaborate,beginner,A newcomer | A contributor | A meeting facilitator | A remote community member,"Moving a decision from private conversation into a public record, while important decisions occur in synchronous meetings.",True
OSS-28-018,06-community-and-collaboration,28-community-communication-channels-and-meetings,collaborate,beginner,A newcomer | A contributor | A meeting facilitator | A remote community member,"Following up on an unanswered question without creating noise, while several maintainers receive frequent direct messages.",True
OSS-28-019,06-community-and-collaboration,28-community-communication-channels-and-meetings,collaborate,beginner,A newcomer | A contributor | A meeting facilitator | A remote community member,"Joining a channel where ongoing context is unfamiliar, while the conversation includes confidential organizational context.",True
OSS-28-020,06-community-and-collaboration,28-community-communication-channels-and-meetings,collaborate,beginner,A newcomer | A contributor | A meeting facilitator | A remote community member,"Communicating a temporary absence from an active task, while important decisions occur in synchronous meetings.",True
OSS-28-021,06-community-and-collaboration,28-community-communication-channels-and-meetings,collaborate,intermediate,A newcomer | A contributor | A meeting facilitator | A remote community member,"Choosing between an issue, discussion forum, chat, and mailing list, while language and cultural differences affect interpretation.",True
OSS-28-022,06-community-and-collaboration,28-community-communication-channels-and-meetings,collaborate,intermediate,A newcomer | A contributor | A meeting facilitator | A remote community member,"Asking a project question without sending unsolicited private messages, while chat history is unavailable to new members.",True
OSS-28-023,06-community-and-collaboration,28-community-communication-channels-and-meetings,collaborate,intermediate,A newcomer | A contributor | A meeting facilitator | A remote community member,"Introducing a topic for a recurring community meeting, while the project does not clearly define channel purposes.",True
OSS-28-024,06-community-and-collaboration,28-community-communication-channels-and-meetings,collaborate,intermediate,A newcomer | A contributor | A meeting facilitator | A remote community member,"Following a technical discussion spread across several channels, while language and cultural differences affect interpretation.",True
OSS-28-025,06-community-and-collaboration,28-community-communication-channels-and-meetings,collaborate,intermediate,A newcomer | A contributor | A meeting facilitator | A remote community member,"Participating in a meeting held outside their normal time zone, while chat history is unavailable to new members.",True
OSS-28-026,06-community-and-collaboration,28-community-communication-channels-and-meetings,collaborate,intermediate,A newcomer | A contributor | A meeting facilitator | A remote community member,"Writing meeting notes for contributors who could not attend, while the project does not clearly define channel purposes.",True
OSS-28-027,06-community-and-collaboration,28-community-communication-channels-and-meetings,collaborate,intermediate,A newcomer | A contributor | A meeting facilitator | A remote community member,"Moving a decision from private conversation into a public record, while language and cultural differences affect interpretation.",True
OSS-28-028,06-community-and-collaboration,28-community-communication-channels-and-meetings,collaborate,intermediate,A newcomer | A contributor | A meeting facilitator | A remote community member,"Following up on an unanswered question without creating noise, while chat history is unavailable to new members.",True
OSS-28-029,06-community-and-collaboration,28-community-communication-channels-and-meetings,collaborate,intermediate,A newcomer | A contributor | A meeting facilitator | A remote community member,"Joining a channel where ongoing context is unfamiliar, while the project does not clearly define channel purposes.",True
OSS-28-030,06-community-and-collaboration,28-community-communication-channels-and-meetings,collaborate,intermediate,A newcomer | A contributor | A meeting facilitator | A remote community member,"Communicating a temporary absence from an active task, while language and cultural differences affect interpretation.",True
OSS-28-031,06-community-and-collaboration,28-community-communication-channels-and-meetings,collaborate,intermediate,A newcomer | A contributor | A meeting facilitator | A remote community member,"Choosing between an issue, discussion forum, chat, and mailing list, while several maintainers receive frequent direct messages.",True
OSS-28-032,06-community-and-collaboration,28-community-communication-channels-and-meetings,collaborate,intermediate,A newcomer | A contributor | A meeting facilitator | A remote community member,"Asking a project question without sending unsolicited private messages, while the conversation includes confidential organizational context.",True
OSS-28-033,06-community-and-collaboration,28-community-communication-channels-and-meetings,collaborate,intermediate,A newcomer | A contributor | A meeting facilitator | A remote community member,"Introducing a topic for a recurring community meeting, while important decisions occur in synchronous meetings.",True
OSS-28-034,06-community-and-collaboration,28-community-communication-channels-and-meetings,collaborate,intermediate,A newcomer | A contributor | A meeting facilitator | A remote community member,"Following a technical discussion spread across several channels, while several maintainers receive frequent direct messages.",True
OSS-28-035,06-community-and-collaboration,28-community-communication-channels-and-meetings,collaborate,intermediate,A newcomer | A contributor | A meeting facilitator | A remote community member,"Participating in a meeting held outside their normal time zone, while the conversation includes confidential organizational context.",True
OSS-28-036,06-community-and-collaboration,28-community-communication-channels-and-meetings,collaborate,intermediate,A newcomer | A contributor | A meeting facilitator | A remote community member,"Writing meeting notes for contributors who could not attend, while important decisions occur in synchronous meetings.",True
OSS-28-037,06-community-and-collaboration,28-community-communication-channels-and-meetings,collaborate,intermediate,A newcomer | A contributor | A meeting facilitator | A remote community member,"Moving a decision from private conversation into a public record, while several maintainers receive frequent direct messages.",True
OSS-28-038,06-community-and-collaboration,28-community-communication-channels-and-meetings,collaborate,intermediate,A newcomer | A contributor | A meeting facilitator | A remote community member,"Following up on an unanswered question without creating noise, while the conversation includes confidential organizational context.",True
OSS-28-039,06-community-and-collaboration,28-community-communication-channels-and-meetings,collaborate,intermediate,A newcomer | A contributor | A meeting facilitator | A remote community member,"Joining a channel where ongoing context is unfamiliar, while important decisions occur in synchronous meetings.",True
OSS-28-040,06-community-and-collaboration,28-community-communication-channels-and-meetings,collaborate,intermediate,A newcomer | A contributor | A meeting facilitator | A remote community member,"Communicating a temporary absence from an active task, while several maintainers receive frequent direct messages.",True
OSS-28-041,06-community-and-collaboration,28-community-communication-channels-and-meetings,collaborate,advanced,A newcomer | A contributor | A meeting facilitator | A remote community member,"Choosing between an issue, discussion forum, chat, and mailing list, while chat history is unavailable to new members.",True
OSS-28-042,06-community-and-collaboration,28-community-communication-channels-and-meetings,collaborate,advanced,A newcomer | A contributor | A meeting facilitator | A remote community member,"Asking a project question without sending unsolicited private messages, while the project does not clearly define channel purposes.",True
OSS-28-043,06-community-and-collaboration,28-community-communication-channels-and-meetings,collaborate,advanced,A newcomer | A contributor | A meeting facilitator | A remote community member,"Introducing a topic for a recurring community meeting, while language and cultural differences affect interpretation.",True
OSS-28-044,06-community-and-collaboration,28-community-communication-channels-and-meetings,collaborate,advanced,A newcomer | A contributor | A meeting facilitator | A remote community member,"Following a technical discussion spread across several channels, while chat history is unavailable to new members.",True
OSS-28-045,06-community-and-collaboration,28-community-communication-channels-and-meetings,collaborate,advanced,A newcomer | A contributor | A meeting facilitator | A remote community member,"Participating in a meeting held outside their normal time zone, while the project does not clearly define channel purposes.",True
OSS-28-046,06-community-and-collaboration,28-community-communication-channels-and-meetings,collaborate,advanced,A newcomer | A contributor | A meeting facilitator | A remote community member,"Writing meeting notes for contributors who could not attend, while language and cultural differences affect interpretation.",True
OSS-28-047,06-community-and-collaboration,28-community-communication-channels-and-meetings,collaborate,advanced,A newcomer | A contributor | A meeting facilitator | A remote community member,"Moving a decision from private conversation into a public record, while chat history is unavailable to new members.",True
OSS-28-048,06-community-and-collaboration,28-community-communication-channels-and-meetings,collaborate,advanced,A newcomer | A contributor | A meeting facilitator | A remote community member,"Following up on an unanswered question without creating noise, while the project does not clearly define channel purposes.",True
OSS-28-049,06-community-and-collaboration,28-community-communication-channels-and-meetings,collaborate,advanced,A newcomer | A contributor | A meeting facilitator | A remote community member,"Joining a channel where ongoing context is unfamiliar, while language and cultural differences affect interpretation.",True
OSS-28-050,06-community-and-collaboration,28-community-communication-channels-and-meetings,collaborate,advanced,A newcomer | A contributor | A meeting facilitator | A remote community member,"Communicating a temporary absence from an active task, while chat history is unavailable to new members.",True
OSS-29-001,06-community-and-collaboration,29-code-of-conduct-and-community-conflict,collaborate,beginner,A community member | A moderator | A contributor | A maintainer,"Responding to disrespectful language in a technical discussion, while the enforcement contact is involved in the conflict.",True
OSS-29-002,06-community-and-collaboration,29-code-of-conduct-and-community-conflict,collaborate,beginner,A community member | A moderator | A contributor | A maintainer,"Reporting conduct concerns through the project's private process, while private evidence cannot be shared publicly.",True
OSS-29-003,06-community-and-collaboration,29-code-of-conduct-and-community-conflict,collaborate,beginner,A community member | A moderator | A contributor | A maintainer,"Separating strong technical disagreement from personal attack, while community members demand immediate public details.",True
OSS-29-004,06-community-and-collaboration,29-code-of-conduct-and-community-conflict,collaborate,beginner,A community member | A moderator | A contributor | A maintainer,"Supporting a newcomer who feels dismissed by an experienced contributor, while the enforcement contact is involved in the conflict.",True
OSS-29-005,06-community-and-collaboration,29-code-of-conduct-and-community-conflict,collaborate,beginner,A community member | A moderator | A contributor | A maintainer,"Handling repeated off-topic promotion in community channels, while private evidence cannot be shared publicly.",True
OSS-29-006,06-community-and-collaboration,29-code-of-conduct-and-community-conflict,collaborate,beginner,A community member | A moderator | A contributor | A maintainer,"Moderating a conflict involving people with different project authority, while community members demand immediate public details.",True
OSS-29-007,06-community-and-collaboration,29-code-of-conduct-and-community-conflict,collaborate,beginner,A community member | A moderator | A contributor | A maintainer,"Addressing exclusionary jokes that were presented as harmless, while the enforcement contact is involved in the conflict.",True
OSS-29-008,06-community-and-collaboration,29-code-of-conduct-and-community-conflict,collaborate,beginner,A community member | A moderator | A contributor | A maintainer,"Continuing technical work while a conduct report is investigated, while private evidence cannot be shared publicly.",True
OSS-29-009,06-community-and-collaboration,29-code-of-conduct-and-community-conflict,collaborate,beginner,A community member | A moderator | A contributor | A maintainer,"Handling retaliation concerns after reporting misconduct, while community members demand immediate public details.",True
OSS-29-010,06-community-and-collaboration,29-code-of-conduct-and-community-conflict,collaborate,beginner,A community member | A moderator | A contributor | A maintainer,"Restoring productive collaboration after a public disagreement, while the enforcement contact is involved in the conflict.",True
OSS-29-011,06-community-and-collaboration,29-code-of-conduct-and-community-conflict,collaborate,beginner,A community member | A moderator | A contributor | A maintainer,"Responding to disrespectful language in a technical discussion, while participants disagree about whether the code of conduct applies.",True
OSS-29-012,06-community-and-collaboration,29-code-of-conduct-and-community-conflict,collaborate,beginner,A community member | A moderator | A contributor | A maintainer,"Reporting conduct concerns through the project's private process, while the project has policy text but no documented enforcement process.",True
OSS-29-013,06-community-and-collaboration,29-code-of-conduct-and-community-conflict,collaborate,beginner,A community member | A moderator | A contributor | A maintainer,"Separating strong technical disagreement from personal attack, while cultural context changes how the message was understood.",True
OSS-29-014,06-community-and-collaboration,29-code-of-conduct-and-community-conflict,collaborate,beginner,A community member | A moderator | A contributor | A maintainer,"Supporting a newcomer who feels dismissed by an experienced contributor, while participants disagree about whether the code of conduct applies.",True
OSS-29-015,06-community-and-collaboration,29-code-of-conduct-and-community-conflict,collaborate,beginner,A community member | A moderator | A contributor | A maintainer,"Handling repeated off-topic promotion in community channels, while the project has policy text but no documented enforcement process.",True
OSS-29-016,06-community-and-collaboration,29-code-of-conduct-and-community-conflict,collaborate,beginner,A community member | A moderator | A contributor | A maintainer,"Moderating a conflict involving people with different project authority, while cultural context changes how the message was understood.",True
OSS-29-017,06-community-and-collaboration,29-code-of-conduct-and-community-conflict,collaborate,beginner,A community member | A moderator | A contributor | A maintainer,"Addressing exclusionary jokes that were presented as harmless, while participants disagree about whether the code of conduct applies.",True
OSS-29-018,06-community-and-collaboration,29-code-of-conduct-and-community-conflict,collaborate,beginner,A community member | A moderator | A contributor | A maintainer,"Continuing technical work while a conduct report is investigated, while the project has policy text but no documented enforcement process.",True
OSS-29-019,06-community-and-collaboration,29-code-of-conduct-and-community-conflict,collaborate,beginner,A community member | A moderator | A contributor | A maintainer,"Handling retaliation concerns after reporting misconduct, while cultural context changes how the message was understood.",True
OSS-29-020,06-community-and-collaboration,29-code-of-conduct-and-community-conflict,collaborate,beginner,A community member | A moderator | A contributor | A maintainer,"Restoring productive collaboration after a public disagreement, while participants disagree about whether the code of conduct applies.",True
OSS-29-021,06-community-and-collaboration,29-code-of-conduct-and-community-conflict,collaborate,intermediate,A community member | A moderator | A contributor | A maintainer,"Responding to disrespectful language in a technical discussion, while private evidence cannot be shared publicly.",True
OSS-29-022,06-community-and-collaboration,29-code-of-conduct-and-community-conflict,collaborate,intermediate,A community member | A moderator | A contributor | A maintainer,"Reporting conduct concerns through the project's private process, while community members demand immediate public details.",True
OSS-29-023,06-community-and-collaboration,29-code-of-conduct-and-community-conflict,collaborate,intermediate,A community member | A moderator | A contributor | A maintainer,"Separating strong technical disagreement from personal attack, while the enforcement contact is involved in the conflict.",True
OSS-29-024,06-community-and-collaboration,29-code-of-conduct-and-community-conflict,collaborate,intermediate,A community member | A moderator | A contributor | A maintainer,"Supporting a newcomer who feels dismissed by an experienced contributor, while private evidence cannot be shared publicly.",True
OSS-29-025,06-community-and-collaboration,29-code-of-conduct-and-community-conflict,collaborate,intermediate,A community member | A moderator | A contributor | A maintainer,"Handling repeated off-topic promotion in community channels, while community members demand immediate public details.",True
OSS-29-026,06-community-and-collaboration,29-code-of-conduct-and-community-conflict,collaborate,intermediate,A community member | A moderator | A contributor | A maintainer,"Moderating a conflict involving people with different project authority, while the enforcement contact is involved in the conflict.",True
OSS-29-027,06-community-and-collaboration,29-code-of-conduct-and-community-conflict,collaborate,intermediate,A community member | A moderator | A contributor | A maintainer,"Addressing exclusionary jokes that were presented as harmless, while private evidence cannot be shared publicly.",True
OSS-29-028,06-community-and-collaboration,29-code-of-conduct-and-community-conflict,collaborate,intermediate,A community member | A moderator | A contributor | A maintainer,"Continuing technical work while a conduct report is investigated, while community members demand immediate public details.",True
OSS-29-029,06-community-and-collaboration,29-code-of-conduct-and-community-conflict,collaborate,intermediate,A community member | A moderator | A contributor | A maintainer,"Handling retaliation concerns after reporting misconduct, while the enforcement contact is involved in the conflict.",True
OSS-29-030,06-community-and-collaboration,29-code-of-conduct-and-community-conflict,collaborate,intermediate,A community member | A moderator | A contributor | A maintainer,"Restoring productive collaboration after a public disagreement, while private evidence cannot be shared publicly.",True
OSS-29-031,06-community-and-collaboration,29-code-of-conduct-and-community-conflict,collaborate,intermediate,A community member | A moderator | A contributor | A maintainer,"Responding to disrespectful language in a technical discussion, while the project has policy text but no documented enforcement process.",True
OSS-29-032,06-community-and-collaboration,29-code-of-conduct-and-community-conflict,collaborate,intermediate,A community member | A moderator | A contributor | A maintainer,"Reporting conduct concerns through the project's private process, while cultural context changes how the message was understood.",True
OSS-29-033,06-community-and-collaboration,29-code-of-conduct-and-community-conflict,collaborate,intermediate,A community member | A moderator | A contributor | A maintainer,"Separating strong technical disagreement from personal attack, while participants disagree about whether the code of conduct applies.",True
OSS-29-034,06-community-and-collaboration,29-code-of-conduct-and-community-conflict,collaborate,intermediate,A community member | A moderator | A contributor | A maintainer,"Supporting a newcomer who feels dismissed by an experienced contributor, while the project has policy text but no documented enforcement process.",True
OSS-29-035,06-community-and-collaboration,29-code-of-conduct-and-community-conflict,collaborate,intermediate,A community member | A moderator | A contributor | A maintainer,"Handling repeated off-topic promotion in community channels, while cultural context changes how the message was understood.",True
OSS-29-036,06-community-and-collaboration,29-code-of-conduct-and-community-conflict,collaborate,intermediate,A community member | A moderator | A contributor | A maintainer,"Moderating a conflict involving people with different project authority, while participants disagree about whether the code of conduct applies.",True
OSS-29-037,06-community-and-collaboration,29-code-of-conduct-and-community-conflict,collaborate,intermediate,A community member | A moderator | A contributor | A maintainer,"Addressing exclusionary jokes that were presented as harmless, while the project has policy text but no documented enforcement process.",True
OSS-29-038,06-community-and-collaboration,29-code-of-conduct-and-community-conflict,collaborate,intermediate,A community member | A moderator | A contributor | A maintainer,"Continuing technical work while a conduct report is investigated, while cultural context changes how the message was understood.",True
OSS-29-039,06-community-and-collaboration,29-code-of-conduct-and-community-conflict,collaborate,intermediate,A community member | A moderator | A contributor | A maintainer,"Handling retaliation concerns after reporting misconduct, while participants disagree about whether the code of conduct applies.",True
OSS-29-040,06-community-and-collaboration,29-code-of-conduct-and-community-conflict,collaborate,intermediate,A community member | A moderator | A contributor | A maintainer,"Restoring productive collaboration after a public disagreement, while the project has policy text but no documented enforcement process.",True
OSS-29-041,06-community-and-collaboration,29-code-of-conduct-and-community-conflict,collaborate,advanced,A community member | A moderator | A contributor | A maintainer,"Responding to disrespectful language in a technical discussion, while community members demand immediate public details.",True
OSS-29-042,06-community-and-collaboration,29-code-of-conduct-and-community-conflict,collaborate,advanced,A community member | A moderator | A contributor | A maintainer,"Reporting conduct concerns through the project's private process, while the enforcement contact is involved in the conflict.",True
OSS-29-043,06-community-and-collaboration,29-code-of-conduct-and-community-conflict,collaborate,advanced,A community member | A moderator | A contributor | A maintainer,"Separating strong technical disagreement from personal attack, while private evidence cannot be shared publicly.",True
OSS-29-044,06-community-and-collaboration,29-code-of-conduct-and-community-conflict,collaborate,advanced,A community member | A moderator | A contributor | A maintainer,"Supporting a newcomer who feels dismissed by an experienced contributor, while community members demand immediate public details.",True
OSS-29-045,06-community-and-collaboration,29-code-of-conduct-and-community-conflict,collaborate,advanced,A community member | A moderator | A contributor | A maintainer,"Handling repeated off-topic promotion in community channels, while the enforcement contact is involved in the conflict.",True
OSS-29-046,06-community-and-collaboration,29-code-of-conduct-and-community-conflict,collaborate,advanced,A community member | A moderator | A contributor | A maintainer,"Moderating a conflict involving people with different project authority, while private evidence cannot be shared publicly.",True
OSS-29-047,06-community-and-collaboration,29-code-of-conduct-and-community-conflict,collaborate,advanced,A community member | A moderator | A contributor | A maintainer,"Addressing exclusionary jokes that were presented as harmless, while community members demand immediate public details.",True
OSS-29-048,06-community-and-collaboration,29-code-of-conduct-and-community-conflict,collaborate,advanced,A community member | A moderator | A contributor | A maintainer,"Continuing technical work while a conduct report is investigated, while the enforcement contact is involved in the conflict.",True
OSS-29-049,06-community-and-collaboration,29-code-of-conduct-and-community-conflict,collaborate,advanced,A community member | A moderator | A contributor | A maintainer,"Handling retaliation concerns after reporting misconduct, while private evidence cannot be shared publicly.",True
OSS-29-050,06-community-and-collaboration,29-code-of-conduct-and-community-conflict,collaborate,advanced,A community member | A moderator | A contributor | A maintainer,"Restoring productive collaboration after a public disagreement, while community members demand immediate public details.",True
OSS-30-001,06-community-and-collaboration,30-collaboration-pairing-and-handoffs,collaborate,beginner,A contributor | A pair of contributors | A mentor | A project maintainer,"Splitting an issue between contributors with complementary skills, while the issue tracker supports only one assignee.",True
OSS-30-002,06-community-and-collaboration,30-collaboration-pairing-and-handoffs,collaborate,beginner,A contributor | A pair of contributors | A mentor | A project maintainer,"Pairing on a change across widely separated time zones, while the original design context exists only in private notes.",True
OSS-30-003,06-community-and-collaboration,30-collaboration-pairing-and-handoffs,collaborate,beginner,A contributor | A pair of contributors | A mentor | A project maintainer,"Handing off unfinished work before an extended absence, while a deadline encourages work to happen without documentation.",True
OSS-30-004,06-community-and-collaboration,30-collaboration-pairing-and-handoffs,collaborate,beginner,A contributor | A pair of contributors | A mentor | A project maintainer,"Preserving authorship when one contributor completes another's patch, while the issue tracker supports only one assignee.",True
OSS-30-005,06-community-and-collaboration,30-collaboration-pairing-and-handoffs,collaborate,beginner,A contributor | A pair of contributors | A mentor | A project maintainer,"Coordinating code and documentation changes across repositories, while the original design context exists only in private notes.",True
OSS-30-006,06-community-and-collaboration,30-collaboration-pairing-and-handoffs,collaborate,beginner,A contributor | A pair of contributors | A mentor | A project maintainer,"Sharing investigation notes before implementation begins, while a deadline encourages work to happen without documentation.",True
OSS-30-007,06-community-and-collaboration,30-collaboration-pairing-and-handoffs,collaborate,beginner,A contributor | A pair of contributors | A mentor | A project maintainer,"Resolving overlap discovered between two active branches, while the issue tracker supports only one assignee.",True
OSS-30-008,06-community-and-collaboration,30-collaboration-pairing-and-handoffs,collaborate,beginner,A contributor | A pair of contributors | A mentor | A project maintainer,"Bringing a domain expert into a partially completed task, while the original design context exists only in private notes.",True
OSS-30-009,06-community-and-collaboration,30-collaboration-pairing-and-handoffs,collaborate,beginner,A contributor | A pair of contributors | A mentor | A project maintainer,"Reviewing a contribution created through live pairing, while a deadline encourages work to happen without documentation.",True
OSS-30-010,06-community-and-collaboration,30-collaboration-pairing-and-handoffs,collaborate,beginner,A contributor | A pair of contributors | A mentor | A project maintainer,"Ending a collaboration when expectations no longer match, while the issue tracker supports only one assignee.",True
OSS-30-011,06-community-and-collaboration,30-collaboration-pairing-and-handoffs,collaborate,beginner,A contributor | A pair of contributors | A mentor | A project maintainer,"Splitting an issue between contributors with complementary skills, while contributors have different availability and experience levels.",True
OSS-30-012,06-community-and-collaboration,30-collaboration-pairing-and-handoffs,collaborate,beginner,A contributor | A pair of contributors | A mentor | A project maintainer,"Pairing on a change across widely separated time zones, while one contributor has already received most public credit.",True
OSS-30-013,06-community-and-collaboration,30-collaboration-pairing-and-handoffs,collaborate,beginner,A contributor | A pair of contributors | A mentor | A project maintainer,"Handing off unfinished work before an extended absence, while the handoff occurs after upstream code changes significantly.",True
OSS-30-014,06-community-and-collaboration,30-collaboration-pairing-and-handoffs,collaborate,beginner,A contributor | A pair of contributors | A mentor | A project maintainer,"Preserving authorship when one contributor completes another's patch, while contributors have different availability and experience levels.",True
OSS-30-015,06-community-and-collaboration,30-collaboration-pairing-and-handoffs,collaborate,beginner,A contributor | A pair of contributors | A mentor | A project maintainer,"Coordinating code and documentation changes across repositories, while one contributor has already received most public credit.",True
OSS-30-016,06-community-and-collaboration,30-collaboration-pairing-and-handoffs,collaborate,beginner,A contributor | A pair of contributors | A mentor | A project maintainer,"Sharing investigation notes before implementation begins, while the handoff occurs after upstream code changes significantly.",True
OSS-30-017,06-community-and-collaboration,30-collaboration-pairing-and-handoffs,collaborate,beginner,A contributor | A pair of contributors | A mentor | A project maintainer,"Resolving overlap discovered between two active branches, while contributors have different availability and experience levels.",True
OSS-30-018,06-community-and-collaboration,30-collaboration-pairing-and-handoffs,collaborate,beginner,A contributor | A pair of contributors | A mentor | A project maintainer,"Bringing a domain expert into a partially completed task, while one contributor has already received most public credit.",True
OSS-30-019,06-community-and-collaboration,30-collaboration-pairing-and-handoffs,collaborate,beginner,A contributor | A pair of contributors | A mentor | A project maintainer,"Reviewing a contribution created through live pairing, while the handoff occurs after upstream code changes significantly.",True
OSS-30-020,06-community-and-collaboration,30-collaboration-pairing-and-handoffs,collaborate,beginner,A contributor | A pair of contributors | A mentor | A project maintainer,"Ending a collaboration when expectations no longer match, while contributors have different availability and experience levels.",True
OSS-30-021,06-community-and-collaboration,30-collaboration-pairing-and-handoffs,collaborate,intermediate,A contributor | A pair of contributors | A mentor | A project maintainer,"Splitting an issue between contributors with complementary skills, while the original design context exists only in private notes.",True
OSS-30-022,06-community-and-collaboration,30-collaboration-pairing-and-handoffs,collaborate,intermediate,A contributor | A pair of contributors | A mentor | A project maintainer,"Pairing on a change across widely separated time zones, while a deadline encourages work to happen without documentation.",True
OSS-30-023,06-community-and-collaboration,30-collaboration-pairing-and-handoffs,collaborate,intermediate,A contributor | A pair of contributors | A mentor | A project maintainer,"Handing off unfinished work before an extended absence, while the issue tracker supports only one assignee.",True
OSS-30-024,06-community-and-collaboration,30-collaboration-pairing-and-handoffs,collaborate,intermediate,A contributor | A pair of contributors | A mentor | A project maintainer,"Preserving authorship when one contributor completes another's patch, while the original design context exists only in private notes.",True
OSS-30-025,06-community-and-collaboration,30-collaboration-pairing-and-handoffs,collaborate,intermediate,A contributor | A pair of contributors | A mentor | A project maintainer,"Coordinating code and documentation changes across repositories, while a deadline encourages work to happen without documentation.",True
OSS-30-026,06-community-and-collaboration,30-collaboration-pairing-and-handoffs,collaborate,intermediate,A contributor | A pair of contributors | A mentor | A project maintainer,"Sharing investigation notes before implementation begins, while the issue tracker supports only one assignee.",True
OSS-30-027,06-community-and-collaboration,30-collaboration-pairing-and-handoffs,collaborate,intermediate,A contributor | A pair of contributors | A mentor | A project maintainer,"Resolving overlap discovered between two active branches, while the original design context exists only in private notes.",True
OSS-30-028,06-community-and-collaboration,30-collaboration-pairing-and-handoffs,collaborate,intermediate,A contributor | A pair of contributors | A mentor | A project maintainer,"Bringing a domain expert into a partially completed task, while a deadline encourages work to happen without documentation.",True
OSS-30-029,06-community-and-collaboration,30-collaboration-pairing-and-handoffs,collaborate,intermediate,A contributor | A pair of contributors | A mentor | A project maintainer,"Reviewing a contribution created through live pairing, while the issue tracker supports only one assignee.",True
OSS-30-030,06-community-and-collaboration,30-collaboration-pairing-and-handoffs,collaborate,intermediate,A contributor | A pair of contributors | A mentor | A project maintainer,"Ending a collaboration when expectations no longer match, while the original design context exists only in private notes.",True
OSS-30-031,06-community-and-collaboration,30-collaboration-pairing-and-handoffs,collaborate,intermediate,A contributor | A pair of contributors | A mentor | A project maintainer,"Splitting an issue between contributors with complementary skills, while one contributor has already received most public credit.",True
OSS-30-032,06-community-and-collaboration,30-collaboration-pairing-and-handoffs,collaborate,intermediate,A contributor | A pair of contributors | A mentor | A project maintainer,"Pairing on a change across widely separated time zones, while the handoff occurs after upstream code changes significantly.",True
OSS-30-033,06-community-and-collaboration,30-collaboration-pairing-and-handoffs,collaborate,intermediate,A contributor | A pair of contributors | A mentor | A project maintainer,"Handing off unfinished work before an extended absence, while contributors have different availability and experience levels.",True
OSS-30-034,06-community-and-collaboration,30-collaboration-pairing-and-handoffs,collaborate,intermediate,A contributor | A pair of contributors | A mentor | A project maintainer,"Preserving authorship when one contributor completes another's patch, while one contributor has already received most public credit.",True
OSS-30-035,06-community-and-collaboration,30-collaboration-pairing-and-handoffs,collaborate,intermediate,A contributor | A pair of contributors | A mentor | A project maintainer,"Coordinating code and documentation changes across repositories, while the handoff occurs after upstream code changes significantly.",True
OSS-30-036,06-community-and-collaboration,30-collaboration-pairing-and-handoffs,collaborate,intermediate,A contributor | A pair of contributors | A mentor | A project maintainer,"Sharing investigation notes before implementation begins, while contributors have different availability and experience levels.",True
OSS-30-037,06-community-and-collaboration,30-collaboration-pairing-and-handoffs,collaborate,intermediate,A contributor | A pair of contributors | A mentor | A project maintainer,"Resolving overlap discovered between two active branches, while one contributor has already received most public credit.",True
OSS-30-038,06-community-and-collaboration,30-collaboration-pairing-and-handoffs,collaborate,intermediate,A contributor | A pair of contributors | A mentor | A project maintainer,"Bringing a domain expert into a partially completed task, while the handoff occurs after upstream code changes significantly.",True
OSS-30-039,06-community-and-collaboration,30-collaboration-pairing-and-handoffs,collaborate,intermediate,A contributor | A pair of contributors | A mentor | A project maintainer,"Reviewing a contribution created through live pairing, while contributors have different availability and experience levels.",True
OSS-30-040,06-community-and-collaboration,30-collaboration-pairing-and-handoffs,collaborate,intermediate,A contributor | A pair of contributors | A mentor | A project maintainer,"Ending a collaboration when expectations no longer match, while one contributor has already received most public credit.",True
OSS-30-041,06-community-and-collaboration,30-collaboration-pairing-and-handoffs,collaborate,advanced,A contributor | A pair of contributors | A mentor | A project maintainer,"Splitting an issue between contributors with complementary skills, while a deadline encourages work to happen without documentation.",True
OSS-30-042,06-community-and-collaboration,30-collaboration-pairing-and-handoffs,collaborate,advanced,A contributor | A pair of contributors | A mentor | A project maintainer,"Pairing on a change across widely separated time zones, while the issue tracker supports only one assignee.",True
OSS-30-043,06-community-and-collaboration,30-collaboration-pairing-and-handoffs,collaborate,advanced,A contributor | A pair of contributors | A mentor | A project maintainer,"Handing off unfinished work before an extended absence, while the original design context exists only in private notes.",True
OSS-30-044,06-community-and-collaboration,30-collaboration-pairing-and-handoffs,collaborate,advanced,A contributor | A pair of contributors | A mentor | A project maintainer,"Preserving authorship when one contributor completes another's patch, while a deadline encourages work to happen without documentation.",True
OSS-30-045,06-community-and-collaboration,30-collaboration-pairing-and-handoffs,collaborate,advanced,A contributor | A pair of contributors | A mentor | A project maintainer,"Coordinating code and documentation changes across repositories, while the issue tracker supports only one assignee.",True
OSS-30-046,06-community-and-collaboration,30-collaboration-pairing-and-handoffs,collaborate,advanced,A contributor | A pair of contributors | A mentor | A project maintainer,"Sharing investigation notes before implementation begins, while the original design context exists only in private notes.",True
OSS-30-047,06-community-and-collaboration,30-collaboration-pairing-and-handoffs,collaborate,advanced,A contributor | A pair of contributors | A mentor | A project maintainer,"Resolving overlap discovered between two active branches, while a deadline encourages work to happen without documentation.",True
OSS-30-048,06-community-and-collaboration,30-collaboration-pairing-and-handoffs,collaborate,advanced,A contributor | A pair of contributors | A mentor | A project maintainer,"Bringing a domain expert into a partially completed task, while the issue tracker supports only one assignee.",True
OSS-30-049,06-community-and-collaboration,30-collaboration-pairing-and-handoffs,collaborate,advanced,A contributor | A pair of contributors | A mentor | A project maintainer,"Reviewing a contribution created through live pairing, while the original design context exists only in private notes.",True
OSS-30-050,06-community-and-collaboration,30-collaboration-pairing-and-handoffs,collaborate,advanced,A contributor | A pair of contributors | A mentor | A project maintainer,"Ending a collaboration when expectations no longer match, while a deadline encourages work to happen without documentation.",True
OSS-31-001,06-community-and-collaboration,31-responsible-ai-assisted-contribution,contribute,beginner,An AI-assisted contributor | A reviewer | A maintainer | A mentorship applicant,"Using an AI tool to understand an unfamiliar function, while the output looks plausible but the contributor cannot explain it.",True
OSS-31-002,06-community-and-collaboration,31-responsible-ai-assisted-contribution,contribute,beginner,An AI-assisted contributor | A reviewer | A maintainer | A mentorship applicant,"Submitting code partly generated by an assistant, while generated text cites links or APIs that do not exist.",True
OSS-31-003,06-community-and-collaboration,31-responsible-ai-assisted-contribution,contribute,beginner,An AI-assisted contributor | A reviewer | A maintainer | A mentorship applicant,"Reviewing a pull request with signs of unverified generated content, while private repository context may have been sent to an external service.",True
OSS-31-004,06-community-and-collaboration,31-responsible-ai-assisted-contribution,contribute,beginner,An AI-assisted contributor | A reviewer | A maintainer | A mentorship applicant,"Using AI to draft a proposal for a project they barely know, while the output looks plausible but the contributor cannot explain it.",True
OSS-31-005,06-community-and-collaboration,31-responsible-ai-assisted-contribution,contribute,beginner,An AI-assisted contributor | A reviewer | A maintainer | A mentorship applicant,"Checking generated tests for meaningful behavior coverage, while generated text cites links or APIs that do not exist.",True
OSS-31-006,06-community-and-collaboration,31-responsible-ai-assisted-contribution,contribute,beginner,An AI-assisted contributor | A reviewer | A maintainer | A mentorship applicant,"Disclosing AI assistance according to project expectations, while private repository context may have been sent to an external service.",True
OSS-31-007,06-community-and-collaboration,31-responsible-ai-assisted-contribution,contribute,beginner,An AI-assisted contributor | A reviewer | A maintainer | A mentorship applicant,"Using an assistant to summarize a long issue discussion, while the output looks plausible but the contributor cannot explain it.",True
OSS-31-008,06-community-and-collaboration,31-responsible-ai-assisted-contribution,contribute,beginner,An AI-assisted contributor | A reviewer | A maintainer | A mentorship applicant,"Correcting a generated explanation that invents project rules, while generated text cites links or APIs that do not exist.",True
OSS-31-009,06-community-and-collaboration,31-responsible-ai-assisted-contribution,contribute,beginner,An AI-assisted contributor | A reviewer | A maintainer | A mentorship applicant,"Evaluating whether generated code is compatible with project licensing, while private repository context may have been sent to an external service.",True
OSS-31-010,06-community-and-collaboration,31-responsible-ai-assisted-contribution,contribute,beginner,An AI-assisted contributor | A reviewer | A maintainer | A mentorship applicant,"Using AI during a mentorship application with program-specific restrictions, while the output looks plausible but the contributor cannot explain it.",True
OSS-31-011,06-community-and-collaboration,31-responsible-ai-assisted-contribution,contribute,beginner,An AI-assisted contributor | A reviewer | A maintainer | A mentorship applicant,"Using an AI tool to understand an unfamiliar function, while the project has no explicit AI contribution policy.",True
OSS-31-012,06-community-and-collaboration,31-responsible-ai-assisted-contribution,contribute,beginner,An AI-assisted contributor | A reviewer | A maintainer | A mentorship applicant,"Submitting code partly generated by an assistant, while the patch adds much more scope than the issue requires.",True
OSS-31-013,06-community-and-collaboration,31-responsible-ai-assisted-contribution,contribute,beginner,An AI-assisted contributor | A reviewer | A maintainer | A mentorship applicant,"Reviewing a pull request with signs of unverified generated content, while reviewers face a high volume of similar low-quality submissions.",True
OSS-31-014,06-community-and-collaboration,31-responsible-ai-assisted-contribution,contribute,beginner,An AI-assisted contributor | A reviewer | A maintainer | A mentorship applicant,"Using AI to draft a proposal for a project they barely know, while the project has no explicit AI contribution policy.",True
OSS-31-015,06-community-and-collaboration,31-responsible-ai-assisted-contribution,contribute,beginner,An AI-assisted contributor | A reviewer | A maintainer | A mentorship applicant,"Checking generated tests for meaningful behavior coverage, while the patch adds much more scope than the issue requires.",True
OSS-31-016,06-community-and-collaboration,31-responsible-ai-assisted-contribution,contribute,beginner,An AI-assisted contributor | A reviewer | A maintainer | A mentorship applicant,"Disclosing AI assistance according to project expectations, while reviewers face a high volume of similar low-quality submissions.",True
OSS-31-017,06-community-and-collaboration,31-responsible-ai-assisted-contribution,contribute,beginner,An AI-assisted contributor | A reviewer | A maintainer | A mentorship applicant,"Using an assistant to summarize a long issue discussion, while the project has no explicit AI contribution policy.",True
OSS-31-018,06-community-and-collaboration,31-responsible-ai-assisted-contribution,contribute,beginner,An AI-assisted contributor | A reviewer | A maintainer | A mentorship applicant,"Correcting a generated explanation that invents project rules, while the patch adds much more scope than the issue requires.",True
OSS-31-019,06-community-and-collaboration,31-responsible-ai-assisted-contribution,contribute,beginner,An AI-assisted contributor | A reviewer | A maintainer | A mentorship applicant,"Evaluating whether generated code is compatible with project licensing, while reviewers face a high volume of similar low-quality submissions.",True
OSS-31-020,06-community-and-collaboration,31-responsible-ai-assisted-contribution,contribute,beginner,An AI-assisted contributor | A reviewer | A maintainer | A mentorship applicant,"Using AI during a mentorship application with program-specific restrictions, while the project has no explicit AI contribution policy.",True
OSS-31-021,06-community-and-collaboration,31-responsible-ai-assisted-contribution,contribute,intermediate,An AI-assisted contributor | A reviewer | A maintainer | A mentorship applicant,"Using an AI tool to understand an unfamiliar function, while generated text cites links or APIs that do not exist.",True
OSS-31-022,06-community-and-collaboration,31-responsible-ai-assisted-contribution,contribute,intermediate,An AI-assisted contributor | A reviewer | A maintainer | A mentorship applicant,"Submitting code partly generated by an assistant, while private repository context may have been sent to an external service.",True
OSS-31-023,06-community-and-collaboration,31-responsible-ai-assisted-contribution,contribute,intermediate,An AI-assisted contributor | A reviewer | A maintainer | A mentorship applicant,"Reviewing a pull request with signs of unverified generated content, while the output looks plausible but the contributor cannot explain it.",True
OSS-31-024,06-community-and-collaboration,31-responsible-ai-assisted-contribution,contribute,intermediate,An AI-assisted contributor | A reviewer | A maintainer | A mentorship applicant,"Using AI to draft a proposal for a project they barely know, while generated text cites links or APIs that do not exist.",True
OSS-31-025,06-community-and-collaboration,31-responsible-ai-assisted-contribution,contribute,intermediate,An AI-assisted contributor | A reviewer | A maintainer | A mentorship applicant,"Checking generated tests for meaningful behavior coverage, while private repository context may have been sent to an external service.",True
OSS-31-026,06-community-and-collaboration,31-responsible-ai-assisted-contribution,contribute,intermediate,An AI-assisted contributor | A reviewer | A maintainer | A mentorship applicant,"Disclosing AI assistance according to project expectations, while the output looks plausible but the contributor cannot explain it.",True
OSS-31-027,06-community-and-collaboration,31-responsible-ai-assisted-contribution,contribute,intermediate,An AI-assisted contributor | A reviewer | A maintainer | A mentorship applicant,"Using an assistant to summarize a long issue discussion, while generated text cites links or APIs that do not exist.",True
OSS-31-028,06-community-and-collaboration,31-responsible-ai-assisted-contribution,contribute,intermediate,An AI-assisted contributor | A reviewer | A maintainer | A mentorship applicant,"Correcting a generated explanation that invents project rules, while private repository context may have been sent to an external service.",True
OSS-31-029,06-community-and-collaboration,31-responsible-ai-assisted-contribution,contribute,intermediate,An AI-assisted contributor | A reviewer | A maintainer | A mentorship applicant,"Evaluating whether generated code is compatible with project licensing, while the output looks plausible but the contributor cannot explain it.",True
OSS-31-030,06-community-and-collaboration,31-responsible-ai-assisted-contribution,contribute,intermediate,An AI-assisted contributor | A reviewer | A maintainer | A mentorship applicant,"Using AI during a mentorship application with program-specific restrictions, while generated text cites links or APIs that do not exist.",True
OSS-31-031,06-community-and-collaboration,31-responsible-ai-assisted-contribution,contribute,intermediate,An AI-assisted contributor | A reviewer | A maintainer | A mentorship applicant,"Using an AI tool to understand an unfamiliar function, while the patch adds much more scope than the issue requires.",True
OSS-31-032,06-community-and-collaboration,31-responsible-ai-assisted-contribution,contribute,intermediate,An AI-assisted contributor | A reviewer | A maintainer | A mentorship applicant,"Submitting code partly generated by an assistant, while reviewers face a high volume of similar low-quality submissions.",True
OSS-31-033,06-community-and-collaboration,31-responsible-ai-assisted-contribution,contribute,intermediate,An AI-assisted contributor | A reviewer | A maintainer | A mentorship applicant,"Reviewing a pull request with signs of unverified generated content, while the project has no explicit AI contribution policy.",True
OSS-31-034,06-community-and-collaboration,31-responsible-ai-assisted-contribution,contribute,intermediate,An AI-assisted contributor | A reviewer | A maintainer | A mentorship applicant,"Using AI to draft a proposal for a project they barely know, while the patch adds much more scope than the issue requires.",True
OSS-31-035,06-community-and-collaboration,31-responsible-ai-assisted-contribution,contribute,intermediate,An AI-assisted contributor | A reviewer | A maintainer | A mentorship applicant,"Checking generated tests for meaningful behavior coverage, while reviewers face a high volume of similar low-quality submissions.",True
OSS-31-036,06-community-and-collaboration,31-responsible-ai-assisted-contribution,contribute,intermediate,An AI-assisted contributor | A reviewer | A maintainer | A mentorship applicant,"Disclosing AI assistance according to project expectations, while the project has no explicit AI contribution policy.",True
OSS-31-037,06-community-and-collaboration,31-responsible-ai-assisted-contribution,contribute,intermediate,An AI-assisted contributor | A reviewer | A maintainer | A mentorship applicant,"Using an assistant to summarize a long issue discussion, while the patch adds much more scope than the issue requires.",True
OSS-31-038,06-community-and-collaboration,31-responsible-ai-assisted-contribution,contribute,intermediate,An AI-assisted contributor | A reviewer | A maintainer | A mentorship applicant,"Correcting a generated explanation that invents project rules, while reviewers face a high volume of similar low-quality submissions.",True
OSS-31-039,06-community-and-collaboration,31-responsible-ai-assisted-contribution,contribute,intermediate,An AI-assisted contributor | A reviewer | A maintainer | A mentorship applicant,"Evaluating whether generated code is compatible with project licensing, while the project has no explicit AI contribution policy.",True
OSS-31-040,06-community-and-collaboration,31-responsible-ai-assisted-contribution,contribute,intermediate,An AI-assisted contributor | A reviewer | A maintainer | A mentorship applicant,"Using AI during a mentorship application with program-specific restrictions, while the patch adds much more scope than the issue requires.",True
OSS-31-041,06-community-and-collaboration,31-responsible-ai-assisted-contribution,contribute,advanced,An AI-assisted contributor | A reviewer | A maintainer | A mentorship applicant,"Using an AI tool to understand an unfamiliar function, while private repository context may have been sent to an external service.",True
OSS-31-042,06-community-and-collaboration,31-responsible-ai-assisted-contribution,contribute,advanced,An AI-assisted contributor | A reviewer | A maintainer | A mentorship applicant,"Submitting code partly generated by an assistant, while the output looks plausible but the contributor cannot explain it.",True
OSS-31-043,06-community-and-collaboration,31-responsible-ai-assisted-contribution,contribute,advanced,An AI-assisted contributor | A reviewer | A maintainer | A mentorship applicant,"Reviewing a pull request with signs of unverified generated content, while generated text cites links or APIs that do not exist.",True
OSS-31-044,06-community-and-collaboration,31-responsible-ai-assisted-contribution,contribute,advanced,An AI-assisted contributor | A reviewer | A maintainer | A mentorship applicant,"Using AI to draft a proposal for a project they barely know, while private repository context may have been sent to an external service.",True
OSS-31-045,06-community-and-collaboration,31-responsible-ai-assisted-contribution,contribute,advanced,An AI-assisted contributor | A reviewer | A maintainer | A mentorship applicant,"Checking generated tests for meaningful behavior coverage, while the output looks plausible but the contributor cannot explain it.",True
OSS-31-046,06-community-and-collaboration,31-responsible-ai-assisted-contribution,contribute,advanced,An AI-assisted contributor | A reviewer | A maintainer | A mentorship applicant,"Disclosing AI assistance according to project expectations, while generated text cites links or APIs that do not exist.",True
OSS-31-047,06-community-and-collaboration,31-responsible-ai-assisted-contribution,contribute,advanced,An AI-assisted contributor | A reviewer | A maintainer | A mentorship applicant,"Using an assistant to summarize a long issue discussion, while private repository context may have been sent to an external service.",True
OSS-31-048,06-community-and-collaboration,31-responsible-ai-assisted-contribution,contribute,advanced,An AI-assisted contributor | A reviewer | A maintainer | A mentorship applicant,"Correcting a generated explanation that invents project rules, while the output looks plausible but the contributor cannot explain it.",True
OSS-31-049,06-community-and-collaboration,31-responsible-ai-assisted-contribution,contribute,advanced,An AI-assisted contributor | A reviewer | A maintainer | A mentorship applicant,"Evaluating whether generated code is compatible with project licensing, while generated text cites links or APIs that do not exist.",True
OSS-31-050,06-community-and-collaboration,31-responsible-ai-assisted-contribution,contribute,advanced,An AI-assisted contributor | A reviewer | A maintainer | A mentorship applicant,"Using AI during a mentorship application with program-specific restrictions, while private repository context may have been sent to an external service.",True
OSS-32-001,07-security-privacy-and-legal,32-security-reports-and-private-disclosure,contribute,beginner,A security researcher | A maintainer | A dependency user | A security responder,"Reporting a suspected vulnerability without opening a public issue, while the public issue tracker already contains partial exploit details.",False
OSS-32-002,07-security-privacy-and-legal,32-security-reports-and-private-disclosure,contribute,beginner,A security researcher | A maintainer | A dependency user | A security responder,"Validating whether unexpected behavior has security impact, while the affected component has no active security team.",False
OSS-32-003,07-security-privacy-and-legal,32-security-reports-and-private-disclosure,contribute,beginner,A security researcher | A maintainer | A dependency user | A security responder,"Coordinating a fix before public disclosure, while a release deadline conflicts with coordinated disclosure timing.",False
OSS-32-004,07-security-privacy-and-legal,32-security-reports-and-private-disclosure,contribute,beginner,A security researcher | A maintainer | A dependency user | A security responder,"Handling a report that includes an incomplete proof of concept, while the public issue tracker already contains partial exploit details.",False
OSS-32-005,07-security-privacy-and-legal,32-security-reports-and-private-disclosure,contribute,beginner,A security researcher | A maintainer | A dependency user | A security responder,"Requesting a security contact when SECURITY documentation is missing, while the affected component has no active security team.",False
OSS-32-006,07-security-privacy-and-legal,32-security-reports-and-private-disclosure,contribute,beginner,A security researcher | A maintainer | A dependency user | A security responder,"Assessing whether several supported versions are affected, while a release deadline conflicts with coordinated disclosure timing.",False
OSS-32-007,07-security-privacy-and-legal,32-security-reports-and-private-disclosure,contribute,beginner,A security researcher | A maintainer | A dependency user | A security responder,"Preparing a private patch from an external reporter, while the public issue tracker already contains partial exploit details.",False
OSS-32-008,07-security-privacy-and-legal,32-security-reports-and-private-disclosure,contribute,beginner,A security researcher | A maintainer | A dependency user | A security responder,"Responding to a vulnerability report generated by an automated scanner, while the affected component has no active security team.",False
OSS-32-009,07-security-privacy-and-legal,32-security-reports-and-private-disclosure,contribute,beginner,A security researcher | A maintainer | A dependency user | A security responder,"Coordinating disclosure with downstream package maintainers, while a release deadline conflicts with coordinated disclosure timing.",False
OSS-32-010,07-security-privacy-and-legal,32-security-reports-and-private-disclosure,contribute,beginner,A security researcher | A maintainer | A dependency user | A security responder,"Separating a security flaw from a normal hardening opportunity, while the public issue tracker already contains partial exploit details.",False
OSS-32-011,07-security-privacy-and-legal,32-security-reports-and-private-disclosure,contribute,beginner,A security researcher | A maintainer | A dependency user | A security responder,"Reporting a suspected vulnerability without opening a public issue, while the reporter and maintainer disagree about severity.",False
OSS-32-012,07-security-privacy-and-legal,32-security-reports-and-private-disclosure,contribute,beginner,A security researcher | A maintainer | A dependency user | A security responder,"Validating whether unexpected behavior has security impact, while reproduction requires access to sensitive data.",False
OSS-32-013,07-security-privacy-and-legal,32-security-reports-and-private-disclosure,contribute,beginner,A security researcher | A maintainer | A dependency user | A security responder,"Coordinating a fix before public disclosure, while the report targets an unsupported version still widely deployed.",False
OSS-32-014,07-security-privacy-and-legal,32-security-reports-and-private-disclosure,contribute,beginner,A security researcher | A maintainer | A dependency user | A security responder,"Handling a report that includes an incomplete proof of concept, while the reporter and maintainer disagree about severity.",False
OSS-32-015,07-security-privacy-and-legal,32-security-reports-and-private-disclosure,contribute,beginner,A security researcher | A maintainer | A dependency user | A security responder,"Requesting a security contact when SECURITY documentation is missing, while reproduction requires access to sensitive data.",False
OSS-32-016,07-security-privacy-and-legal,32-security-reports-and-private-disclosure,contribute,beginner,A security researcher | A maintainer | A dependency user | A security responder,"Assessing whether several supported versions are affected, while the report targets an unsupported version still widely deployed.",False
OSS-32-017,07-security-privacy-and-legal,32-security-reports-and-private-disclosure,contribute,beginner,A security researcher | A maintainer | A dependency user | A security responder,"Preparing a private patch from an external reporter, while the reporter and maintainer disagree about severity.",False
OSS-32-018,07-security-privacy-and-legal,32-security-reports-and-private-disclosure,contribute,beginner,A security researcher | A maintainer | A dependency user | A security responder,"Responding to a vulnerability report generated by an automated scanner, while reproduction requires access to sensitive data.",False
OSS-32-019,07-security-privacy-and-legal,32-security-reports-and-private-disclosure,contribute,beginner,A security researcher | A maintainer | A dependency user | A security responder,"Coordinating disclosure with downstream package maintainers, while the report targets an unsupported version still widely deployed.",False
OSS-32-020,07-security-privacy-and-legal,32-security-reports-and-private-disclosure,contribute,beginner,A security researcher | A maintainer | A dependency user | A security responder,"Separating a security flaw from a normal hardening opportunity, while the reporter and maintainer disagree about severity.",False
OSS-32-021,07-security-privacy-and-legal,32-security-reports-and-private-disclosure,contribute,intermediate,A security researcher | A maintainer | A dependency user | A security responder,"Reporting a suspected vulnerability without opening a public issue, while the affected component has no active security team.",False
OSS-32-022,07-security-privacy-and-legal,32-security-reports-and-private-disclosure,contribute,intermediate,A security researcher | A maintainer | A dependency user | A security responder,"Validating whether unexpected behavior has security impact, while a release deadline conflicts with coordinated disclosure timing.",False
OSS-32-023,07-security-privacy-and-legal,32-security-reports-and-private-disclosure,contribute,intermediate,A security researcher | A maintainer | A dependency user | A security responder,"Coordinating a fix before public disclosure, while the public issue tracker already contains partial exploit details.",False
OSS-32-024,07-security-privacy-and-legal,32-security-reports-and-private-disclosure,contribute,intermediate,A security researcher | A maintainer | A dependency user | A security responder,"Handling a report that includes an incomplete proof of concept, while the affected component has no active security team.",False
OSS-32-025,07-security-privacy-and-legal,32-security-reports-and-private-disclosure,contribute,intermediate,A security researcher | A maintainer | A dependency user | A security responder,"Requesting a security contact when SECURITY documentation is missing, while a release deadline conflicts with coordinated disclosure timing.",False
OSS-32-026,07-security-privacy-and-legal,32-security-reports-and-private-disclosure,contribute,intermediate,A security researcher | A maintainer | A dependency user | A security responder,"Assessing whether several supported versions are affected, while the public issue tracker already contains partial exploit details.",False
OSS-32-027,07-security-privacy-and-legal,32-security-reports-and-private-disclosure,contribute,intermediate,A security researcher | A maintainer | A dependency user | A security responder,"Preparing a private patch from an external reporter, while the affected component has no active security team.",False
OSS-32-028,07-security-privacy-and-legal,32-security-reports-and-private-disclosure,contribute,intermediate,A security researcher | A maintainer | A dependency user | A security responder,"Responding to a vulnerability report generated by an automated scanner, while a release deadline conflicts with coordinated disclosure timing.",False
OSS-32-029,07-security-privacy-and-legal,32-security-reports-and-private-disclosure,contribute,intermediate,A security researcher | A maintainer | A dependency user | A security responder,"Coordinating disclosure with downstream package maintainers, while the public issue tracker already contains partial exploit details.",False
OSS-32-030,07-security-privacy-and-legal,32-security-reports-and-private-disclosure,contribute,intermediate,A security researcher | A maintainer | A dependency user | A security responder,"Separating a security flaw from a normal hardening opportunity, while the affected component has no active security team.",False
OSS-32-031,07-security-privacy-and-legal,32-security-reports-and-private-disclosure,contribute,intermediate,A security researcher | A maintainer | A dependency user | A security responder,"Reporting a suspected vulnerability without opening a public issue, while reproduction requires access to sensitive data.",False
OSS-32-032,07-security-privacy-and-legal,32-security-reports-and-private-disclosure,contribute,intermediate,A security researcher | A maintainer | A dependency user | A security responder,"Validating whether unexpected behavior has security impact, while the report targets an unsupported version still widely deployed.",False
OSS-32-033,07-security-privacy-and-legal,32-security-reports-and-private-disclosure,contribute,intermediate,A security researcher | A maintainer | A dependency user | A security responder,"Coordinating a fix before public disclosure, while the reporter and maintainer disagree about severity.",False
OSS-32-034,07-security-privacy-and-legal,32-security-reports-and-private-disclosure,contribute,intermediate,A security researcher | A maintainer | A dependency user | A security responder,"Handling a report that includes an incomplete proof of concept, while reproduction requires access to sensitive data.",False
OSS-32-035,07-security-privacy-and-legal,32-security-reports-and-private-disclosure,contribute,intermediate,A security researcher | A maintainer | A dependency user | A security responder,"Requesting a security contact when SECURITY documentation is missing, while the report targets an unsupported version still widely deployed.",False
OSS-32-036,07-security-privacy-and-legal,32-security-reports-and-private-disclosure,contribute,intermediate,A security researcher | A maintainer | A dependency user | A security responder,"Assessing whether several supported versions are affected, while the reporter and maintainer disagree about severity.",False
OSS-32-037,07-security-privacy-and-legal,32-security-reports-and-private-disclosure,contribute,intermediate,A security researcher | A maintainer | A dependency user | A security responder,"Preparing a private patch from an external reporter, while reproduction requires access to sensitive data.",False
OSS-32-038,07-security-privacy-and-legal,32-security-reports-and-private-disclosure,contribute,intermediate,A security researcher | A maintainer | A dependency user | A security responder,"Responding to a vulnerability report generated by an automated scanner, while the report targets an unsupported version still widely deployed.",False
OSS-32-039,07-security-privacy-and-legal,32-security-reports-and-private-disclosure,contribute,intermediate,A security researcher | A maintainer | A dependency user | A security responder,"Coordinating disclosure with downstream package maintainers, while the reporter and maintainer disagree about severity.",False
OSS-32-040,07-security-privacy-and-legal,32-security-reports-and-private-disclosure,contribute,intermediate,A security researcher | A maintainer | A dependency user | A security responder,"Separating a security flaw from a normal hardening opportunity, while reproduction requires access to sensitive data.",False
OSS-32-041,07-security-privacy-and-legal,32-security-reports-and-private-disclosure,contribute,advanced,A security researcher | A maintainer | A dependency user | A security responder,"Reporting a suspected vulnerability without opening a public issue, while a release deadline conflicts with coordinated disclosure timing.",False
OSS-32-042,07-security-privacy-and-legal,32-security-reports-and-private-disclosure,contribute,advanced,A security researcher | A maintainer | A dependency user | A security responder,"Validating whether unexpected behavior has security impact, while the public issue tracker already contains partial exploit details.",False
OSS-32-043,07-security-privacy-and-legal,32-security-reports-and-private-disclosure,contribute,advanced,A security researcher | A maintainer | A dependency user | A security responder,"Coordinating a fix before public disclosure, while the affected component has no active security team.",False
OSS-32-044,07-security-privacy-and-legal,32-security-reports-and-private-disclosure,contribute,advanced,A security researcher | A maintainer | A dependency user | A security responder,"Handling a report that includes an incomplete proof of concept, while a release deadline conflicts with coordinated disclosure timing.",False
OSS-32-045,07-security-privacy-and-legal,32-security-reports-and-private-disclosure,contribute,advanced,A security researcher | A maintainer | A dependency user | A security responder,"Requesting a security contact when SECURITY documentation is missing, while the public issue tracker already contains partial exploit details.",False
OSS-32-046,07-security-privacy-and-legal,32-security-reports-and-private-disclosure,contribute,advanced,A security researcher | A maintainer | A dependency user | A security responder,"Assessing whether several supported versions are affected, while the affected component has no active security team.",False
OSS-32-047,07-security-privacy-and-legal,32-security-reports-and-private-disclosure,contribute,advanced,A security researcher | A maintainer | A dependency user | A security responder,"Preparing a private patch from an external reporter, while a release deadline conflicts with coordinated disclosure timing.",False
OSS-32-048,07-security-privacy-and-legal,32-security-reports-and-private-disclosure,contribute,advanced,A security researcher | A maintainer | A dependency user | A security responder,"Responding to a vulnerability report generated by an automated scanner, while the public issue tracker already contains partial exploit details.",False
OSS-32-049,07-security-privacy-and-legal,32-security-reports-and-private-disclosure,contribute,advanced,A security researcher | A maintainer | A dependency user | A security responder,"Coordinating disclosure with downstream package maintainers, while the affected component has no active security team.",False
OSS-32-050,07-security-privacy-and-legal,32-security-reports-and-private-disclosure,contribute,advanced,A security researcher | A maintainer | A dependency user | A security responder,"Separating a security flaw from a normal hardening opportunity, while a release deadline conflicts with coordinated disclosure timing.",False
OSS-33-001,07-security-privacy-and-legal,33-secrets-privacy-and-sensitive-data,contribute,beginner,A contributor | A maintainer | A documentation writer | A data-project contributor,"Discovering an API token in a commit or pull request, while the credential may already have been copied or indexed.",False
OSS-33-002,07-security-privacy-and-legal,33-secrets-privacy-and-sensitive-data,contribute,beginner,A contributor | A maintainer | A documentation writer | A data-project contributor,"Sharing logs needed for debugging without exposing personal data, while maintainers need evidence that cannot be posted publicly.",False
OSS-33-003,07-security-privacy-and-legal,33-secrets-privacy-and-sensitive-data,contribute,beginner,A contributor | A maintainer | A documentation writer | A data-project contributor,"Removing a secret from current code and repository history, while the data appears synthetic but originates from a real incident.",False
OSS-33-004,07-security-privacy-and-legal,33-secrets-privacy-and-sensitive-data,contribute,beginner,A contributor | A maintainer | A documentation writer | A data-project contributor,"Designing test fixtures that resemble real user records, while the credential may already have been copied or indexed.",False
OSS-33-005,07-security-privacy-and-legal,33-secrets-privacy-and-sensitive-data,contribute,beginner,A contributor | A maintainer | A documentation writer | A data-project contributor,"Reviewing telemetry changes that collect additional information, while maintainers need evidence that cannot be posted publicly.",False
OSS-33-006,07-security-privacy-and-legal,33-secrets-privacy-and-sensitive-data,contribute,beginner,A contributor | A maintainer | A documentation writer | A data-project contributor,"Reporting a privacy concern in a public repository, while the data appears synthetic but originates from a real incident.",False
OSS-33-007,07-security-privacy-and-legal,33-secrets-privacy-and-sensitive-data,contribute,beginner,A contributor | A maintainer | A documentation writer | A data-project contributor,"Handling screenshots that contain usernames and file paths, while the credential may already have been copied or indexed.",False
OSS-33-008,07-security-privacy-and-legal,33-secrets-privacy-and-sensitive-data,contribute,beginner,A contributor | A maintainer | A documentation writer | A data-project contributor,"Using production-like configuration in local examples, while maintainers need evidence that cannot be posted publicly.",False
OSS-33-009,07-security-privacy-and-legal,33-secrets-privacy-and-sensitive-data,contribute,beginner,A contributor | A maintainer | A documentation writer | A data-project contributor,"Responding when secret scanning blocks a legitimate test value, while the data appears synthetic but originates from a real incident.",False
OSS-33-010,07-security-privacy-and-legal,33-secrets-privacy-and-sensitive-data,contribute,beginner,A contributor | A maintainer | A documentation writer | A data-project contributor,"Documenting data retention for a community-operated service, while the credential may already have been copied or indexed.",False
OSS-33-011,07-security-privacy-and-legal,33-secrets-privacy-and-sensitive-data,contribute,beginner,A contributor | A maintainer | A documentation writer | A data-project contributor,"Discovering an API token in a commit or pull request, while the affected history exists in multiple forks.",False
OSS-33-012,07-security-privacy-and-legal,33-secrets-privacy-and-sensitive-data,contribute,beginner,A contributor | A maintainer | A documentation writer | A data-project contributor,"Sharing logs needed for debugging without exposing personal data, while the repository has no documented privacy contact.",False
OSS-33-013,07-security-privacy-and-legal,33-secrets-privacy-and-sensitive-data,contribute,beginner,A contributor | A maintainer | A documentation writer | A data-project contributor,"Removing a secret from current code and repository history, while removing the value would break reproducibility of the report.",False
OSS-33-014,07-security-privacy-and-legal,33-secrets-privacy-and-sensitive-data,contribute,beginner,A contributor | A maintainer | A documentation writer | A data-project contributor,"Designing test fixtures that resemble real user records, while the affected history exists in multiple forks.",False
OSS-33-015,07-security-privacy-and-legal,33-secrets-privacy-and-sensitive-data,contribute,beginner,A contributor | A maintainer | A documentation writer | A data-project contributor,"Reviewing telemetry changes that collect additional information, while the repository has no documented privacy contact.",False
OSS-33-016,07-security-privacy-and-legal,33-secrets-privacy-and-sensitive-data,contribute,beginner,A contributor | A maintainer | A documentation writer | A data-project contributor,"Reporting a privacy concern in a public repository, while removing the value would break reproducibility of the report.",False
OSS-33-017,07-security-privacy-and-legal,33-secrets-privacy-and-sensitive-data,contribute,beginner,A contributor | A maintainer | A documentation writer | A data-project contributor,"Handling screenshots that contain usernames and file paths, while the affected history exists in multiple forks.",False
OSS-33-018,07-security-privacy-and-legal,33-secrets-privacy-and-sensitive-data,contribute,beginner,A contributor | A maintainer | A documentation writer | A data-project contributor,"Using production-like configuration in local examples, while the repository has no documented privacy contact.",False
OSS-33-019,07-security-privacy-and-legal,33-secrets-privacy-and-sensitive-data,contribute,beginner,A contributor | A maintainer | A documentation writer | A data-project contributor,"Responding when secret scanning blocks a legitimate test value, while removing the value would break reproducibility of the report.",False
OSS-33-020,07-security-privacy-and-legal,33-secrets-privacy-and-sensitive-data,contribute,beginner,A contributor | A maintainer | A documentation writer | A data-project contributor,"Documenting data retention for a community-operated service, while the affected history exists in multiple forks.",False
OSS-33-021,07-security-privacy-and-legal,33-secrets-privacy-and-sensitive-data,contribute,intermediate,A contributor | A maintainer | A documentation writer | A data-project contributor,"Discovering an API token in a commit or pull request, while maintainers need evidence that cannot be posted publicly.",False
OSS-33-022,07-security-privacy-and-legal,33-secrets-privacy-and-sensitive-data,contribute,intermediate,A contributor | A maintainer | A documentation writer | A data-project contributor,"Sharing logs needed for debugging without exposing personal data, while the data appears synthetic but originates from a real incident.",False
OSS-33-023,07-security-privacy-and-legal,33-secrets-privacy-and-sensitive-data,contribute,intermediate,A contributor | A maintainer | A documentation writer | A data-project contributor,"Removing a secret from current code and repository history, while the credential may already have been copied or indexed.",False
OSS-33-024,07-security-privacy-and-legal,33-secrets-privacy-and-sensitive-data,contribute,intermediate,A contributor | A maintainer | A documentation writer | A data-project contributor,"Designing test fixtures that resemble real user records, while maintainers need evidence that cannot be posted publicly.",False
OSS-33-025,07-security-privacy-and-legal,33-secrets-privacy-and-sensitive-data,contribute,intermediate,A contributor | A maintainer | A documentation writer | A data-project contributor,"Reviewing telemetry changes that collect additional information, while the data appears synthetic but originates from a real incident.",False
OSS-33-026,07-security-privacy-and-legal,33-secrets-privacy-and-sensitive-data,contribute,intermediate,A contributor | A maintainer | A documentation writer | A data-project contributor,"Reporting a privacy concern in a public repository, while the credential may already have been copied or indexed.",False
OSS-33-027,07-security-privacy-and-legal,33-secrets-privacy-and-sensitive-data,contribute,intermediate,A contributor | A maintainer | A documentation writer | A data-project contributor,"Handling screenshots that contain usernames and file paths, while maintainers need evidence that cannot be posted publicly.",False
OSS-33-028,07-security-privacy-and-legal,33-secrets-privacy-and-sensitive-data,contribute,intermediate,A contributor | A maintainer | A documentation writer | A data-project contributor,"Using production-like configuration in local examples, while the data appears synthetic but originates from a real incident.",False
OSS-33-029,07-security-privacy-and-legal,33-secrets-privacy-and-sensitive-data,contribute,intermediate,A contributor | A maintainer | A documentation writer | A data-project contributor,"Responding when secret scanning blocks a legitimate test value, while the credential may already have been copied or indexed.",False
OSS-33-030,07-security-privacy-and-legal,33-secrets-privacy-and-sensitive-data,contribute,intermediate,A contributor | A maintainer | A documentation writer | A data-project contributor,"Documenting data retention for a community-operated service, while maintainers need evidence that cannot be posted publicly.",False
OSS-33-031,07-security-privacy-and-legal,33-secrets-privacy-and-sensitive-data,contribute,intermediate,A contributor | A maintainer | A documentation writer | A data-project contributor,"Discovering an API token in a commit or pull request, while the repository has no documented privacy contact.",False
OSS-33-032,07-security-privacy-and-legal,33-secrets-privacy-and-sensitive-data,contribute,intermediate,A contributor | A maintainer | A documentation writer | A data-project contributor,"Sharing logs needed for debugging without exposing personal data, while removing the value would break reproducibility of the report.",False
OSS-33-033,07-security-privacy-and-legal,33-secrets-privacy-and-sensitive-data,contribute,intermediate,A contributor | A maintainer | A documentation writer | A data-project contributor,"Removing a secret from current code and repository history, while the affected history exists in multiple forks.",False
OSS-33-034,07-security-privacy-and-legal,33-secrets-privacy-and-sensitive-data,contribute,intermediate,A contributor | A maintainer | A documentation writer | A data-project contributor,"Designing test fixtures that resemble real user records, while the repository has no documented privacy contact.",False
OSS-33-035,07-security-privacy-and-legal,33-secrets-privacy-and-sensitive-data,contribute,intermediate,A contributor | A maintainer | A documentation writer | A data-project contributor,"Reviewing telemetry changes that collect additional information, while removing the value would break reproducibility of the report.",False
OSS-33-036,07-security-privacy-and-legal,33-secrets-privacy-and-sensitive-data,contribute,intermediate,A contributor | A maintainer | A documentation writer | A data-project contributor,"Reporting a privacy concern in a public repository, while the affected history exists in multiple forks.",False
OSS-33-037,07-security-privacy-and-legal,33-secrets-privacy-and-sensitive-data,contribute,intermediate,A contributor | A maintainer | A documentation writer | A data-project contributor,"Handling screenshots that contain usernames and file paths, while the repository has no documented privacy contact.",False
OSS-33-038,07-security-privacy-and-legal,33-secrets-privacy-and-sensitive-data,contribute,intermediate,A contributor | A maintainer | A documentation writer | A data-project contributor,"Using production-like configuration in local examples, while removing the value would break reproducibility of the report.",False
OSS-33-039,07-security-privacy-and-legal,33-secrets-privacy-and-sensitive-data,contribute,intermediate,A contributor | A maintainer | A documentation writer | A data-project contributor,"Responding when secret scanning blocks a legitimate test value, while the affected history exists in multiple forks.",False
OSS-33-040,07-security-privacy-and-legal,33-secrets-privacy-and-sensitive-data,contribute,intermediate,A contributor | A maintainer | A documentation writer | A data-project contributor,"Documenting data retention for a community-operated service, while the repository has no documented privacy contact.",False
OSS-33-041,07-security-privacy-and-legal,33-secrets-privacy-and-sensitive-data,contribute,advanced,A contributor | A maintainer | A documentation writer | A data-project contributor,"Discovering an API token in a commit or pull request, while the data appears synthetic but originates from a real incident.",False
OSS-33-042,07-security-privacy-and-legal,33-secrets-privacy-and-sensitive-data,contribute,advanced,A contributor | A maintainer | A documentation writer | A data-project contributor,"Sharing logs needed for debugging without exposing personal data, while the credential may already have been copied or indexed.",False
OSS-33-043,07-security-privacy-and-legal,33-secrets-privacy-and-sensitive-data,contribute,advanced,A contributor | A maintainer | A documentation writer | A data-project contributor,"Removing a secret from current code and repository history, while maintainers need evidence that cannot be posted publicly.",False
OSS-33-044,07-security-privacy-and-legal,33-secrets-privacy-and-sensitive-data,contribute,advanced,A contributor | A maintainer | A documentation writer | A data-project contributor,"Designing test fixtures that resemble real user records, while the data appears synthetic but originates from a real incident.",False
OSS-33-045,07-security-privacy-and-legal,33-secrets-privacy-and-sensitive-data,contribute,advanced,A contributor | A maintainer | A documentation writer | A data-project contributor,"Reviewing telemetry changes that collect additional information, while the credential may already have been copied or indexed.",False
OSS-33-046,07-security-privacy-and-legal,33-secrets-privacy-and-sensitive-data,contribute,advanced,A contributor | A maintainer | A documentation writer | A data-project contributor,"Reporting a privacy concern in a public repository, while maintainers need evidence that cannot be posted publicly.",False
OSS-33-047,07-security-privacy-and-legal,33-secrets-privacy-and-sensitive-data,contribute,advanced,A contributor | A maintainer | A documentation writer | A data-project contributor,"Handling screenshots that contain usernames and file paths, while the data appears synthetic but originates from a real incident.",False
OSS-33-048,07-security-privacy-and-legal,33-secrets-privacy-and-sensitive-data,contribute,advanced,A contributor | A maintainer | A documentation writer | A data-project contributor,"Using production-like configuration in local examples, while the credential may already have been copied or indexed.",False
OSS-33-049,07-security-privacy-and-legal,33-secrets-privacy-and-sensitive-data,contribute,advanced,A contributor | A maintainer | A documentation writer | A data-project contributor,"Responding when secret scanning blocks a legitimate test value, while maintainers need evidence that cannot be posted publicly.",False
OSS-33-050,07-security-privacy-and-legal,33-secrets-privacy-and-sensitive-data,contribute,advanced,A contributor | A maintainer | A documentation writer | A data-project contributor,"Documenting data retention for a community-operated service, while the data appears synthetic but originates from a real incident.",False
OSS-34-001,07-security-privacy-and-legal,34-dependencies-and-supply-chain,contribute,beginner,A dependency updater | A maintainer | A release engineer | A security contributor,"Updating a dependency that introduces breaking API changes, while the update changes licenses or platform support.",False
OSS-34-002,07-security-privacy-and-legal,34-dependencies-and-supply-chain,contribute,beginner,A dependency updater | A maintainer | A release engineer | A security contributor,"Reviewing an automated dependency pull request, while the dependency maintainer has stopped responding.",False
OSS-34-003,07-security-privacy-and-legal,34-dependencies-and-supply-chain,contribute,beginner,A dependency updater | A maintainer | A release engineer | A security contributor,"Replacing an abandoned transitive dependency, while the security advisory contains limited public detail.",False
OSS-34-004,07-security-privacy-and-legal,34-dependencies-and-supply-chain,contribute,beginner,A dependency updater | A maintainer | A release engineer | A security contributor,"Checking whether a new dependency is actively maintained, while the update changes licenses or platform support.",False
OSS-34-005,07-security-privacy-and-legal,34-dependencies-and-supply-chain,contribute,beginner,A dependency updater | A maintainer | A release engineer | A security contributor,"Reducing duplicate dependencies with overlapping functionality, while the dependency maintainer has stopped responding.",False
OSS-34-006,07-security-privacy-and-legal,34-dependencies-and-supply-chain,contribute,beginner,A dependency updater | A maintainer | A release engineer | A security contributor,"Updating a lockfile generated by a different tool version, while the security advisory contains limited public detail.",False
OSS-34-007,07-security-privacy-and-legal,34-dependencies-and-supply-chain,contribute,beginner,A dependency updater | A maintainer | A release engineer | A security contributor,"Responding to a vulnerability alert without an upstream fix, while the update changes licenses or platform support.",False
OSS-34-008,07-security-privacy-and-legal,34-dependencies-and-supply-chain,contribute,beginner,A dependency updater | A maintainer | A release engineer | A security contributor,"Pinning a third-party action to a safer immutable reference, while the dependency maintainer has stopped responding.",False
OSS-34-009,07-security-privacy-and-legal,34-dependencies-and-supply-chain,contribute,beginner,A dependency updater | A maintainer | A release engineer | A security contributor,"Verifying provenance for a downloaded release artifact, while the security advisory contains limited public detail.",False
OSS-34-010,07-security-privacy-and-legal,34-dependencies-and-supply-chain,contribute,beginner,A dependency updater | A maintainer | A release engineer | A security contributor,"Contributing an SBOM or dependency inventory to a project, while the update changes licenses or platform support.",False
OSS-34-011,07-security-privacy-and-legal,34-dependencies-and-supply-chain,contribute,beginner,A dependency updater | A maintainer | A release engineer | A security contributor,"Updating a dependency that introduces breaking API changes, while automated tests do not cover the affected integration.",False
OSS-34-012,07-security-privacy-and-legal,34-dependencies-and-supply-chain,contribute,beginner,A dependency updater | A maintainer | A release engineer | A security contributor,"Reviewing an automated dependency pull request, while multiple packages require incompatible versions.",False
OSS-34-013,07-security-privacy-and-legal,34-dependencies-and-supply-chain,contribute,beginner,A dependency updater | A maintainer | A release engineer | A security contributor,"Replacing an abandoned transitive dependency, while downstream users depend on undocumented behavior.",False
OSS-34-014,07-security-privacy-and-legal,34-dependencies-and-supply-chain,contribute,beginner,A dependency updater | A maintainer | A release engineer | A security contributor,"Checking whether a new dependency is actively maintained, while automated tests do not cover the affected integration.",False
OSS-34-015,07-security-privacy-and-legal,34-dependencies-and-supply-chain,contribute,beginner,A dependency updater | A maintainer | A release engineer | A security contributor,"Reducing duplicate dependencies with overlapping functionality, while multiple packages require incompatible versions.",False
OSS-34-016,07-security-privacy-and-legal,34-dependencies-and-supply-chain,contribute,beginner,A dependency updater | A maintainer | A release engineer | A security contributor,"Updating a lockfile generated by a different tool version, while downstream users depend on undocumented behavior.",False
OSS-34-017,07-security-privacy-and-legal,34-dependencies-and-supply-chain,contribute,beginner,A dependency updater | A maintainer | A release engineer | A security contributor,"Responding to a vulnerability alert without an upstream fix, while automated tests do not cover the affected integration.",False
OSS-34-018,07-security-privacy-and-legal,34-dependencies-and-supply-chain,contribute,beginner,A dependency updater | A maintainer | A release engineer | A security contributor,"Pinning a third-party action to a safer immutable reference, while multiple packages require incompatible versions.",False
OSS-34-019,07-security-privacy-and-legal,34-dependencies-and-supply-chain,contribute,beginner,A dependency updater | A maintainer | A release engineer | A security contributor,"Verifying provenance for a downloaded release artifact, while downstream users depend on undocumented behavior.",False
OSS-34-020,07-security-privacy-and-legal,34-dependencies-and-supply-chain,contribute,beginner,A dependency updater | A maintainer | A release engineer | A security contributor,"Contributing an SBOM or dependency inventory to a project, while automated tests do not cover the affected integration.",False
OSS-34-021,07-security-privacy-and-legal,34-dependencies-and-supply-chain,contribute,intermediate,A dependency updater | A maintainer | A release engineer | A security contributor,"Updating a dependency that introduces breaking API changes, while the dependency maintainer has stopped responding.",False
OSS-34-022,07-security-privacy-and-legal,34-dependencies-and-supply-chain,contribute,intermediate,A dependency updater | A maintainer | A release engineer | A security contributor,"Reviewing an automated dependency pull request, while the security advisory contains limited public detail.",False
OSS-34-023,07-security-privacy-and-legal,34-dependencies-and-supply-chain,contribute,intermediate,A dependency updater | A maintainer | A release engineer | A security contributor,"Replacing an abandoned transitive dependency, while the update changes licenses or platform support.",False
OSS-34-024,07-security-privacy-and-legal,34-dependencies-and-supply-chain,contribute,intermediate,A dependency updater | A maintainer | A release engineer | A security contributor,"Checking whether a new dependency is actively maintained, while the dependency maintainer has stopped responding.",False
OSS-34-025,07-security-privacy-and-legal,34-dependencies-and-supply-chain,contribute,intermediate,A dependency updater | A maintainer | A release engineer | A security contributor,"Reducing duplicate dependencies with overlapping functionality, while the security advisory contains limited public detail.",False
OSS-34-026,07-security-privacy-and-legal,34-dependencies-and-supply-chain,contribute,intermediate,A dependency updater | A maintainer | A release engineer | A security contributor,"Updating a lockfile generated by a different tool version, while the update changes licenses or platform support.",False
OSS-34-027,07-security-privacy-and-legal,34-dependencies-and-supply-chain,contribute,intermediate,A dependency updater | A maintainer | A release engineer | A security contributor,"Responding to a vulnerability alert without an upstream fix, while the dependency maintainer has stopped responding.",False
OSS-34-028,07-security-privacy-and-legal,34-dependencies-and-supply-chain,contribute,intermediate,A dependency updater | A maintainer | A release engineer | A security contributor,"Pinning a third-party action to a safer immutable reference, while the security advisory contains limited public detail.",False
OSS-34-029,07-security-privacy-and-legal,34-dependencies-and-supply-chain,contribute,intermediate,A dependency updater | A maintainer | A release engineer | A security contributor,"Verifying provenance for a downloaded release artifact, while the update changes licenses or platform support.",False
OSS-34-030,07-security-privacy-and-legal,34-dependencies-and-supply-chain,contribute,intermediate,A dependency updater | A maintainer | A release engineer | A security contributor,"Contributing an SBOM or dependency inventory to a project, while the dependency maintainer has stopped responding.",False
OSS-34-031,07-security-privacy-and-legal,34-dependencies-and-supply-chain,contribute,intermediate,A dependency updater | A maintainer | A release engineer | A security contributor,"Updating a dependency that introduces breaking API changes, while multiple packages require incompatible versions.",False
OSS-34-032,07-security-privacy-and-legal,34-dependencies-and-supply-chain,contribute,intermediate,A dependency updater | A maintainer | A release engineer | A security contributor,"Reviewing an automated dependency pull request, while downstream users depend on undocumented behavior.",False
OSS-34-033,07-security-privacy-and-legal,34-dependencies-and-supply-chain,contribute,intermediate,A dependency updater | A maintainer | A release engineer | A security contributor,"Replacing an abandoned transitive dependency, while automated tests do not cover the affected integration.",False
OSS-34-034,07-security-privacy-and-legal,34-dependencies-and-supply-chain,contribute,intermediate,A dependency updater | A maintainer | A release engineer | A security contributor,"Checking whether a new dependency is actively maintained, while multiple packages require incompatible versions.",False
OSS-34-035,07-security-privacy-and-legal,34-dependencies-and-supply-chain,contribute,intermediate,A dependency updater | A maintainer | A release engineer | A security contributor,"Reducing duplicate dependencies with overlapping functionality, while downstream users depend on undocumented behavior.",False
OSS-34-036,07-security-privacy-and-legal,34-dependencies-and-supply-chain,contribute,intermediate,A dependency updater | A maintainer | A release engineer | A security contributor,"Updating a lockfile generated by a different tool version, while automated tests do not cover the affected integration.",False
OSS-34-037,07-security-privacy-and-legal,34-dependencies-and-supply-chain,contribute,intermediate,A dependency updater | A maintainer | A release engineer | A security contributor,"Responding to a vulnerability alert without an upstream fix, while multiple packages require incompatible versions.",False
OSS-34-038,07-security-privacy-and-legal,34-dependencies-and-supply-chain,contribute,intermediate,A dependency updater | A maintainer | A release engineer | A security contributor,"Pinning a third-party action to a safer immutable reference, while downstream users depend on undocumented behavior.",False
OSS-34-039,07-security-privacy-and-legal,34-dependencies-and-supply-chain,contribute,intermediate,A dependency updater | A maintainer | A release engineer | A security contributor,"Verifying provenance for a downloaded release artifact, while automated tests do not cover the affected integration.",False
OSS-34-040,07-security-privacy-and-legal,34-dependencies-and-supply-chain,contribute,intermediate,A dependency updater | A maintainer | A release engineer | A security contributor,"Contributing an SBOM or dependency inventory to a project, while multiple packages require incompatible versions.",False
OSS-34-041,07-security-privacy-and-legal,34-dependencies-and-supply-chain,contribute,advanced,A dependency updater | A maintainer | A release engineer | A security contributor,"Updating a dependency that introduces breaking API changes, while the security advisory contains limited public detail.",False
OSS-34-042,07-security-privacy-and-legal,34-dependencies-and-supply-chain,contribute,advanced,A dependency updater | A maintainer | A release engineer | A security contributor,"Reviewing an automated dependency pull request, while the update changes licenses or platform support.",False
OSS-34-043,07-security-privacy-and-legal,34-dependencies-and-supply-chain,contribute,advanced,A dependency updater | A maintainer | A release engineer | A security contributor,"Replacing an abandoned transitive dependency, while the dependency maintainer has stopped responding.",False
OSS-34-044,07-security-privacy-and-legal,34-dependencies-and-supply-chain,contribute,advanced,A dependency updater | A maintainer | A release engineer | A security contributor,"Checking whether a new dependency is actively maintained, while the security advisory contains limited public detail.",False
OSS-34-045,07-security-privacy-and-legal,34-dependencies-and-supply-chain,contribute,advanced,A dependency updater | A maintainer | A release engineer | A security contributor,"Reducing duplicate dependencies with overlapping functionality, while the update changes licenses or platform support.",False
OSS-34-046,07-security-privacy-and-legal,34-dependencies-and-supply-chain,contribute,advanced,A dependency updater | A maintainer | A release engineer | A security contributor,"Updating a lockfile generated by a different tool version, while the dependency maintainer has stopped responding.",False
OSS-34-047,07-security-privacy-and-legal,34-dependencies-and-supply-chain,contribute,advanced,A dependency updater | A maintainer | A release engineer | A security contributor,"Responding to a vulnerability alert without an upstream fix, while the security advisory contains limited public detail.",False
OSS-34-048,07-security-privacy-and-legal,34-dependencies-and-supply-chain,contribute,advanced,A dependency updater | A maintainer | A release engineer | A security contributor,"Pinning a third-party action to a safer immutable reference, while the update changes licenses or platform support.",False
OSS-34-049,07-security-privacy-and-legal,34-dependencies-and-supply-chain,contribute,advanced,A dependency updater | A maintainer | A release engineer | A security contributor,"Verifying provenance for a downloaded release artifact, while the dependency maintainer has stopped responding.",False
OSS-34-050,07-security-privacy-and-legal,34-dependencies-and-supply-chain,contribute,advanced,A dependency updater | A maintainer | A release engineer | A security contributor,"Contributing an SBOM or dependency inventory to a project, while the security advisory contains limited public detail.",False
OSS-35-001,07-security-privacy-and-legal,35-licenses-cla-dco-and-trademarks,contribute,beginner,A contributor | A maintainer | A company employee | A documentation author,"Contributing to a repository that has no explicit license, while project policy and repository automation appear inconsistent.",False
OSS-35-002,07-security-privacy-and-legal,35-licenses-cla-dco-and-trademarks,contribute,beginner,A contributor | A maintainer | A company employee | A documentation author,"Signing a contributor license agreement with mismatched account details, while the contributor cannot accept one agreement term.",False
OSS-35-003,07-security-privacy-and-legal,35-licenses-cla-dco-and-trademarks,contribute,beginner,A contributor | A maintainer | A company employee | A documentation author,"Adding a DCO sign-off after commits are already published, while the work was created jointly by several organizations.",False
OSS-35-004,07-security-privacy-and-legal,35-licenses-cla-dco-and-trademarks,contribute,beginner,A contributor | A maintainer | A company employee | A documentation author,"Including code adapted from another open-source project, while project policy and repository automation appear inconsistent.",False
OSS-35-005,07-security-privacy-and-legal,35-licenses-cla-dco-and-trademarks,contribute,beginner,A contributor | A maintainer | A company employee | A documentation author,"Using a project logo in an unofficial community event, while the contributor cannot accept one agreement term.",False
OSS-35-006,07-security-privacy-and-legal,35-licenses-cla-dco-and-trademarks,contribute,beginner,A contributor | A maintainer | A company employee | A documentation author,"Combining dependencies with different license obligations, while the work was created jointly by several organizations.",False
OSS-35-007,07-security-privacy-and-legal,35-licenses-cla-dco-and-trademarks,contribute,beginner,A contributor | A maintainer | A company employee | A documentation author,"Clarifying copyright ownership for employer-sponsored work, while project policy and repository automation appear inconsistent.",False
OSS-35-008,07-security-privacy-and-legal,35-licenses-cla-dco-and-trademarks,contribute,beginner,A contributor | A maintainer | A company employee | A documentation author,"Adding third-party images or datasets to documentation, while the contributor cannot accept one agreement term.",False
OSS-35-009,07-security-privacy-and-legal,35-licenses-cla-dco-and-trademarks,contribute,beginner,A contributor | A maintainer | A company employee | A documentation author,"Changing license headers during a large refactor, while the work was created jointly by several organizations.",False
OSS-35-010,07-security-privacy-and-legal,35-licenses-cla-dco-and-trademarks,contribute,beginner,A contributor | A maintainer | A company employee | A documentation author,"Forking an inactive project while respecting its name and trademarks, while project policy and repository automation appear inconsistent.",False
OSS-35-011,07-security-privacy-and-legal,35-licenses-cla-dco-and-trademarks,contribute,beginner,A contributor | A maintainer | A company employee | A documentation author,"Contributing to a repository that has no explicit license, while the original source has unclear provenance.",False
OSS-35-012,07-security-privacy-and-legal,35-licenses-cla-dco-and-trademarks,contribute,beginner,A contributor | A maintainer | A company employee | A documentation author,"Signing a contributor license agreement with mismatched account details, while different files in the repository use different licenses.",False
OSS-35-013,07-security-privacy-and-legal,35-licenses-cla-dco-and-trademarks,contribute,beginner,A contributor | A maintainer | A company employee | A documentation author,"Adding a DCO sign-off after commits are already published, while the intended use includes commercial redistribution.",False
OSS-35-014,07-security-privacy-and-legal,35-licenses-cla-dco-and-trademarks,contribute,beginner,A contributor | A maintainer | A company employee | A documentation author,"Including code adapted from another open-source project, while the original source has unclear provenance.",False
OSS-35-015,07-security-privacy-and-legal,35-licenses-cla-dco-and-trademarks,contribute,beginner,A contributor | A maintainer | A company employee | A documentation author,"Using a project logo in an unofficial community event, while different files in the repository use different licenses.",False
OSS-35-016,07-security-privacy-and-legal,35-licenses-cla-dco-and-trademarks,contribute,beginner,A contributor | A maintainer | A company employee | A documentation author,"Combining dependencies with different license obligations, while the intended use includes commercial redistribution.",False
OSS-35-017,07-security-privacy-and-legal,35-licenses-cla-dco-and-trademarks,contribute,beginner,A contributor | A maintainer | A company employee | A documentation author,"Clarifying copyright ownership for employer-sponsored work, while the original source has unclear provenance.",False
OSS-35-018,07-security-privacy-and-legal,35-licenses-cla-dco-and-trademarks,contribute,beginner,A contributor | A maintainer | A company employee | A documentation author,"Adding third-party images or datasets to documentation, while different files in the repository use different licenses.",False
OSS-35-019,07-security-privacy-and-legal,35-licenses-cla-dco-and-trademarks,contribute,beginner,A contributor | A maintainer | A company employee | A documentation author,"Changing license headers during a large refactor, while the intended use includes commercial redistribution.",False
OSS-35-020,07-security-privacy-and-legal,35-licenses-cla-dco-and-trademarks,contribute,beginner,A contributor | A maintainer | A company employee | A documentation author,"Forking an inactive project while respecting its name and trademarks, while the original source has unclear provenance.",False
OSS-35-021,07-security-privacy-and-legal,35-licenses-cla-dco-and-trademarks,contribute,intermediate,A contributor | A maintainer | A company employee | A documentation author,"Contributing to a repository that has no explicit license, while the contributor cannot accept one agreement term.",False
OSS-35-022,07-security-privacy-and-legal,35-licenses-cla-dco-and-trademarks,contribute,intermediate,A contributor | A maintainer | A company employee | A documentation author,"Signing a contributor license agreement with mismatched account details, while the work was created jointly by several organizations.",False
OSS-35-023,07-security-privacy-and-legal,35-licenses-cla-dco-and-trademarks,contribute,intermediate,A contributor | A maintainer | A company employee | A documentation author,"Adding a DCO sign-off after commits are already published, while project policy and repository automation appear inconsistent.",False
OSS-35-024,07-security-privacy-and-legal,35-licenses-cla-dco-and-trademarks,contribute,intermediate,A contributor | A maintainer | A company employee | A documentation author,"Including code adapted from another open-source project, while the contributor cannot accept one agreement term.",False
OSS-35-025,07-security-privacy-and-legal,35-licenses-cla-dco-and-trademarks,contribute,intermediate,A contributor | A maintainer | A company employee | A documentation author,"Using a project logo in an unofficial community event, while the work was created jointly by several organizations.",False
OSS-35-026,07-security-privacy-and-legal,35-licenses-cla-dco-and-trademarks,contribute,intermediate,A contributor | A maintainer | A company employee | A documentation author,"Combining dependencies with different license obligations, while project policy and repository automation appear inconsistent.",False
OSS-35-027,07-security-privacy-and-legal,35-licenses-cla-dco-and-trademarks,contribute,intermediate,A contributor | A maintainer | A company employee | A documentation author,"Clarifying copyright ownership for employer-sponsored work, while the contributor cannot accept one agreement term.",False
OSS-35-028,07-security-privacy-and-legal,35-licenses-cla-dco-and-trademarks,contribute,intermediate,A contributor | A maintainer | A company employee | A documentation author,"Adding third-party images or datasets to documentation, while the work was created jointly by several organizations.",False
OSS-35-029,07-security-privacy-and-legal,35-licenses-cla-dco-and-trademarks,contribute,intermediate,A contributor | A maintainer | A company employee | A documentation author,"Changing license headers during a large refactor, while project policy and repository automation appear inconsistent.",False
OSS-35-030,07-security-privacy-and-legal,35-licenses-cla-dco-and-trademarks,contribute,intermediate,A contributor | A maintainer | A company employee | A documentation author,"Forking an inactive project while respecting its name and trademarks, while the contributor cannot accept one agreement term.",False
OSS-35-031,07-security-privacy-and-legal,35-licenses-cla-dco-and-trademarks,contribute,intermediate,A contributor | A maintainer | A company employee | A documentation author,"Contributing to a repository that has no explicit license, while different files in the repository use different licenses.",False
OSS-35-032,07-security-privacy-and-legal,35-licenses-cla-dco-and-trademarks,contribute,intermediate,A contributor | A maintainer | A company employee | A documentation author,"Signing a contributor license agreement with mismatched account details, while the intended use includes commercial redistribution.",False
OSS-35-033,07-security-privacy-and-legal,35-licenses-cla-dco-and-trademarks,contribute,intermediate,A contributor | A maintainer | A company employee | A documentation author,"Adding a DCO sign-off after commits are already published, while the original source has unclear provenance.",False
OSS-35-034,07-security-privacy-and-legal,35-licenses-cla-dco-and-trademarks,contribute,intermediate,A contributor | A maintainer | A company employee | A documentation author,"Including code adapted from another open-source project, while different files in the repository use different licenses.",False
OSS-35-035,07-security-privacy-and-legal,35-licenses-cla-dco-and-trademarks,contribute,intermediate,A contributor | A maintainer | A company employee | A documentation author,"Using a project logo in an unofficial community event, while the intended use includes commercial redistribution.",False
OSS-35-036,07-security-privacy-and-legal,35-licenses-cla-dco-and-trademarks,contribute,intermediate,A contributor | A maintainer | A company employee | A documentation author,"Combining dependencies with different license obligations, while the original source has unclear provenance.",False
OSS-35-037,07-security-privacy-and-legal,35-licenses-cla-dco-and-trademarks,contribute,intermediate,A contributor | A maintainer | A company employee | A documentation author,"Clarifying copyright ownership for employer-sponsored work, while different files in the repository use different licenses.",False
OSS-35-038,07-security-privacy-and-legal,35-licenses-cla-dco-and-trademarks,contribute,intermediate,A contributor | A maintainer | A company employee | A documentation author,"Adding third-party images or datasets to documentation, while the intended use includes commercial redistribution.",False
OSS-35-039,07-security-privacy-and-legal,35-licenses-cla-dco-and-trademarks,contribute,intermediate,A contributor | A maintainer | A company employee | A documentation author,"Changing license headers during a large refactor, while the original source has unclear provenance.",False
OSS-35-040,07-security-privacy-and-legal,35-licenses-cla-dco-and-trademarks,contribute,intermediate,A contributor | A maintainer | A company employee | A documentation author,"Forking an inactive project while respecting its name and trademarks, while different files in the repository use different licenses.",False
OSS-35-041,07-security-privacy-and-legal,35-licenses-cla-dco-and-trademarks,contribute,advanced,A contributor | A maintainer | A company employee | A documentation author,"Contributing to a repository that has no explicit license, while the work was created jointly by several organizations.",False
OSS-35-042,07-security-privacy-and-legal,35-licenses-cla-dco-and-trademarks,contribute,advanced,A contributor | A maintainer | A company employee | A documentation author,"Signing a contributor license agreement with mismatched account details, while project policy and repository automation appear inconsistent.",False
OSS-35-043,07-security-privacy-and-legal,35-licenses-cla-dco-and-trademarks,contribute,advanced,A contributor | A maintainer | A company employee | A documentation author,"Adding a DCO sign-off after commits are already published, while the contributor cannot accept one agreement term.",False
OSS-35-044,07-security-privacy-and-legal,35-licenses-cla-dco-and-trademarks,contribute,advanced,A contributor | A maintainer | A company employee | A documentation author,"Including code adapted from another open-source project, while the work was created jointly by several organizations.",False
OSS-35-045,07-security-privacy-and-legal,35-licenses-cla-dco-and-trademarks,contribute,advanced,A contributor | A maintainer | A company employee | A documentation author,"Using a project logo in an unofficial community event, while project policy and repository automation appear inconsistent.",False
OSS-35-046,07-security-privacy-and-legal,35-licenses-cla-dco-and-trademarks,contribute,advanced,A contributor | A maintainer | A company employee | A documentation author,"Combining dependencies with different license obligations, while the contributor cannot accept one agreement term.",False
OSS-35-047,07-security-privacy-and-legal,35-licenses-cla-dco-and-trademarks,contribute,advanced,A contributor | A maintainer | A company employee | A documentation author,"Clarifying copyright ownership for employer-sponsored work, while the work was created jointly by several organizations.",False
OSS-35-048,07-security-privacy-and-legal,35-licenses-cla-dco-and-trademarks,contribute,advanced,A contributor | A maintainer | A company employee | A documentation author,"Adding third-party images or datasets to documentation, while project policy and repository automation appear inconsistent.",False
OSS-35-049,07-security-privacy-and-legal,35-licenses-cla-dco-and-trademarks,contribute,advanced,A contributor | A maintainer | A company employee | A documentation author,"Changing license headers during a large refactor, while the contributor cannot accept one agreement term.",False
OSS-35-050,07-security-privacy-and-legal,35-licenses-cla-dco-and-trademarks,contribute,advanced,A contributor | A maintainer | A company employee | A documentation author,"Forking an inactive project while respecting its name and trademarks, while the work was created jointly by several organizations.",False
OSS-36-001,08-programs-and-ecosystems,36-gsoc-journey,program,beginner,A GSoC applicant | A prospective applicant | An accepted contributor | A mentor,"Choosing an organization before the final project list is available, while the organization gives limited applicant-specific feedback.",True
OSS-36-002,08-programs-and-ecosystems,36-gsoc-journey,program,beginner,A GSoC applicant | A prospective applicant | An accepted contributor | A mentor,"Approaching a community before writing a GSoC proposal, while the proposal depends on a design decision not yet approved.",True
OSS-36-003,08-programs-and-ecosystems,36-gsoc-journey,program,beginner,A GSoC applicant | A prospective applicant | An accepted contributor | A mentor,"Balancing qualification contributions with proposal research, while AI tools were used in drafting application material.",True
OSS-36-004,08-programs-and-ecosystems,36-gsoc-journey,program,beginner,A GSoC applicant | A prospective applicant | An accepted contributor | A mentor,"Writing a realistic project timeline with uncertain technical risks, while the organization gives limited applicant-specific feedback.",True
OSS-36-005,08-programs-and-ecosystems,36-gsoc-journey,program,beginner,A GSoC applicant | A prospective applicant | An accepted contributor | A mentor,"Handling competition around a popular project idea, while the proposal depends on a design decision not yet approved.",True
OSS-36-006,08-programs-and-ecosystems,36-gsoc-journey,program,beginner,A GSoC applicant | A prospective applicant | An accepted contributor | A mentor,"Continuing community work after not being selected, while AI tools were used in drafting application material.",True
OSS-36-007,08-programs-and-ecosystems,36-gsoc-journey,program,beginner,A GSoC applicant | A prospective applicant | An accepted contributor | A mentor,"Using the community bonding period to understand an unfamiliar codebase, while the organization gives limited applicant-specific feedback.",True
OSS-36-008,08-programs-and-ecosystems,36-gsoc-journey,program,beginner,A GSoC applicant | A prospective applicant | An accepted contributor | A mentor,"Communicating schedule changes during the coding period, while the proposal depends on a design decision not yet approved.",True
OSS-36-009,08-programs-and-ecosystems,36-gsoc-journey,program,beginner,A GSoC applicant | A prospective applicant | An accepted contributor | A mentor,"Preparing for an evaluation when some deliverables changed, while AI tools were used in drafting application material.",True
OSS-36-010,08-programs-and-ecosystems,36-gsoc-journey,program,beginner,A GSoC applicant | A prospective applicant | An accepted contributor | A mentor,"Continuing as a long-term contributor after the formal program ends, while the organization gives limited applicant-specific feedback.",True
OSS-36-011,08-programs-and-ecosystems,36-gsoc-journey,program,beginner,A GSoC applicant | A prospective applicant | An accepted contributor | A mentor,"Choosing an organization before the final project list is available, while several applicants contribute to the same component.",True
OSS-36-012,08-programs-and-ecosystems,36-gsoc-journey,program,beginner,A GSoC applicant | A prospective applicant | An accepted contributor | A mentor,"Approaching a community before writing a GSoC proposal, while academic exams overlap with important milestones.",True
OSS-36-013,08-programs-and-ecosystems,36-gsoc-journey,program,beginner,A GSoC applicant | A prospective applicant | An accepted contributor | A mentor,"Balancing qualification contributions with proposal research, while the original project scope proves too large.",True
OSS-36-014,08-programs-and-ecosystems,36-gsoc-journey,program,beginner,A GSoC applicant | A prospective applicant | An accepted contributor | A mentor,"Writing a realistic project timeline with uncertain technical risks, while several applicants contribute to the same component.",True
OSS-36-015,08-programs-and-ecosystems,36-gsoc-journey,program,beginner,A GSoC applicant | A prospective applicant | An accepted contributor | A mentor,"Handling competition around a popular project idea, while academic exams overlap with important milestones.",True
OSS-36-016,08-programs-and-ecosystems,36-gsoc-journey,program,beginner,A GSoC applicant | A prospective applicant | An accepted contributor | A mentor,"Continuing community work after not being selected, while the original project scope proves too large.",True
OSS-36-017,08-programs-and-ecosystems,36-gsoc-journey,program,beginner,A GSoC applicant | A prospective applicant | An accepted contributor | A mentor,"Using the community bonding period to understand an unfamiliar codebase, while several applicants contribute to the same component.",True
OSS-36-018,08-programs-and-ecosystems,36-gsoc-journey,program,beginner,A GSoC applicant | A prospective applicant | An accepted contributor | A mentor,"Communicating schedule changes during the coding period, while academic exams overlap with important milestones.",True
OSS-36-019,08-programs-and-ecosystems,36-gsoc-journey,program,beginner,A GSoC applicant | A prospective applicant | An accepted contributor | A mentor,"Preparing for an evaluation when some deliverables changed, while the original project scope proves too large.",True
OSS-36-020,08-programs-and-ecosystems,36-gsoc-journey,program,beginner,A GSoC applicant | A prospective applicant | An accepted contributor | A mentor,"Continuing as a long-term contributor after the formal program ends, while several applicants contribute to the same component.",True
OSS-36-021,08-programs-and-ecosystems,36-gsoc-journey,program,intermediate,A GSoC applicant | A prospective applicant | An accepted contributor | A mentor,"Choosing an organization before the final project list is available, while the proposal depends on a design decision not yet approved.",True
OSS-36-022,08-programs-and-ecosystems,36-gsoc-journey,program,intermediate,A GSoC applicant | A prospective applicant | An accepted contributor | A mentor,"Approaching a community before writing a GSoC proposal, while AI tools were used in drafting application material.",True
OSS-36-023,08-programs-and-ecosystems,36-gsoc-journey,program,intermediate,A GSoC applicant | A prospective applicant | An accepted contributor | A mentor,"Balancing qualification contributions with proposal research, while the organization gives limited applicant-specific feedback.",True
OSS-36-024,08-programs-and-ecosystems,36-gsoc-journey,program,intermediate,A GSoC applicant | A prospective applicant | An accepted contributor | A mentor,"Writing a realistic project timeline with uncertain technical risks, while the proposal depends on a design decision not yet approved.",True
OSS-36-025,08-programs-and-ecosystems,36-gsoc-journey,program,intermediate,A GSoC applicant | A prospective applicant | An accepted contributor | A mentor,"Handling competition around a popular project idea, while AI tools were used in drafting application material.",True
OSS-36-026,08-programs-and-ecosystems,36-gsoc-journey,program,intermediate,A GSoC applicant | A prospective applicant | An accepted contributor | A mentor,"Continuing community work after not being selected, while the organization gives limited applicant-specific feedback.",True
OSS-36-027,08-programs-and-ecosystems,36-gsoc-journey,program,intermediate,A GSoC applicant | A prospective applicant | An accepted contributor | A mentor,"Using the community bonding period to understand an unfamiliar codebase, while the proposal depends on a design decision not yet approved.",True
OSS-36-028,08-programs-and-ecosystems,36-gsoc-journey,program,intermediate,A GSoC applicant | A prospective applicant | An accepted contributor | A mentor,"Communicating schedule changes during the coding period, while AI tools were used in drafting application material.",True
OSS-36-029,08-programs-and-ecosystems,36-gsoc-journey,program,intermediate,A GSoC applicant | A prospective applicant | An accepted contributor | A mentor,"Preparing for an evaluation when some deliverables changed, while the organization gives limited applicant-specific feedback.",True
OSS-36-030,08-programs-and-ecosystems,36-gsoc-journey,program,intermediate,A GSoC applicant | A prospective applicant | An accepted contributor | A mentor,"Continuing as a long-term contributor after the formal program ends, while the proposal depends on a design decision not yet approved.",True
OSS-36-031,08-programs-and-ecosystems,36-gsoc-journey,program,intermediate,A GSoC applicant | A prospective applicant | An accepted contributor | A mentor,"Choosing an organization before the final project list is available, while academic exams overlap with important milestones.",True
OSS-36-032,08-programs-and-ecosystems,36-gsoc-journey,program,intermediate,A GSoC applicant | A prospective applicant | An accepted contributor | A mentor,"Approaching a community before writing a GSoC proposal, while the original project scope proves too large.",True
OSS-36-033,08-programs-and-ecosystems,36-gsoc-journey,program,intermediate,A GSoC applicant | A prospective applicant | An accepted contributor | A mentor,"Balancing qualification contributions with proposal research, while several applicants contribute to the same component.",True
OSS-36-034,08-programs-and-ecosystems,36-gsoc-journey,program,intermediate,A GSoC applicant | A prospective applicant | An accepted contributor | A mentor,"Writing a realistic project timeline with uncertain technical risks, while academic exams overlap with important milestones.",True
OSS-36-035,08-programs-and-ecosystems,36-gsoc-journey,program,intermediate,A GSoC applicant | A prospective applicant | An accepted contributor | A mentor,"Handling competition around a popular project idea, while the original project scope proves too large.",True
OSS-36-036,08-programs-and-ecosystems,36-gsoc-journey,program,intermediate,A GSoC applicant | A prospective applicant | An accepted contributor | A mentor,"Continuing community work after not being selected, while several applicants contribute to the same component.",True
OSS-36-037,08-programs-and-ecosystems,36-gsoc-journey,program,intermediate,A GSoC applicant | A prospective applicant | An accepted contributor | A mentor,"Using the community bonding period to understand an unfamiliar codebase, while academic exams overlap with important milestones.",True
OSS-36-038,08-programs-and-ecosystems,36-gsoc-journey,program,intermediate,A GSoC applicant | A prospective applicant | An accepted contributor | A mentor,"Communicating schedule changes during the coding period, while the original project scope proves too large.",True
OSS-36-039,08-programs-and-ecosystems,36-gsoc-journey,program,intermediate,A GSoC applicant | A prospective applicant | An accepted contributor | A mentor,"Preparing for an evaluation when some deliverables changed, while several applicants contribute to the same component.",True
OSS-36-040,08-programs-and-ecosystems,36-gsoc-journey,program,intermediate,A GSoC applicant | A prospective applicant | An accepted contributor | A mentor,"Continuing as a long-term contributor after the formal program ends, while academic exams overlap with important milestones.",True
OSS-36-041,08-programs-and-ecosystems,36-gsoc-journey,program,advanced,A GSoC applicant | A prospective applicant | An accepted contributor | A mentor,"Choosing an organization before the final project list is available, while AI tools were used in drafting application material.",True
OSS-36-042,08-programs-and-ecosystems,36-gsoc-journey,program,advanced,A GSoC applicant | A prospective applicant | An accepted contributor | A mentor,"Approaching a community before writing a GSoC proposal, while the organization gives limited applicant-specific feedback.",True
OSS-36-043,08-programs-and-ecosystems,36-gsoc-journey,program,advanced,A GSoC applicant | A prospective applicant | An accepted contributor | A mentor,"Balancing qualification contributions with proposal research, while the proposal depends on a design decision not yet approved.",True
OSS-36-044,08-programs-and-ecosystems,36-gsoc-journey,program,advanced,A GSoC applicant | A prospective applicant | An accepted contributor | A mentor,"Writing a realistic project timeline with uncertain technical risks, while AI tools were used in drafting application material.",True
OSS-36-045,08-programs-and-ecosystems,36-gsoc-journey,program,advanced,A GSoC applicant | A prospective applicant | An accepted contributor | A mentor,"Handling competition around a popular project idea, while the organization gives limited applicant-specific feedback.",True
OSS-36-046,08-programs-and-ecosystems,36-gsoc-journey,program,advanced,A GSoC applicant | A prospective applicant | An accepted contributor | A mentor,"Continuing community work after not being selected, while the proposal depends on a design decision not yet approved.",True
OSS-36-047,08-programs-and-ecosystems,36-gsoc-journey,program,advanced,A GSoC applicant | A prospective applicant | An accepted contributor | A mentor,"Using the community bonding period to understand an unfamiliar codebase, while AI tools were used in drafting application material.",True
OSS-36-048,08-programs-and-ecosystems,36-gsoc-journey,program,advanced,A GSoC applicant | A prospective applicant | An accepted contributor | A mentor,"Communicating schedule changes during the coding period, while the organization gives limited applicant-specific feedback.",True
OSS-36-049,08-programs-and-ecosystems,36-gsoc-journey,program,advanced,A GSoC applicant | A prospective applicant | An accepted contributor | A mentor,"Preparing for an evaluation when some deliverables changed, while the proposal depends on a design decision not yet approved.",True
OSS-36-050,08-programs-and-ecosystems,36-gsoc-journey,program,advanced,A GSoC applicant | A prospective applicant | An accepted contributor | A mentor,"Continuing as a long-term contributor after the formal program ends, while AI tools were used in drafting application material.",True
OSS-37-001,08-programs-and-ecosystems,37-lfx-mentorship-journey,program,beginner,An LFX applicant | A prospective mentee | An accepted mentee | An LFX mentor,"Evaluating whether an LFX project matches their available skills, while the application page gives less detail than the repository.",True
OSS-37-002,08-programs-and-ecosystems,37-lfx-mentorship-journey,program,beginner,An LFX applicant | A prospective mentee | An accepted mentee | An LFX mentor,"Contacting project mentors before submitting an application, while multiple communication channels contain different instructions.",True
OSS-37-003,08-programs-and-ecosystems,37-lfx-mentorship-journey,program,beginner,An LFX applicant | A prospective mentee | An accepted mentee | An LFX mentor,"Writing a statement of purpose based on genuine project experience, while another mentee works on a closely related dependency.",True
OSS-37-004,08-programs-and-ecosystems,37-lfx-mentorship-journey,program,beginner,An LFX applicant | A prospective mentee | An accepted mentee | An LFX mentor,"Aligning communication norms during the first mentor meeting, while the application page gives less detail than the repository.",True
OSS-37-005,08-programs-and-ecosystems,37-lfx-mentorship-journey,program,beginner,An LFX applicant | A prospective mentee | An accepted mentee | An LFX mentor,"Tracking deliverables across the mentorship term, while multiple communication channels contain different instructions.",True
OSS-37-006,08-programs-and-ecosystems,37-lfx-mentorship-journey,program,beginner,An LFX applicant | A prospective mentee | An accepted mentee | An LFX mentor,"Reporting a blocker before it threatens an evaluation, while another mentee works on a closely related dependency.",True
OSS-37-007,08-programs-and-ecosystems,37-lfx-mentorship-journey,program,beginner,An LFX applicant | A prospective mentee | An accepted mentee | An LFX mentor,"Balancing mentorship work with academic or employment obligations, while the application page gives less detail than the repository.",True
OSS-37-008,08-programs-and-ecosystems,37-lfx-mentorship-journey,program,beginner,An LFX applicant | A prospective mentee | An accepted mentee | An LFX mentor,"Requesting clarification when the project plan changes, while multiple communication channels contain different instructions.",True
OSS-37-009,08-programs-and-ecosystems,37-lfx-mentorship-journey,program,beginner,An LFX applicant | A prospective mentee | An accepted mentee | An LFX mentor,"Handling delayed mentor feedback during a milestone, while another mentee works on a closely related dependency.",True
OSS-37-010,08-programs-and-ecosystems,37-lfx-mentorship-journey,program,beginner,An LFX applicant | A prospective mentee | An accepted mentee | An LFX mentor,"Planning continued contribution after mentorship graduation, while the application page gives less detail than the repository.",True
OSS-37-011,08-programs-and-ecosystems,37-lfx-mentorship-journey,program,beginner,An LFX applicant | A prospective mentee | An accepted mentee | An LFX mentor,"Evaluating whether an LFX project matches their available skills, while the expected weekly commitment is difficult to estimate.",True
OSS-37-012,08-programs-and-ecosystems,37-lfx-mentorship-journey,program,beginner,An LFX applicant | A prospective mentee | An accepted mentee | An LFX mentor,"Contacting project mentors before submitting an application, while the technical scope changes after onboarding.",True
OSS-37-013,08-programs-and-ecosystems,37-lfx-mentorship-journey,program,beginner,An LFX applicant | A prospective mentee | An accepted mentee | An LFX mentor,"Writing a statement of purpose based on genuine project experience, while the mentor becomes temporarily unavailable.",True
OSS-37-014,08-programs-and-ecosystems,37-lfx-mentorship-journey,program,beginner,An LFX applicant | A prospective mentee | An accepted mentee | An LFX mentor,"Aligning communication norms during the first mentor meeting, while the expected weekly commitment is difficult to estimate.",True
OSS-37-015,08-programs-and-ecosystems,37-lfx-mentorship-journey,program,beginner,An LFX applicant | A prospective mentee | An accepted mentee | An LFX mentor,"Tracking deliverables across the mentorship term, while the technical scope changes after onboarding.",True
OSS-37-016,08-programs-and-ecosystems,37-lfx-mentorship-journey,program,beginner,An LFX applicant | A prospective mentee | An accepted mentee | An LFX mentor,"Reporting a blocker before it threatens an evaluation, while the mentor becomes temporarily unavailable.",True
OSS-37-017,08-programs-and-ecosystems,37-lfx-mentorship-journey,program,beginner,An LFX applicant | A prospective mentee | An accepted mentee | An LFX mentor,"Balancing mentorship work with academic or employment obligations, while the expected weekly commitment is difficult to estimate.",True
OSS-37-018,08-programs-and-ecosystems,37-lfx-mentorship-journey,program,beginner,An LFX applicant | A prospective mentee | An accepted mentee | An LFX mentor,"Requesting clarification when the project plan changes, while the technical scope changes after onboarding.",True
OSS-37-019,08-programs-and-ecosystems,37-lfx-mentorship-journey,program,beginner,An LFX applicant | A prospective mentee | An accepted mentee | An LFX mentor,"Handling delayed mentor feedback during a milestone, while the mentor becomes temporarily unavailable.",True
OSS-37-020,08-programs-and-ecosystems,37-lfx-mentorship-journey,program,beginner,An LFX applicant | A prospective mentee | An accepted mentee | An LFX mentor,"Planning continued contribution after mentorship graduation, while the expected weekly commitment is difficult to estimate.",True
OSS-37-021,08-programs-and-ecosystems,37-lfx-mentorship-journey,program,intermediate,An LFX applicant | A prospective mentee | An accepted mentee | An LFX mentor,"Evaluating whether an LFX project matches their available skills, while multiple communication channels contain different instructions.",True
OSS-37-022,08-programs-and-ecosystems,37-lfx-mentorship-journey,program,intermediate,An LFX applicant | A prospective mentee | An accepted mentee | An LFX mentor,"Contacting project mentors before submitting an application, while another mentee works on a closely related dependency.",True
OSS-37-023,08-programs-and-ecosystems,37-lfx-mentorship-journey,program,intermediate,An LFX applicant | A prospective mentee | An accepted mentee | An LFX mentor,"Writing a statement of purpose based on genuine project experience, while the application page gives less detail than the repository.",True
OSS-37-024,08-programs-and-ecosystems,37-lfx-mentorship-journey,program,intermediate,An LFX applicant | A prospective mentee | An accepted mentee | An LFX mentor,"Aligning communication norms during the first mentor meeting, while multiple communication channels contain different instructions.",True
OSS-37-025,08-programs-and-ecosystems,37-lfx-mentorship-journey,program,intermediate,An LFX applicant | A prospective mentee | An accepted mentee | An LFX mentor,"Tracking deliverables across the mentorship term, while another mentee works on a closely related dependency.",True
OSS-37-026,08-programs-and-ecosystems,37-lfx-mentorship-journey,program,intermediate,An LFX applicant | A prospective mentee | An accepted mentee | An LFX mentor,"Reporting a blocker before it threatens an evaluation, while the application page gives less detail than the repository.",True
OSS-37-027,08-programs-and-ecosystems,37-lfx-mentorship-journey,program,intermediate,An LFX applicant | A prospective mentee | An accepted mentee | An LFX mentor,"Balancing mentorship work with academic or employment obligations, while multiple communication channels contain different instructions.",True
OSS-37-028,08-programs-and-ecosystems,37-lfx-mentorship-journey,program,intermediate,An LFX applicant | A prospective mentee | An accepted mentee | An LFX mentor,"Requesting clarification when the project plan changes, while another mentee works on a closely related dependency.",True
OSS-37-029,08-programs-and-ecosystems,37-lfx-mentorship-journey,program,intermediate,An LFX applicant | A prospective mentee | An accepted mentee | An LFX mentor,"Handling delayed mentor feedback during a milestone, while the application page gives less detail than the repository.",True
OSS-37-030,08-programs-and-ecosystems,37-lfx-mentorship-journey,program,intermediate,An LFX applicant | A prospective mentee | An accepted mentee | An LFX mentor,"Planning continued contribution after mentorship graduation, while multiple communication channels contain different instructions.",True
OSS-37-031,08-programs-and-ecosystems,37-lfx-mentorship-journey,program,intermediate,An LFX applicant | A prospective mentee | An accepted mentee | An LFX mentor,"Evaluating whether an LFX project matches their available skills, while the technical scope changes after onboarding.",True
OSS-37-032,08-programs-and-ecosystems,37-lfx-mentorship-journey,program,intermediate,An LFX applicant | A prospective mentee | An accepted mentee | An LFX mentor,"Contacting project mentors before submitting an application, while the mentor becomes temporarily unavailable.",True
OSS-37-033,08-programs-and-ecosystems,37-lfx-mentorship-journey,program,intermediate,An LFX applicant | A prospective mentee | An accepted mentee | An LFX mentor,"Writing a statement of purpose based on genuine project experience, while the expected weekly commitment is difficult to estimate.",True
OSS-37-034,08-programs-and-ecosystems,37-lfx-mentorship-journey,program,intermediate,An LFX applicant | A prospective mentee | An accepted mentee | An LFX mentor,"Aligning communication norms during the first mentor meeting, while the technical scope changes after onboarding.",True
OSS-37-035,08-programs-and-ecosystems,37-lfx-mentorship-journey,program,intermediate,An LFX applicant | A prospective mentee | An accepted mentee | An LFX mentor,"Tracking deliverables across the mentorship term, while the mentor becomes temporarily unavailable.",True
OSS-37-036,08-programs-and-ecosystems,37-lfx-mentorship-journey,program,intermediate,An LFX applicant | A prospective mentee | An accepted mentee | An LFX mentor,"Reporting a blocker before it threatens an evaluation, while the expected weekly commitment is difficult to estimate.",True
OSS-37-037,08-programs-and-ecosystems,37-lfx-mentorship-journey,program,intermediate,An LFX applicant | A prospective mentee | An accepted mentee | An LFX mentor,"Balancing mentorship work with academic or employment obligations, while the technical scope changes after onboarding.",True
OSS-37-038,08-programs-and-ecosystems,37-lfx-mentorship-journey,program,intermediate,An LFX applicant | A prospective mentee | An accepted mentee | An LFX mentor,"Requesting clarification when the project plan changes, while the mentor becomes temporarily unavailable.",True
OSS-37-039,08-programs-and-ecosystems,37-lfx-mentorship-journey,program,intermediate,An LFX applicant | A prospective mentee | An accepted mentee | An LFX mentor,"Handling delayed mentor feedback during a milestone, while the expected weekly commitment is difficult to estimate.",True
OSS-37-040,08-programs-and-ecosystems,37-lfx-mentorship-journey,program,intermediate,An LFX applicant | A prospective mentee | An accepted mentee | An LFX mentor,"Planning continued contribution after mentorship graduation, while the technical scope changes after onboarding.",True
OSS-37-041,08-programs-and-ecosystems,37-lfx-mentorship-journey,program,advanced,An LFX applicant | A prospective mentee | An accepted mentee | An LFX mentor,"Evaluating whether an LFX project matches their available skills, while another mentee works on a closely related dependency.",True
OSS-37-042,08-programs-and-ecosystems,37-lfx-mentorship-journey,program,advanced,An LFX applicant | A prospective mentee | An accepted mentee | An LFX mentor,"Contacting project mentors before submitting an application, while the application page gives less detail than the repository.",True
OSS-37-043,08-programs-and-ecosystems,37-lfx-mentorship-journey,program,advanced,An LFX applicant | A prospective mentee | An accepted mentee | An LFX mentor,"Writing a statement of purpose based on genuine project experience, while multiple communication channels contain different instructions.",True
OSS-37-044,08-programs-and-ecosystems,37-lfx-mentorship-journey,program,advanced,An LFX applicant | A prospective mentee | An accepted mentee | An LFX mentor,"Aligning communication norms during the first mentor meeting, while another mentee works on a closely related dependency.",True
OSS-37-045,08-programs-and-ecosystems,37-lfx-mentorship-journey,program,advanced,An LFX applicant | A prospective mentee | An accepted mentee | An LFX mentor,"Tracking deliverables across the mentorship term, while the application page gives less detail than the repository.",True
OSS-37-046,08-programs-and-ecosystems,37-lfx-mentorship-journey,program,advanced,An LFX applicant | A prospective mentee | An accepted mentee | An LFX mentor,"Reporting a blocker before it threatens an evaluation, while multiple communication channels contain different instructions.",True
OSS-37-047,08-programs-and-ecosystems,37-lfx-mentorship-journey,program,advanced,An LFX applicant | A prospective mentee | An accepted mentee | An LFX mentor,"Balancing mentorship work with academic or employment obligations, while another mentee works on a closely related dependency.",True
OSS-37-048,08-programs-and-ecosystems,37-lfx-mentorship-journey,program,advanced,An LFX applicant | A prospective mentee | An accepted mentee | An LFX mentor,"Requesting clarification when the project plan changes, while the application page gives less detail than the repository.",True
OSS-37-049,08-programs-and-ecosystems,37-lfx-mentorship-journey,program,advanced,An LFX applicant | A prospective mentee | An accepted mentee | An LFX mentor,"Handling delayed mentor feedback during a milestone, while multiple communication channels contain different instructions.",True
OSS-37-050,08-programs-and-ecosystems,37-lfx-mentorship-journey,program,advanced,An LFX applicant | A prospective mentee | An accepted mentee | An LFX mentor,"Planning continued contribution after mentorship graduation, while another mentee works on a closely related dependency.",True
OSS-38-001,08-programs-and-ecosystems,38-outreachy-and-other-mentorships,program,beginner,An Outreachy applicant | A mentorship applicant | An intern | A mentor,"Checking eligibility before investing in contribution tasks, while program dates and project details change between rounds.",True
OSS-38-002,08-programs-and-ecosystems,38-outreachy-and-other-mentorships,program,beginner,An Outreachy applicant | A mentorship applicant | An intern | A mentor,"Choosing one project during a time-limited contribution period, while mentor feedback arrives close to a deadline.",True
OSS-38-003,08-programs-and-ecosystems,38-outreachy-and-other-mentorships,program,beginner,An Outreachy applicant | A mentorship applicant | An intern | A mentor,"Recording contributions that include investigation and communication, while applicants have very different levels of prior experience.",True
OSS-38-004,08-programs-and-ecosystems,38-outreachy-and-other-mentorships,program,beginner,An Outreachy applicant | A mentorship applicant | An intern | A mentor,"Requesting feedback on a contribution-period task, while program dates and project details change between rounds.",True
OSS-38-005,08-programs-and-ecosystems,38-outreachy-and-other-mentorships,program,beginner,An Outreachy applicant | A mentorship applicant | An intern | A mentor,"Preparing a final application grounded in completed work, while mentor feedback arrives close to a deadline.",True
OSS-38-006,08-programs-and-ecosystems,38-outreachy-and-other-mentorships,program,beginner,An Outreachy applicant | A mentorship applicant | An intern | A mentor,"Balancing contribution quality against the number of submitted tasks, while applicants have very different levels of prior experience.",True
OSS-38-007,08-programs-and-ecosystems,38-outreachy-and-other-mentorships,program,beginner,An Outreachy applicant | A mentorship applicant | An intern | A mentor,"Communicating availability and time-commitment changes, while program dates and project details change between rounds.",True
OSS-38-008,08-programs-and-ecosystems,38-outreachy-and-other-mentorships,program,beginner,An Outreachy applicant | A mentorship applicant | An intern | A mentor,"Working with mentors who support several applicants, while mentor feedback arrives close to a deadline.",True
OSS-38-009,08-programs-and-ecosystems,38-outreachy-and-other-mentorships,program,beginner,An Outreachy applicant | A mentorship applicant | An intern | A mentor,"Handling rejection after completing meaningful contributions, while applicants have very different levels of prior experience.",True
OSS-38-010,08-programs-and-ecosystems,38-outreachy-and-other-mentorships,program,beginner,An Outreachy applicant | A mentorship applicant | An intern | A mentor,"Transitioning from application tasks to sustained community involvement, while program dates and project details change between rounds.",True
OSS-38-011,08-programs-and-ecosystems,38-outreachy-and-other-mentorships,program,beginner,An Outreachy applicant | A mentorship applicant | An intern | A mentor,"Checking eligibility before investing in contribution tasks, while the project requires skills not visible in the initial description.",True
OSS-38-012,08-programs-and-ecosystems,38-outreachy-and-other-mentorships,program,beginner,An Outreachy applicant | A mentorship applicant | An intern | A mentor,"Choosing one project during a time-limited contribution period, while some work is valuable but cannot be merged during the period.",True
OSS-38-013,08-programs-and-ecosystems,38-outreachy-and-other-mentorships,program,beginner,An Outreachy applicant | A mentorship applicant | An intern | A mentor,"Recording contributions that include investigation and communication, while personal circumstances affect the stated availability.",True
OSS-38-014,08-programs-and-ecosystems,38-outreachy-and-other-mentorships,program,beginner,An Outreachy applicant | A mentorship applicant | An intern | A mentor,"Requesting feedback on a contribution-period task, while the project requires skills not visible in the initial description.",True
OSS-38-015,08-programs-and-ecosystems,38-outreachy-and-other-mentorships,program,beginner,An Outreachy applicant | A mentorship applicant | An intern | A mentor,"Preparing a final application grounded in completed work, while some work is valuable but cannot be merged during the period.",True
OSS-38-016,08-programs-and-ecosystems,38-outreachy-and-other-mentorships,program,beginner,An Outreachy applicant | A mentorship applicant | An intern | A mentor,"Balancing contribution quality against the number of submitted tasks, while personal circumstances affect the stated availability.",True
OSS-38-017,08-programs-and-ecosystems,38-outreachy-and-other-mentorships,program,beginner,An Outreachy applicant | A mentorship applicant | An intern | A mentor,"Communicating availability and time-commitment changes, while the project requires skills not visible in the initial description.",True
OSS-38-018,08-programs-and-ecosystems,38-outreachy-and-other-mentorships,program,beginner,An Outreachy applicant | A mentorship applicant | An intern | A mentor,"Working with mentors who support several applicants, while some work is valuable but cannot be merged during the period.",True
OSS-38-019,08-programs-and-ecosystems,38-outreachy-and-other-mentorships,program,beginner,An Outreachy applicant | A mentorship applicant | An intern | A mentor,"Handling rejection after completing meaningful contributions, while personal circumstances affect the stated availability.",True
OSS-38-020,08-programs-and-ecosystems,38-outreachy-and-other-mentorships,program,beginner,An Outreachy applicant | A mentorship applicant | An intern | A mentor,"Transitioning from application tasks to sustained community involvement, while the project requires skills not visible in the initial description.",True
OSS-38-021,08-programs-and-ecosystems,38-outreachy-and-other-mentorships,program,intermediate,An Outreachy applicant | A mentorship applicant | An intern | A mentor,"Checking eligibility before investing in contribution tasks, while mentor feedback arrives close to a deadline.",True
OSS-38-022,08-programs-and-ecosystems,38-outreachy-and-other-mentorships,program,intermediate,An Outreachy applicant | A mentorship applicant | An intern | A mentor,"Choosing one project during a time-limited contribution period, while applicants have very different levels of prior experience.",True
OSS-38-023,08-programs-and-ecosystems,38-outreachy-and-other-mentorships,program,intermediate,An Outreachy applicant | A mentorship applicant | An intern | A mentor,"Recording contributions that include investigation and communication, while program dates and project details change between rounds.",True
OSS-38-024,08-programs-and-ecosystems,38-outreachy-and-other-mentorships,program,intermediate,An Outreachy applicant | A mentorship applicant | An intern | A mentor,"Requesting feedback on a contribution-period task, while mentor feedback arrives close to a deadline.",True
OSS-38-025,08-programs-and-ecosystems,38-outreachy-and-other-mentorships,program,intermediate,An Outreachy applicant | A mentorship applicant | An intern | A mentor,"Preparing a final application grounded in completed work, while applicants have very different levels of prior experience.",True
OSS-38-026,08-programs-and-ecosystems,38-outreachy-and-other-mentorships,program,intermediate,An Outreachy applicant | A mentorship applicant | An intern | A mentor,"Balancing contribution quality against the number of submitted tasks, while program dates and project details change between rounds.",True
OSS-38-027,08-programs-and-ecosystems,38-outreachy-and-other-mentorships,program,intermediate,An Outreachy applicant | A mentorship applicant | An intern | A mentor,"Communicating availability and time-commitment changes, while mentor feedback arrives close to a deadline.",True
OSS-38-028,08-programs-and-ecosystems,38-outreachy-and-other-mentorships,program,intermediate,An Outreachy applicant | A mentorship applicant | An intern | A mentor,"Working with mentors who support several applicants, while applicants have very different levels of prior experience.",True
OSS-38-029,08-programs-and-ecosystems,38-outreachy-and-other-mentorships,program,intermediate,An Outreachy applicant | A mentorship applicant | An intern | A mentor,"Handling rejection after completing meaningful contributions, while program dates and project details change between rounds.",True
OSS-38-030,08-programs-and-ecosystems,38-outreachy-and-other-mentorships,program,intermediate,An Outreachy applicant | A mentorship applicant | An intern | A mentor,"Transitioning from application tasks to sustained community involvement, while mentor feedback arrives close to a deadline.",True
OSS-38-031,08-programs-and-ecosystems,38-outreachy-and-other-mentorships,program,intermediate,An Outreachy applicant | A mentorship applicant | An intern | A mentor,"Checking eligibility before investing in contribution tasks, while some work is valuable but cannot be merged during the period.",True
OSS-38-032,08-programs-and-ecosystems,38-outreachy-and-other-mentorships,program,intermediate,An Outreachy applicant | A mentorship applicant | An intern | A mentor,"Choosing one project during a time-limited contribution period, while personal circumstances affect the stated availability.",True
OSS-38-033,08-programs-and-ecosystems,38-outreachy-and-other-mentorships,program,intermediate,An Outreachy applicant | A mentorship applicant | An intern | A mentor,"Recording contributions that include investigation and communication, while the project requires skills not visible in the initial description.",True
OSS-38-034,08-programs-and-ecosystems,38-outreachy-and-other-mentorships,program,intermediate,An Outreachy applicant | A mentorship applicant | An intern | A mentor,"Requesting feedback on a contribution-period task, while some work is valuable but cannot be merged during the period.",True
OSS-38-035,08-programs-and-ecosystems,38-outreachy-and-other-mentorships,program,intermediate,An Outreachy applicant | A mentorship applicant | An intern | A mentor,"Preparing a final application grounded in completed work, while personal circumstances affect the stated availability.",True
OSS-38-036,08-programs-and-ecosystems,38-outreachy-and-other-mentorships,program,intermediate,An Outreachy applicant | A mentorship applicant | An intern | A mentor,"Balancing contribution quality against the number of submitted tasks, while the project requires skills not visible in the initial description.",True
OSS-38-037,08-programs-and-ecosystems,38-outreachy-and-other-mentorships,program,intermediate,An Outreachy applicant | A mentorship applicant | An intern | A mentor,"Communicating availability and time-commitment changes, while some work is valuable but cannot be merged during the period.",True
OSS-38-038,08-programs-and-ecosystems,38-outreachy-and-other-mentorships,program,intermediate,An Outreachy applicant | A mentorship applicant | An intern | A mentor,"Working with mentors who support several applicants, while personal circumstances affect the stated availability.",True
OSS-38-039,08-programs-and-ecosystems,38-outreachy-and-other-mentorships,program,intermediate,An Outreachy applicant | A mentorship applicant | An intern | A mentor,"Handling rejection after completing meaningful contributions, while the project requires skills not visible in the initial description.",True
OSS-38-040,08-programs-and-ecosystems,38-outreachy-and-other-mentorships,program,intermediate,An Outreachy applicant | A mentorship applicant | An intern | A mentor,"Transitioning from application tasks to sustained community involvement, while some work is valuable but cannot be merged during the period.",True
OSS-38-041,08-programs-and-ecosystems,38-outreachy-and-other-mentorships,program,advanced,An Outreachy applicant | A mentorship applicant | An intern | A mentor,"Checking eligibility before investing in contribution tasks, while applicants have very different levels of prior experience.",True
OSS-38-042,08-programs-and-ecosystems,38-outreachy-and-other-mentorships,program,advanced,An Outreachy applicant | A mentorship applicant | An intern | A mentor,"Choosing one project during a time-limited contribution period, while program dates and project details change between rounds.",True
OSS-38-043,08-programs-and-ecosystems,38-outreachy-and-other-mentorships,program,advanced,An Outreachy applicant | A mentorship applicant | An intern | A mentor,"Recording contributions that include investigation and communication, while mentor feedback arrives close to a deadline.",True
OSS-38-044,08-programs-and-ecosystems,38-outreachy-and-other-mentorships,program,advanced,An Outreachy applicant | A mentorship applicant | An intern | A mentor,"Requesting feedback on a contribution-period task, while applicants have very different levels of prior experience.",True
OSS-38-045,08-programs-and-ecosystems,38-outreachy-and-other-mentorships,program,advanced,An Outreachy applicant | A mentorship applicant | An intern | A mentor,"Preparing a final application grounded in completed work, while program dates and project details change between rounds.",True
OSS-38-046,08-programs-and-ecosystems,38-outreachy-and-other-mentorships,program,advanced,An Outreachy applicant | A mentorship applicant | An intern | A mentor,"Balancing contribution quality against the number of submitted tasks, while mentor feedback arrives close to a deadline.",True
OSS-38-047,08-programs-and-ecosystems,38-outreachy-and-other-mentorships,program,advanced,An Outreachy applicant | A mentorship applicant | An intern | A mentor,"Communicating availability and time-commitment changes, while applicants have very different levels of prior experience.",True
OSS-38-048,08-programs-and-ecosystems,38-outreachy-and-other-mentorships,program,advanced,An Outreachy applicant | A mentorship applicant | An intern | A mentor,"Working with mentors who support several applicants, while program dates and project details change between rounds.",True
OSS-38-049,08-programs-and-ecosystems,38-outreachy-and-other-mentorships,program,advanced,An Outreachy applicant | A mentorship applicant | An intern | A mentor,"Handling rejection after completing meaningful contributions, while mentor feedback arrives close to a deadline.",True
OSS-38-050,08-programs-and-ecosystems,38-outreachy-and-other-mentorships,program,advanced,An Outreachy applicant | A mentorship applicant | An intern | A mentor,"Transitioning from application tasks to sustained community involvement, while applicants have very different levels of prior experience.",True
OSS-39-001,08-programs-and-ecosystems,39-cncf-kubernetes-and-kubeflow-workflows,ecosystem,beginner,A cloud-native newcomer | A Kubernetes contributor | A Kubeflow contributor | A SIG participant,"Finding the SIG or working group that owns a change, while each repository uses a slightly different workflow.",True
OSS-39-002,08-programs-and-ecosystems,39-cncf-kubernetes-and-kubeflow-workflows,ecosystem,beginner,A cloud-native newcomer | A Kubernetes contributor | A Kubeflow contributor | A SIG participant,"Using repository-specific commands to assign or label an issue, while ownership files list people who are temporarily unavailable.",True
OSS-39-003,08-programs-and-ecosystems,39-cncf-kubernetes-and-kubeflow-workflows,ecosystem,beginner,A cloud-native newcomer | A Kubernetes contributor | A Kubeflow contributor | A SIG participant,"Signing required contributor agreements before opening a pull request, while meeting schedules are difficult for the contributor's time zone.",True
OSS-39-004,08-programs-and-ecosystems,39-cncf-kubernetes-and-kubeflow-workflows,ecosystem,beginner,A cloud-native newcomer | A Kubernetes contributor | A Kubeflow contributor | A SIG participant,"Requesting review from file owners across subprojects, while each repository uses a slightly different workflow.",True
OSS-39-005,08-programs-and-ecosystems,39-cncf-kubernetes-and-kubeflow-workflows,ecosystem,beginner,A cloud-native newcomer | A Kubernetes contributor | A Kubeflow contributor | A SIG participant,"Joining meetings and channels for the relevant technical group, while ownership files list people who are temporarily unavailable.",True
OSS-39-006,08-programs-and-ecosystems,39-cncf-kubernetes-and-kubeflow-workflows,ecosystem,beginner,A cloud-native newcomer | A Kubernetes contributor | A Kubeflow contributor | A SIG participant,"Contributing to documentation before having project membership, while meeting schedules are difficult for the contributor's time zone.",True
OSS-39-007,08-programs-and-ecosystems,39-cncf-kubernetes-and-kubeflow-workflows,ecosystem,beginner,A cloud-native newcomer | A Kubernetes contributor | A Kubeflow contributor | A SIG participant,"Handling a Kubeflow issue already assigned to an inactive contributor, while each repository uses a slightly different workflow.",True
OSS-39-008,08-programs-and-ecosystems,39-cncf-kubernetes-and-kubeflow-workflows,ecosystem,beginner,A cloud-native newcomer | A Kubernetes contributor | A Kubeflow contributor | A SIG participant,"Understanding the difference between reviewer and approver roles, while ownership files list people who are temporarily unavailable.",True
OSS-39-009,08-programs-and-ecosystems,39-cncf-kubernetes-and-kubeflow-workflows,ecosystem,beginner,A cloud-native newcomer | A Kubernetes contributor | A Kubeflow contributor | A SIG participant,"Building a contribution history across several ecosystem repositories, while meeting schedules are difficult for the contributor's time zone.",True
OSS-39-010,08-programs-and-ecosystems,39-cncf-kubernetes-and-kubeflow-workflows,ecosystem,beginner,A cloud-native newcomer | A Kubernetes contributor | A Kubeflow contributor | A SIG participant,"Working toward formal project membership without a mentorship program, while each repository uses a slightly different workflow.",True
OSS-39-011,08-programs-and-ecosystems,39-cncf-kubernetes-and-kubeflow-workflows,ecosystem,beginner,A cloud-native newcomer | A Kubernetes contributor | A Kubeflow contributor | A SIG participant,"Finding the SIG or working group that owns a change, while automated bots interpret commands and labels.",True
OSS-39-012,08-programs-and-ecosystems,39-cncf-kubernetes-and-kubeflow-workflows,ecosystem,beginner,A cloud-native newcomer | A Kubernetes contributor | A Kubeflow contributor | A SIG participant,"Using repository-specific commands to assign or label an issue, while the affected feature crosses more than one SIG.",True
OSS-39-013,08-programs-and-ecosystems,39-cncf-kubernetes-and-kubeflow-workflows,ecosystem,beginner,A cloud-native newcomer | A Kubernetes contributor | A Kubeflow contributor | A SIG participant,"Signing required contributor agreements before opening a pull request, while membership expectations require sustained community participation.",True
OSS-39-014,08-programs-and-ecosystems,39-cncf-kubernetes-and-kubeflow-workflows,ecosystem,beginner,A cloud-native newcomer | A Kubernetes contributor | A Kubeflow contributor | A SIG participant,"Requesting review from file owners across subprojects, while automated bots interpret commands and labels.",True
OSS-39-015,08-programs-and-ecosystems,39-cncf-kubernetes-and-kubeflow-workflows,ecosystem,beginner,A cloud-native newcomer | A Kubernetes contributor | A Kubeflow contributor | A SIG participant,"Joining meetings and channels for the relevant technical group, while the affected feature crosses more than one SIG.",True
OSS-39-016,08-programs-and-ecosystems,39-cncf-kubernetes-and-kubeflow-workflows,ecosystem,beginner,A cloud-native newcomer | A Kubernetes contributor | A Kubeflow contributor | A SIG participant,"Contributing to documentation before having project membership, while membership expectations require sustained community participation.",True
OSS-39-017,08-programs-and-ecosystems,39-cncf-kubernetes-and-kubeflow-workflows,ecosystem,beginner,A cloud-native newcomer | A Kubernetes contributor | A Kubeflow contributor | A SIG participant,"Handling a Kubeflow issue already assigned to an inactive contributor, while automated bots interpret commands and labels.",True
OSS-39-018,08-programs-and-ecosystems,39-cncf-kubernetes-and-kubeflow-workflows,ecosystem,beginner,A cloud-native newcomer | A Kubernetes contributor | A Kubeflow contributor | A SIG participant,"Understanding the difference between reviewer and approver roles, while the affected feature crosses more than one SIG.",True
OSS-39-019,08-programs-and-ecosystems,39-cncf-kubernetes-and-kubeflow-workflows,ecosystem,beginner,A cloud-native newcomer | A Kubernetes contributor | A Kubeflow contributor | A SIG participant,"Building a contribution history across several ecosystem repositories, while membership expectations require sustained community participation.",True
OSS-39-020,08-programs-and-ecosystems,39-cncf-kubernetes-and-kubeflow-workflows,ecosystem,beginner,A cloud-native newcomer | A Kubernetes contributor | A Kubeflow contributor | A SIG participant,"Working toward formal project membership without a mentorship program, while automated bots interpret commands and labels.",True
OSS-39-021,08-programs-and-ecosystems,39-cncf-kubernetes-and-kubeflow-workflows,ecosystem,intermediate,A cloud-native newcomer | A Kubernetes contributor | A Kubeflow contributor | A SIG participant,"Finding the SIG or working group that owns a change, while ownership files list people who are temporarily unavailable.",True
OSS-39-022,08-programs-and-ecosystems,39-cncf-kubernetes-and-kubeflow-workflows,ecosystem,intermediate,A cloud-native newcomer | A Kubernetes contributor | A Kubeflow contributor | A SIG participant,"Using repository-specific commands to assign or label an issue, while meeting schedules are difficult for the contributor's time zone.",True
OSS-39-023,08-programs-and-ecosystems,39-cncf-kubernetes-and-kubeflow-workflows,ecosystem,intermediate,A cloud-native newcomer | A Kubernetes contributor | A Kubeflow contributor | A SIG participant,"Signing required contributor agreements before opening a pull request, while each repository uses a slightly different workflow.",True
OSS-39-024,08-programs-and-ecosystems,39-cncf-kubernetes-and-kubeflow-workflows,ecosystem,intermediate,A cloud-native newcomer | A Kubernetes contributor | A Kubeflow contributor | A SIG participant,"Requesting review from file owners across subprojects, while ownership files list people who are temporarily unavailable.",True
OSS-39-025,08-programs-and-ecosystems,39-cncf-kubernetes-and-kubeflow-workflows,ecosystem,intermediate,A cloud-native newcomer | A Kubernetes contributor | A Kubeflow contributor | A SIG participant,"Joining meetings and channels for the relevant technical group, while meeting schedules are difficult for the contributor's time zone.",True
OSS-39-026,08-programs-and-ecosystems,39-cncf-kubernetes-and-kubeflow-workflows,ecosystem,intermediate,A cloud-native newcomer | A Kubernetes contributor | A Kubeflow contributor | A SIG participant,"Contributing to documentation before having project membership, while each repository uses a slightly different workflow.",True
OSS-39-027,08-programs-and-ecosystems,39-cncf-kubernetes-and-kubeflow-workflows,ecosystem,intermediate,A cloud-native newcomer | A Kubernetes contributor | A Kubeflow contributor | A SIG participant,"Handling a Kubeflow issue already assigned to an inactive contributor, while ownership files list people who are temporarily unavailable.",True
OSS-39-028,08-programs-and-ecosystems,39-cncf-kubernetes-and-kubeflow-workflows,ecosystem,intermediate,A cloud-native newcomer | A Kubernetes contributor | A Kubeflow contributor | A SIG participant,"Understanding the difference between reviewer and approver roles, while meeting schedules are difficult for the contributor's time zone.",True
OSS-39-029,08-programs-and-ecosystems,39-cncf-kubernetes-and-kubeflow-workflows,ecosystem,intermediate,A cloud-native newcomer | A Kubernetes contributor | A Kubeflow contributor | A SIG participant,"Building a contribution history across several ecosystem repositories, while each repository uses a slightly different workflow.",True
OSS-39-030,08-programs-and-ecosystems,39-cncf-kubernetes-and-kubeflow-workflows,ecosystem,intermediate,A cloud-native newcomer | A Kubernetes contributor | A Kubeflow contributor | A SIG participant,"Working toward formal project membership without a mentorship program, while ownership files list people who are temporarily unavailable.",True
OSS-39-031,08-programs-and-ecosystems,39-cncf-kubernetes-and-kubeflow-workflows,ecosystem,intermediate,A cloud-native newcomer | A Kubernetes contributor | A Kubeflow contributor | A SIG participant,"Finding the SIG or working group that owns a change, while the affected feature crosses more than one SIG.",True
OSS-39-032,08-programs-and-ecosystems,39-cncf-kubernetes-and-kubeflow-workflows,ecosystem,intermediate,A cloud-native newcomer | A Kubernetes contributor | A Kubeflow contributor | A SIG participant,"Using repository-specific commands to assign or label an issue, while membership expectations require sustained community participation.",True
OSS-39-033,08-programs-and-ecosystems,39-cncf-kubernetes-and-kubeflow-workflows,ecosystem,intermediate,A cloud-native newcomer | A Kubernetes contributor | A Kubeflow contributor | A SIG participant,"Signing required contributor agreements before opening a pull request, while automated bots interpret commands and labels.",True
OSS-39-034,08-programs-and-ecosystems,39-cncf-kubernetes-and-kubeflow-workflows,ecosystem,intermediate,A cloud-native newcomer | A Kubernetes contributor | A Kubeflow contributor | A SIG participant,"Requesting review from file owners across subprojects, while the affected feature crosses more than one SIG.",True
OSS-39-035,08-programs-and-ecosystems,39-cncf-kubernetes-and-kubeflow-workflows,ecosystem,intermediate,A cloud-native newcomer | A Kubernetes contributor | A Kubeflow contributor | A SIG participant,"Joining meetings and channels for the relevant technical group, while membership expectations require sustained community participation.",True
OSS-39-036,08-programs-and-ecosystems,39-cncf-kubernetes-and-kubeflow-workflows,ecosystem,intermediate,A cloud-native newcomer | A Kubernetes contributor | A Kubeflow contributor | A SIG participant,"Contributing to documentation before having project membership, while automated bots interpret commands and labels.",True
OSS-39-037,08-programs-and-ecosystems,39-cncf-kubernetes-and-kubeflow-workflows,ecosystem,intermediate,A cloud-native newcomer | A Kubernetes contributor | A Kubeflow contributor | A SIG participant,"Handling a Kubeflow issue already assigned to an inactive contributor, while the affected feature crosses more than one SIG.",True
OSS-39-038,08-programs-and-ecosystems,39-cncf-kubernetes-and-kubeflow-workflows,ecosystem,intermediate,A cloud-native newcomer | A Kubernetes contributor | A Kubeflow contributor | A SIG participant,"Understanding the difference between reviewer and approver roles, while membership expectations require sustained community participation.",True
OSS-39-039,08-programs-and-ecosystems,39-cncf-kubernetes-and-kubeflow-workflows,ecosystem,intermediate,A cloud-native newcomer | A Kubernetes contributor | A Kubeflow contributor | A SIG participant,"Building a contribution history across several ecosystem repositories, while automated bots interpret commands and labels.",True
OSS-39-040,08-programs-and-ecosystems,39-cncf-kubernetes-and-kubeflow-workflows,ecosystem,intermediate,A cloud-native newcomer | A Kubernetes contributor | A Kubeflow contributor | A SIG participant,"Working toward formal project membership without a mentorship program, while the affected feature crosses more than one SIG.",True
OSS-39-041,08-programs-and-ecosystems,39-cncf-kubernetes-and-kubeflow-workflows,ecosystem,advanced,A cloud-native newcomer | A Kubernetes contributor | A Kubeflow contributor | A SIG participant,"Finding the SIG or working group that owns a change, while meeting schedules are difficult for the contributor's time zone.",True
OSS-39-042,08-programs-and-ecosystems,39-cncf-kubernetes-and-kubeflow-workflows,ecosystem,advanced,A cloud-native newcomer | A Kubernetes contributor | A Kubeflow contributor | A SIG participant,"Using repository-specific commands to assign or label an issue, while each repository uses a slightly different workflow.",True
OSS-39-043,08-programs-and-ecosystems,39-cncf-kubernetes-and-kubeflow-workflows,ecosystem,advanced,A cloud-native newcomer | A Kubernetes contributor | A Kubeflow contributor | A SIG participant,"Signing required contributor agreements before opening a pull request, while ownership files list people who are temporarily unavailable.",True
OSS-39-044,08-programs-and-ecosystems,39-cncf-kubernetes-and-kubeflow-workflows,ecosystem,advanced,A cloud-native newcomer | A Kubernetes contributor | A Kubeflow contributor | A SIG participant,"Requesting review from file owners across subprojects, while meeting schedules are difficult for the contributor's time zone.",True
OSS-39-045,08-programs-and-ecosystems,39-cncf-kubernetes-and-kubeflow-workflows,ecosystem,advanced,A cloud-native newcomer | A Kubernetes contributor | A Kubeflow contributor | A SIG participant,"Joining meetings and channels for the relevant technical group, while each repository uses a slightly different workflow.",True
OSS-39-046,08-programs-and-ecosystems,39-cncf-kubernetes-and-kubeflow-workflows,ecosystem,advanced,A cloud-native newcomer | A Kubernetes contributor | A Kubeflow contributor | A SIG participant,"Contributing to documentation before having project membership, while ownership files list people who are temporarily unavailable.",True
OSS-39-047,08-programs-and-ecosystems,39-cncf-kubernetes-and-kubeflow-workflows,ecosystem,advanced,A cloud-native newcomer | A Kubernetes contributor | A Kubeflow contributor | A SIG participant,"Handling a Kubeflow issue already assigned to an inactive contributor, while meeting schedules are difficult for the contributor's time zone.",True
OSS-39-048,08-programs-and-ecosystems,39-cncf-kubernetes-and-kubeflow-workflows,ecosystem,advanced,A cloud-native newcomer | A Kubernetes contributor | A Kubeflow contributor | A SIG participant,"Understanding the difference between reviewer and approver roles, while each repository uses a slightly different workflow.",True
OSS-39-049,08-programs-and-ecosystems,39-cncf-kubernetes-and-kubeflow-workflows,ecosystem,advanced,A cloud-native newcomer | A Kubernetes contributor | A Kubeflow contributor | A SIG participant,"Building a contribution history across several ecosystem repositories, while ownership files list people who are temporarily unavailable.",True
OSS-39-050,08-programs-and-ecosystems,39-cncf-kubernetes-and-kubeflow-workflows,ecosystem,advanced,A cloud-native newcomer | A Kubernetes contributor | A Kubeflow contributor | A SIG participant,"Working toward formal project membership without a mentorship program, while meeting schedules are difficult for the contributor's time zone.",True
OSS-40-001,09-growth-governance-and-sustainability,40-reviewer-triager-and-maintainer-growth,grow,beginner,A regular contributor | A new reviewer | A triager | A prospective maintainer,"Moving from submitting changes to reviewing other contributors, while the contributor ladder is informal or undocumented.",True
OSS-40-002,09-growth-governance-and-sustainability,40-reviewer-triager-and-maintainer-growth,grow,beginner,A regular contributor | A new reviewer | A triager | A prospective maintainer,"Building enough context to triage issues responsibly, while existing maintainers disagree about readiness.",True
OSS-40-003,09-growth-governance-and-sustainability,40-reviewer-triager-and-maintainer-growth,grow,beginner,A regular contributor | A new reviewer | A triager | A prospective maintainer,"Asking how reviewer or maintainer roles are earned, while the project needs reviewers more urgently than feature authors.",True
OSS-40-004,09-growth-governance-and-sustainability,40-reviewer-triager-and-maintainer-growth,grow,beginner,A regular contributor | A new reviewer | A triager | A prospective maintainer,"Demonstrating sustained ownership of one project area, while the contributor ladder is informal or undocumented.",True
OSS-40-005,09-growth-governance-and-sustainability,40-reviewer-triager-and-maintainer-growth,grow,beginner,A regular contributor | A new reviewer | A triager | A prospective maintainer,"Giving non-binding reviews before receiving formal permissions, while existing maintainers disagree about readiness.",True
OSS-40-006,09-growth-governance-and-sustainability,40-reviewer-triager-and-maintainer-growth,grow,beginner,A regular contributor | A new reviewer | A triager | A prospective maintainer,"Taking responsibility for documentation or release work, while the project needs reviewers more urgently than feature authors.",True
OSS-40-007,09-growth-governance-and-sustainability,40-reviewer-triager-and-maintainer-growth,grow,beginner,A regular contributor | A new reviewer | A triager | A prospective maintainer,"Mentoring newcomers without becoming their private support channel, while the contributor ladder is informal or undocumented.",True
OSS-40-008,09-growth-governance-and-sustainability,40-reviewer-triager-and-maintainer-growth,grow,beginner,A regular contributor | A new reviewer | A triager | A prospective maintainer,"Requesting sponsorship for a formal community role, while existing maintainers disagree about readiness.",True
OSS-40-009,09-growth-governance-and-sustainability,40-reviewer-triager-and-maintainer-growth,grow,beginner,A regular contributor | A new reviewer | A triager | A prospective maintainer,"Maintaining activity while reducing personal coding contributions, while the project needs reviewers more urgently than feature authors.",True
OSS-40-010,09-growth-governance-and-sustainability,40-reviewer-triager-and-maintainer-growth,grow,beginner,A regular contributor | A new reviewer | A triager | A prospective maintainer,"Stepping down from a role when availability changes, while the contributor ladder is informal or undocumented.",True
OSS-40-011,09-growth-governance-and-sustainability,40-reviewer-triager-and-maintainer-growth,grow,beginner,A regular contributor | A new reviewer | A triager | A prospective maintainer,"Moving from submitting changes to reviewing other contributors, while technical skill is strong but community participation is limited.",True
OSS-40-012,09-growth-governance-and-sustainability,40-reviewer-triager-and-maintainer-growth,grow,beginner,A regular contributor | A new reviewer | A triager | A prospective maintainer,"Building enough context to triage issues responsibly, while permissions differ across organization repositories.",True
OSS-40-013,09-growth-governance-and-sustainability,40-reviewer-triager-and-maintainer-growth,grow,beginner,A regular contributor | A new reviewer | A triager | A prospective maintainer,"Asking how reviewer or maintainer roles are earned, while role expectations have expanded over time.",True
OSS-40-014,09-growth-governance-and-sustainability,40-reviewer-triager-and-maintainer-growth,grow,beginner,A regular contributor | A new reviewer | A triager | A prospective maintainer,"Demonstrating sustained ownership of one project area, while technical skill is strong but community participation is limited.",True
OSS-40-015,09-growth-governance-and-sustainability,40-reviewer-triager-and-maintainer-growth,grow,beginner,A regular contributor | A new reviewer | A triager | A prospective maintainer,"Giving non-binding reviews before receiving formal permissions, while permissions differ across organization repositories.",True
OSS-40-016,09-growth-governance-and-sustainability,40-reviewer-triager-and-maintainer-growth,grow,beginner,A regular contributor | A new reviewer | A triager | A prospective maintainer,"Taking responsibility for documentation or release work, while role expectations have expanded over time.",True
OSS-40-017,09-growth-governance-and-sustainability,40-reviewer-triager-and-maintainer-growth,grow,beginner,A regular contributor | A new reviewer | A triager | A prospective maintainer,"Mentoring newcomers without becoming their private support channel, while technical skill is strong but community participation is limited.",True
OSS-40-018,09-growth-governance-and-sustainability,40-reviewer-triager-and-maintainer-growth,grow,beginner,A regular contributor | A new reviewer | A triager | A prospective maintainer,"Requesting sponsorship for a formal community role, while permissions differ across organization repositories.",True
OSS-40-019,09-growth-governance-and-sustainability,40-reviewer-triager-and-maintainer-growth,grow,beginner,A regular contributor | A new reviewer | A triager | A prospective maintainer,"Maintaining activity while reducing personal coding contributions, while role expectations have expanded over time.",True
OSS-40-020,09-growth-governance-and-sustainability,40-reviewer-triager-and-maintainer-growth,grow,beginner,A regular contributor | A new reviewer | A triager | A prospective maintainer,"Stepping down from a role when availability changes, while technical skill is strong but community participation is limited.",True
OSS-40-021,09-growth-governance-and-sustainability,40-reviewer-triager-and-maintainer-growth,grow,intermediate,A regular contributor | A new reviewer | A triager | A prospective maintainer,"Moving from submitting changes to reviewing other contributors, while existing maintainers disagree about readiness.",True
OSS-40-022,09-growth-governance-and-sustainability,40-reviewer-triager-and-maintainer-growth,grow,intermediate,A regular contributor | A new reviewer | A triager | A prospective maintainer,"Building enough context to triage issues responsibly, while the project needs reviewers more urgently than feature authors.",True
OSS-40-023,09-growth-governance-and-sustainability,40-reviewer-triager-and-maintainer-growth,grow,intermediate,A regular contributor | A new reviewer | A triager | A prospective maintainer,"Asking how reviewer or maintainer roles are earned, while the contributor ladder is informal or undocumented.",True
OSS-40-024,09-growth-governance-and-sustainability,40-reviewer-triager-and-maintainer-growth,grow,intermediate,A regular contributor | A new reviewer | A triager | A prospective maintainer,"Demonstrating sustained ownership of one project area, while existing maintainers disagree about readiness.",True
OSS-40-025,09-growth-governance-and-sustainability,40-reviewer-triager-and-maintainer-growth,grow,intermediate,A regular contributor | A new reviewer | A triager | A prospective maintainer,"Giving non-binding reviews before receiving formal permissions, while the project needs reviewers more urgently than feature authors.",True
OSS-40-026,09-growth-governance-and-sustainability,40-reviewer-triager-and-maintainer-growth,grow,intermediate,A regular contributor | A new reviewer | A triager | A prospective maintainer,"Taking responsibility for documentation or release work, while the contributor ladder is informal or undocumented.",True
OSS-40-027,09-growth-governance-and-sustainability,40-reviewer-triager-and-maintainer-growth,grow,intermediate,A regular contributor | A new reviewer | A triager | A prospective maintainer,"Mentoring newcomers without becoming their private support channel, while existing maintainers disagree about readiness.",True
OSS-40-028,09-growth-governance-and-sustainability,40-reviewer-triager-and-maintainer-growth,grow,intermediate,A regular contributor | A new reviewer | A triager | A prospective maintainer,"Requesting sponsorship for a formal community role, while the project needs reviewers more urgently than feature authors.",True
OSS-40-029,09-growth-governance-and-sustainability,40-reviewer-triager-and-maintainer-growth,grow,intermediate,A regular contributor | A new reviewer | A triager | A prospective maintainer,"Maintaining activity while reducing personal coding contributions, while the contributor ladder is informal or undocumented.",True
OSS-40-030,09-growth-governance-and-sustainability,40-reviewer-triager-and-maintainer-growth,grow,intermediate,A regular contributor | A new reviewer | A triager | A prospective maintainer,"Stepping down from a role when availability changes, while existing maintainers disagree about readiness.",True
OSS-40-031,09-growth-governance-and-sustainability,40-reviewer-triager-and-maintainer-growth,grow,intermediate,A regular contributor | A new reviewer | A triager | A prospective maintainer,"Moving from submitting changes to reviewing other contributors, while permissions differ across organization repositories.",True
OSS-40-032,09-growth-governance-and-sustainability,40-reviewer-triager-and-maintainer-growth,grow,intermediate,A regular contributor | A new reviewer | A triager | A prospective maintainer,"Building enough context to triage issues responsibly, while role expectations have expanded over time.",True
OSS-40-033,09-growth-governance-and-sustainability,40-reviewer-triager-and-maintainer-growth,grow,intermediate,A regular contributor | A new reviewer | A triager | A prospective maintainer,"Asking how reviewer or maintainer roles are earned, while technical skill is strong but community participation is limited.",True
OSS-40-034,09-growth-governance-and-sustainability,40-reviewer-triager-and-maintainer-growth,grow,intermediate,A regular contributor | A new reviewer | A triager | A prospective maintainer,"Demonstrating sustained ownership of one project area, while permissions differ across organization repositories.",True
OSS-40-035,09-growth-governance-and-sustainability,40-reviewer-triager-and-maintainer-growth,grow,intermediate,A regular contributor | A new reviewer | A triager | A prospective maintainer,"Giving non-binding reviews before receiving formal permissions, while role expectations have expanded over time.",True
OSS-40-036,09-growth-governance-and-sustainability,40-reviewer-triager-and-maintainer-growth,grow,intermediate,A regular contributor | A new reviewer | A triager | A prospective maintainer,"Taking responsibility for documentation or release work, while technical skill is strong but community participation is limited.",True
OSS-40-037,09-growth-governance-and-sustainability,40-reviewer-triager-and-maintainer-growth,grow,intermediate,A regular contributor | A new reviewer | A triager | A prospective maintainer,"Mentoring newcomers without becoming their private support channel, while permissions differ across organization repositories.",True
OSS-40-038,09-growth-governance-and-sustainability,40-reviewer-triager-and-maintainer-growth,grow,intermediate,A regular contributor | A new reviewer | A triager | A prospective maintainer,"Requesting sponsorship for a formal community role, while role expectations have expanded over time.",True
OSS-40-039,09-growth-governance-and-sustainability,40-reviewer-triager-and-maintainer-growth,grow,intermediate,A regular contributor | A new reviewer | A triager | A prospective maintainer,"Maintaining activity while reducing personal coding contributions, while technical skill is strong but community participation is limited.",True
OSS-40-040,09-growth-governance-and-sustainability,40-reviewer-triager-and-maintainer-growth,grow,intermediate,A regular contributor | A new reviewer | A triager | A prospective maintainer,"Stepping down from a role when availability changes, while permissions differ across organization repositories.",True
OSS-40-041,09-growth-governance-and-sustainability,40-reviewer-triager-and-maintainer-growth,grow,advanced,A regular contributor | A new reviewer | A triager | A prospective maintainer,"Moving from submitting changes to reviewing other contributors, while the project needs reviewers more urgently than feature authors.",True
OSS-40-042,09-growth-governance-and-sustainability,40-reviewer-triager-and-maintainer-growth,grow,advanced,A regular contributor | A new reviewer | A triager | A prospective maintainer,"Building enough context to triage issues responsibly, while the contributor ladder is informal or undocumented.",True
OSS-40-043,09-growth-governance-and-sustainability,40-reviewer-triager-and-maintainer-growth,grow,advanced,A regular contributor | A new reviewer | A triager | A prospective maintainer,"Asking how reviewer or maintainer roles are earned, while existing maintainers disagree about readiness.",True
OSS-40-044,09-growth-governance-and-sustainability,40-reviewer-triager-and-maintainer-growth,grow,advanced,A regular contributor | A new reviewer | A triager | A prospective maintainer,"Demonstrating sustained ownership of one project area, while the project needs reviewers more urgently than feature authors.",True
OSS-40-045,09-growth-governance-and-sustainability,40-reviewer-triager-and-maintainer-growth,grow,advanced,A regular contributor | A new reviewer | A triager | A prospective maintainer,"Giving non-binding reviews before receiving formal permissions, while the contributor ladder is informal or undocumented.",True
OSS-40-046,09-growth-governance-and-sustainability,40-reviewer-triager-and-maintainer-growth,grow,advanced,A regular contributor | A new reviewer | A triager | A prospective maintainer,"Taking responsibility for documentation or release work, while existing maintainers disagree about readiness.",True
OSS-40-047,09-growth-governance-and-sustainability,40-reviewer-triager-and-maintainer-growth,grow,advanced,A regular contributor | A new reviewer | A triager | A prospective maintainer,"Mentoring newcomers without becoming their private support channel, while the project needs reviewers more urgently than feature authors.",True
OSS-40-048,09-growth-governance-and-sustainability,40-reviewer-triager-and-maintainer-growth,grow,advanced,A regular contributor | A new reviewer | A triager | A prospective maintainer,"Requesting sponsorship for a formal community role, while the contributor ladder is informal or undocumented.",True
OSS-40-049,09-growth-governance-and-sustainability,40-reviewer-triager-and-maintainer-growth,grow,advanced,A regular contributor | A new reviewer | A triager | A prospective maintainer,"Maintaining activity while reducing personal coding contributions, while existing maintainers disagree about readiness.",True
OSS-40-050,09-growth-governance-and-sustainability,40-reviewer-triager-and-maintainer-growth,grow,advanced,A regular contributor | A new reviewer | A triager | A prospective maintainer,"Stepping down from a role when availability changes, while the project needs reviewers more urgently than feature authors.",True
OSS-41-001,09-growth-governance-and-sustainability,41-governance-and-decision-making,lead,beginner,A community member | A maintainer | A working-group lead | A project sponsor,"Finding where the project records binding technical decisions, while the governance document has not kept pace with practice.",False
OSS-41-002,09-growth-governance-and-sustainability,41-governance-and-decision-making,lead,beginner,A community member | A maintainer | A working-group lead | A project sponsor,"Proposing a governance change as the contributor base grows, while a small number of companies employ most maintainers.",False
OSS-41-003,09-growth-governance-and-sustainability,41-governance-and-decision-making,lead,beginner,A community member | A maintainer | A working-group lead | A project sponsor,"Participating in a vote without understanding quorum rules, while the project is under time pressure from a security incident.",False
OSS-41-004,09-growth-governance-and-sustainability,41-governance-and-decision-making,lead,beginner,A community member | A maintainer | A working-group lead | A project sponsor,"Handling a decision made by consensus after prolonged disagreement, while the governance document has not kept pace with practice.",False
OSS-41-005,09-growth-governance-and-sustainability,41-governance-and-decision-making,lead,beginner,A community member | A maintainer | A working-group lead | A project sponsor,"Resolving overlap between two working groups, while a small number of companies employ most maintainers.",False
OSS-41-006,09-growth-governance-and-sustainability,41-governance-and-decision-making,lead,beginner,A community member | A maintainer | A working-group lead | A project sponsor,"Documenting authority for emergency project decisions, while the project is under time pressure from a security incident.",False
OSS-41-007,09-growth-governance-and-sustainability,41-governance-and-decision-making,lead,beginner,A community member | A maintainer | A working-group lead | A project sponsor,"Challenging a practice that differs from written governance, while the governance document has not kept pace with practice.",False
OSS-41-008,09-growth-governance-and-sustainability,41-governance-and-decision-making,lead,beginner,A community member | A maintainer | A working-group lead | A project sponsor,"Adding a new maintainer through an unclear nomination process, while a small number of companies employ most maintainers.",False
OSS-41-009,09-growth-governance-and-sustainability,41-governance-and-decision-making,lead,beginner,A community member | A maintainer | A working-group lead | A project sponsor,"Separating employer interests from community project priorities, while the project is under time pressure from a security incident.",False
OSS-41-010,09-growth-governance-and-sustainability,41-governance-and-decision-making,lead,beginner,A community member | A maintainer | A working-group lead | A project sponsor,"Planning leadership succession for a critical subproject, while the governance document has not kept pace with practice.",False
OSS-41-011,09-growth-governance-and-sustainability,41-governance-and-decision-making,lead,beginner,A community member | A maintainer | A working-group lead | A project sponsor,"Finding where the project records binding technical decisions, while participants have unequal access to synchronous discussions.",False
OSS-41-012,09-growth-governance-and-sustainability,41-governance-and-decision-making,lead,beginner,A community member | A maintainer | A working-group lead | A project sponsor,"Proposing a governance change as the contributor base grows, while the decision affects contributors who were not consulted.",False
OSS-41-013,09-growth-governance-and-sustainability,41-governance-and-decision-making,lead,beginner,A community member | A maintainer | A working-group lead | A project sponsor,"Participating in a vote without understanding quorum rules, while there is no documented appeal or escalation path.",False
OSS-41-014,09-growth-governance-and-sustainability,41-governance-and-decision-making,lead,beginner,A community member | A maintainer | A working-group lead | A project sponsor,"Handling a decision made by consensus after prolonged disagreement, while participants have unequal access to synchronous discussions.",False
OSS-41-015,09-growth-governance-and-sustainability,41-governance-and-decision-making,lead,beginner,A community member | A maintainer | A working-group lead | A project sponsor,"Resolving overlap between two working groups, while the decision affects contributors who were not consulted.",False
OSS-41-016,09-growth-governance-and-sustainability,41-governance-and-decision-making,lead,beginner,A community member | A maintainer | A working-group lead | A project sponsor,"Documenting authority for emergency project decisions, while there is no documented appeal or escalation path.",False
OSS-41-017,09-growth-governance-and-sustainability,41-governance-and-decision-making,lead,beginner,A community member | A maintainer | A working-group lead | A project sponsor,"Challenging a practice that differs from written governance, while participants have unequal access to synchronous discussions.",False
OSS-41-018,09-growth-governance-and-sustainability,41-governance-and-decision-making,lead,beginner,A community member | A maintainer | A working-group lead | A project sponsor,"Adding a new maintainer through an unclear nomination process, while the decision affects contributors who were not consulted.",False
OSS-41-019,09-growth-governance-and-sustainability,41-governance-and-decision-making,lead,beginner,A community member | A maintainer | A working-group lead | A project sponsor,"Separating employer interests from community project priorities, while there is no documented appeal or escalation path.",False
OSS-41-020,09-growth-governance-and-sustainability,41-governance-and-decision-making,lead,beginner,A community member | A maintainer | A working-group lead | A project sponsor,"Planning leadership succession for a critical subproject, while participants have unequal access to synchronous discussions.",False
OSS-41-021,09-growth-governance-and-sustainability,41-governance-and-decision-making,lead,intermediate,A community member | A maintainer | A working-group lead | A project sponsor,"Finding where the project records binding technical decisions, while a small number of companies employ most maintainers.",False
OSS-41-022,09-growth-governance-and-sustainability,41-governance-and-decision-making,lead,intermediate,A community member | A maintainer | A working-group lead | A project sponsor,"Proposing a governance change as the contributor base grows, while the project is under time pressure from a security incident.",False
OSS-41-023,09-growth-governance-and-sustainability,41-governance-and-decision-making,lead,intermediate,A community member | A maintainer | A working-group lead | A project sponsor,"Participating in a vote without understanding quorum rules, while the governance document has not kept pace with practice.",False
OSS-41-024,09-growth-governance-and-sustainability,41-governance-and-decision-making,lead,intermediate,A community member | A maintainer | A working-group lead | A project sponsor,"Handling a decision made by consensus after prolonged disagreement, while a small number of companies employ most maintainers.",False
OSS-41-025,09-growth-governance-and-sustainability,41-governance-and-decision-making,lead,intermediate,A community member | A maintainer | A working-group lead | A project sponsor,"Resolving overlap between two working groups, while the project is under time pressure from a security incident.",False
OSS-41-026,09-growth-governance-and-sustainability,41-governance-and-decision-making,lead,intermediate,A community member | A maintainer | A working-group lead | A project sponsor,"Documenting authority for emergency project decisions, while the governance document has not kept pace with practice.",False
OSS-41-027,09-growth-governance-and-sustainability,41-governance-and-decision-making,lead,intermediate,A community member | A maintainer | A working-group lead | A project sponsor,"Challenging a practice that differs from written governance, while a small number of companies employ most maintainers.",False
OSS-41-028,09-growth-governance-and-sustainability,41-governance-and-decision-making,lead,intermediate,A community member | A maintainer | A working-group lead | A project sponsor,"Adding a new maintainer through an unclear nomination process, while the project is under time pressure from a security incident.",False
OSS-41-029,09-growth-governance-and-sustainability,41-governance-and-decision-making,lead,intermediate,A community member | A maintainer | A working-group lead | A project sponsor,"Separating employer interests from community project priorities, while the governance document has not kept pace with practice.",False
OSS-41-030,09-growth-governance-and-sustainability,41-governance-and-decision-making,lead,intermediate,A community member | A maintainer | A working-group lead | A project sponsor,"Planning leadership succession for a critical subproject, while a small number of companies employ most maintainers.",False
OSS-41-031,09-growth-governance-and-sustainability,41-governance-and-decision-making,lead,intermediate,A community member | A maintainer | A working-group lead | A project sponsor,"Finding where the project records binding technical decisions, while the decision affects contributors who were not consulted.",False
OSS-41-032,09-growth-governance-and-sustainability,41-governance-and-decision-making,lead,intermediate,A community member | A maintainer | A working-group lead | A project sponsor,"Proposing a governance change as the contributor base grows, while there is no documented appeal or escalation path.",False
OSS-41-033,09-growth-governance-and-sustainability,41-governance-and-decision-making,lead,intermediate,A community member | A maintainer | A working-group lead | A project sponsor,"Participating in a vote without understanding quorum rules, while participants have unequal access to synchronous discussions.",False
OSS-41-034,09-growth-governance-and-sustainability,41-governance-and-decision-making,lead,intermediate,A community member | A maintainer | A working-group lead | A project sponsor,"Handling a decision made by consensus after prolonged disagreement, while the decision affects contributors who were not consulted.",False
OSS-41-035,09-growth-governance-and-sustainability,41-governance-and-decision-making,lead,intermediate,A community member | A maintainer | A working-group lead | A project sponsor,"Resolving overlap between two working groups, while there is no documented appeal or escalation path.",False
OSS-41-036,09-growth-governance-and-sustainability,41-governance-and-decision-making,lead,intermediate,A community member | A maintainer | A working-group lead | A project sponsor,"Documenting authority for emergency project decisions, while participants have unequal access to synchronous discussions.",False
OSS-41-037,09-growth-governance-and-sustainability,41-governance-and-decision-making,lead,intermediate,A community member | A maintainer | A working-group lead | A project sponsor,"Challenging a practice that differs from written governance, while the decision affects contributors who were not consulted.",False
OSS-41-038,09-growth-governance-and-sustainability,41-governance-and-decision-making,lead,intermediate,A community member | A maintainer | A working-group lead | A project sponsor,"Adding a new maintainer through an unclear nomination process, while there is no documented appeal or escalation path.",False
OSS-41-039,09-growth-governance-and-sustainability,41-governance-and-decision-making,lead,intermediate,A community member | A maintainer | A working-group lead | A project sponsor,"Separating employer interests from community project priorities, while participants have unequal access to synchronous discussions.",False
OSS-41-040,09-growth-governance-and-sustainability,41-governance-and-decision-making,lead,intermediate,A community member | A maintainer | A working-group lead | A project sponsor,"Planning leadership succession for a critical subproject, while the decision affects contributors who were not consulted.",False
OSS-41-041,09-growth-governance-and-sustainability,41-governance-and-decision-making,lead,advanced,A community member | A maintainer | A working-group lead | A project sponsor,"Finding where the project records binding technical decisions, while the project is under time pressure from a security incident.",False
OSS-41-042,09-growth-governance-and-sustainability,41-governance-and-decision-making,lead,advanced,A community member | A maintainer | A working-group lead | A project sponsor,"Proposing a governance change as the contributor base grows, while the governance document has not kept pace with practice.",False
OSS-41-043,09-growth-governance-and-sustainability,41-governance-and-decision-making,lead,advanced,A community member | A maintainer | A working-group lead | A project sponsor,"Participating in a vote without understanding quorum rules, while a small number of companies employ most maintainers.",False
OSS-41-044,09-growth-governance-and-sustainability,41-governance-and-decision-making,lead,advanced,A community member | A maintainer | A working-group lead | A project sponsor,"Handling a decision made by consensus after prolonged disagreement, while the project is under time pressure from a security incident.",False
OSS-41-045,09-growth-governance-and-sustainability,41-governance-and-decision-making,lead,advanced,A community member | A maintainer | A working-group lead | A project sponsor,"Resolving overlap between two working groups, while the governance document has not kept pace with practice.",False
OSS-41-046,09-growth-governance-and-sustainability,41-governance-and-decision-making,lead,advanced,A community member | A maintainer | A working-group lead | A project sponsor,"Documenting authority for emergency project decisions, while a small number of companies employ most maintainers.",False
OSS-41-047,09-growth-governance-and-sustainability,41-governance-and-decision-making,lead,advanced,A community member | A maintainer | A working-group lead | A project sponsor,"Challenging a practice that differs from written governance, while the project is under time pressure from a security incident.",False
OSS-41-048,09-growth-governance-and-sustainability,41-governance-and-decision-making,lead,advanced,A community member | A maintainer | A working-group lead | A project sponsor,"Adding a new maintainer through an unclear nomination process, while the governance document has not kept pace with practice.",False
OSS-41-049,09-growth-governance-and-sustainability,41-governance-and-decision-making,lead,advanced,A community member | A maintainer | A working-group lead | A project sponsor,"Separating employer interests from community project priorities, while a small number of companies employ most maintainers.",False
OSS-41-050,09-growth-governance-and-sustainability,41-governance-and-decision-making,lead,advanced,A community member | A maintainer | A working-group lead | A project sponsor,"Planning leadership succession for a critical subproject, while the project is under time pressure from a security incident.",False
OSS-42-001,09-growth-governance-and-sustainability,42-releases-backports-and-deprecations,maintain,beginner,A release contributor | A maintainer | A patch author | A documentation contributor,"Preparing a release candidate from a busy default branch, while the fix depends on code absent from older branches.",False
OSS-42-002,09-growth-governance-and-sustainability,42-releases-backports-and-deprecations,maintain,beginner,A release contributor | A maintainer | A patch author | A documentation contributor,"Backporting a bug fix to several maintained versions, while downstream users rely on undocumented behavior.",False
OSS-42-003,09-growth-governance-and-sustainability,42-releases-backports-and-deprecations,maintain,beginner,A release contributor | A maintainer | A patch author | A documentation contributor,"Deciding whether a change belongs in the current release, while the security details cannot yet be public.",False
OSS-42-004,09-growth-governance-and-sustainability,42-releases-backports-and-deprecations,maintain,beginner,A release contributor | A maintainer | A patch author | A documentation contributor,"Writing release notes for user-visible behavior changes, while the fix depends on code absent from older branches.",False
OSS-42-005,09-growth-governance-and-sustainability,42-releases-backports-and-deprecations,maintain,beginner,A release contributor | A maintainer | A patch author | A documentation contributor,"Deprecating an API before removing it in a future version, while downstream users rely on undocumented behavior.",False
OSS-42-006,09-growth-governance-and-sustainability,42-releases-backports-and-deprecations,maintain,beginner,A release contributor | A maintainer | A patch author | A documentation contributor,"Handling a release blocked by one failing platform test, while the security details cannot yet be public.",False
OSS-42-007,09-growth-governance-and-sustainability,42-releases-backports-and-deprecations,maintain,beginner,A release contributor | A maintainer | A patch author | A documentation contributor,"Reverting a merged change that destabilizes the release branch, while the fix depends on code absent from older branches.",False
OSS-42-008,09-growth-governance-and-sustainability,42-releases-backports-and-deprecations,maintain,beginner,A release contributor | A maintainer | A patch author | A documentation contributor,"Publishing a patch release for a security fix, while downstream users rely on undocumented behavior.",False
OSS-42-009,09-growth-governance-and-sustainability,42-releases-backports-and-deprecations,maintain,beginner,A release contributor | A maintainer | A patch author | A documentation contributor,"Updating upgrade documentation after a breaking change, while the security details cannot yet be public.",False
OSS-42-010,09-growth-governance-and-sustainability,42-releases-backports-and-deprecations,maintain,beginner,A release contributor | A maintainer | A patch author | A documentation contributor,"Coordinating release responsibilities across time zones, while the fix depends on code absent from older branches.",False
OSS-42-011,09-growth-governance-and-sustainability,42-releases-backports-and-deprecations,maintain,beginner,A release contributor | A maintainer | A patch author | A documentation contributor,"Preparing a release candidate from a busy default branch, while release automation uses credentials unavailable to most contributors.",False
OSS-42-012,09-growth-governance-and-sustainability,42-releases-backports-and-deprecations,maintain,beginner,A release contributor | A maintainer | A patch author | A documentation contributor,"Backporting a bug fix to several maintained versions, while the changelog contains inconsistent labels and categories.",False
OSS-42-013,09-growth-governance-and-sustainability,42-releases-backports-and-deprecations,maintain,beginner,A release contributor | A maintainer | A patch author | A documentation contributor,"Deciding whether a change belongs in the current release, while the release manager becomes unavailable near the deadline.",False
OSS-42-014,09-growth-governance-and-sustainability,42-releases-backports-and-deprecations,maintain,beginner,A release contributor | A maintainer | A patch author | A documentation contributor,"Writing release notes for user-visible behavior changes, while release automation uses credentials unavailable to most contributors.",False
OSS-42-015,09-growth-governance-and-sustainability,42-releases-backports-and-deprecations,maintain,beginner,A release contributor | A maintainer | A patch author | A documentation contributor,"Deprecating an API before removing it in a future version, while the changelog contains inconsistent labels and categories.",False
OSS-42-016,09-growth-governance-and-sustainability,42-releases-backports-and-deprecations,maintain,beginner,A release contributor | A maintainer | A patch author | A documentation contributor,"Handling a release blocked by one failing platform test, while the release manager becomes unavailable near the deadline.",False
OSS-42-017,09-growth-governance-and-sustainability,42-releases-backports-and-deprecations,maintain,beginner,A release contributor | A maintainer | A patch author | A documentation contributor,"Reverting a merged change that destabilizes the release branch, while release automation uses credentials unavailable to most contributors.",False
OSS-42-018,09-growth-governance-and-sustainability,42-releases-backports-and-deprecations,maintain,beginner,A release contributor | A maintainer | A patch author | A documentation contributor,"Publishing a patch release for a security fix, while the changelog contains inconsistent labels and categories.",False
OSS-42-019,09-growth-governance-and-sustainability,42-releases-backports-and-deprecations,maintain,beginner,A release contributor | A maintainer | A patch author | A documentation contributor,"Updating upgrade documentation after a breaking change, while the release manager becomes unavailable near the deadline.",False
OSS-42-020,09-growth-governance-and-sustainability,42-releases-backports-and-deprecations,maintain,beginner,A release contributor | A maintainer | A patch author | A documentation contributor,"Coordinating release responsibilities across time zones, while release automation uses credentials unavailable to most contributors.",False
OSS-42-021,09-growth-governance-and-sustainability,42-releases-backports-and-deprecations,maintain,intermediate,A release contributor | A maintainer | A patch author | A documentation contributor,"Preparing a release candidate from a busy default branch, while downstream users rely on undocumented behavior.",False
OSS-42-022,09-growth-governance-and-sustainability,42-releases-backports-and-deprecations,maintain,intermediate,A release contributor | A maintainer | A patch author | A documentation contributor,"Backporting a bug fix to several maintained versions, while the security details cannot yet be public.",False
OSS-42-023,09-growth-governance-and-sustainability,42-releases-backports-and-deprecations,maintain,intermediate,A release contributor | A maintainer | A patch author | A documentation contributor,"Deciding whether a change belongs in the current release, while the fix depends on code absent from older branches.",False
OSS-42-024,09-growth-governance-and-sustainability,42-releases-backports-and-deprecations,maintain,intermediate,A release contributor | A maintainer | A patch author | A documentation contributor,"Writing release notes for user-visible behavior changes, while downstream users rely on undocumented behavior.",False
OSS-42-025,09-growth-governance-and-sustainability,42-releases-backports-and-deprecations,maintain,intermediate,A release contributor | A maintainer | A patch author | A documentation contributor,"Deprecating an API before removing it in a future version, while the security details cannot yet be public.",False
OSS-42-026,09-growth-governance-and-sustainability,42-releases-backports-and-deprecations,maintain,intermediate,A release contributor | A maintainer | A patch author | A documentation contributor,"Handling a release blocked by one failing platform test, while the fix depends on code absent from older branches.",False
OSS-42-027,09-growth-governance-and-sustainability,42-releases-backports-and-deprecations,maintain,intermediate,A release contributor | A maintainer | A patch author | A documentation contributor,"Reverting a merged change that destabilizes the release branch, while downstream users rely on undocumented behavior.",False
OSS-42-028,09-growth-governance-and-sustainability,42-releases-backports-and-deprecations,maintain,intermediate,A release contributor | A maintainer | A patch author | A documentation contributor,"Publishing a patch release for a security fix, while the security details cannot yet be public.",False
OSS-42-029,09-growth-governance-and-sustainability,42-releases-backports-and-deprecations,maintain,intermediate,A release contributor | A maintainer | A patch author | A documentation contributor,"Updating upgrade documentation after a breaking change, while the fix depends on code absent from older branches.",False
OSS-42-030,09-growth-governance-and-sustainability,42-releases-backports-and-deprecations,maintain,intermediate,A release contributor | A maintainer | A patch author | A documentation contributor,"Coordinating release responsibilities across time zones, while downstream users rely on undocumented behavior.",False
OSS-42-031,09-growth-governance-and-sustainability,42-releases-backports-and-deprecations,maintain,intermediate,A release contributor | A maintainer | A patch author | A documentation contributor,"Preparing a release candidate from a busy default branch, while the changelog contains inconsistent labels and categories.",False
OSS-42-032,09-growth-governance-and-sustainability,42-releases-backports-and-deprecations,maintain,intermediate,A release contributor | A maintainer | A patch author | A documentation contributor,"Backporting a bug fix to several maintained versions, while the release manager becomes unavailable near the deadline.",False
OSS-42-033,09-growth-governance-and-sustainability,42-releases-backports-and-deprecations,maintain,intermediate,A release contributor | A maintainer | A patch author | A documentation contributor,"Deciding whether a change belongs in the current release, while release automation uses credentials unavailable to most contributors.",False
OSS-42-034,09-growth-governance-and-sustainability,42-releases-backports-and-deprecations,maintain,intermediate,A release contributor | A maintainer | A patch author | A documentation contributor,"Writing release notes for user-visible behavior changes, while the changelog contains inconsistent labels and categories.",False
OSS-42-035,09-growth-governance-and-sustainability,42-releases-backports-and-deprecations,maintain,intermediate,A release contributor | A maintainer | A patch author | A documentation contributor,"Deprecating an API before removing it in a future version, while the release manager becomes unavailable near the deadline.",False
OSS-42-036,09-growth-governance-and-sustainability,42-releases-backports-and-deprecations,maintain,intermediate,A release contributor | A maintainer | A patch author | A documentation contributor,"Handling a release blocked by one failing platform test, while release automation uses credentials unavailable to most contributors.",False
OSS-42-037,09-growth-governance-and-sustainability,42-releases-backports-and-deprecations,maintain,intermediate,A release contributor | A maintainer | A patch author | A documentation contributor,"Reverting a merged change that destabilizes the release branch, while the changelog contains inconsistent labels and categories.",False
OSS-42-038,09-growth-governance-and-sustainability,42-releases-backports-and-deprecations,maintain,intermediate,A release contributor | A maintainer | A patch author | A documentation contributor,"Publishing a patch release for a security fix, while the release manager becomes unavailable near the deadline.",False
OSS-42-039,09-growth-governance-and-sustainability,42-releases-backports-and-deprecations,maintain,intermediate,A release contributor | A maintainer | A patch author | A documentation contributor,"Updating upgrade documentation after a breaking change, while release automation uses credentials unavailable to most contributors.",False
OSS-42-040,09-growth-governance-and-sustainability,42-releases-backports-and-deprecations,maintain,intermediate,A release contributor | A maintainer | A patch author | A documentation contributor,"Coordinating release responsibilities across time zones, while the changelog contains inconsistent labels and categories.",False
OSS-42-041,09-growth-governance-and-sustainability,42-releases-backports-and-deprecations,maintain,advanced,A release contributor | A maintainer | A patch author | A documentation contributor,"Preparing a release candidate from a busy default branch, while the security details cannot yet be public.",False
OSS-42-042,09-growth-governance-and-sustainability,42-releases-backports-and-deprecations,maintain,advanced,A release contributor | A maintainer | A patch author | A documentation contributor,"Backporting a bug fix to several maintained versions, while the fix depends on code absent from older branches.",False
OSS-42-043,09-growth-governance-and-sustainability,42-releases-backports-and-deprecations,maintain,advanced,A release contributor | A maintainer | A patch author | A documentation contributor,"Deciding whether a change belongs in the current release, while downstream users rely on undocumented behavior.",False
OSS-42-044,09-growth-governance-and-sustainability,42-releases-backports-and-deprecations,maintain,advanced,A release contributor | A maintainer | A patch author | A documentation contributor,"Writing release notes for user-visible behavior changes, while the security details cannot yet be public.",False
OSS-42-045,09-growth-governance-and-sustainability,42-releases-backports-and-deprecations,maintain,advanced,A release contributor | A maintainer | A patch author | A documentation contributor,"Deprecating an API before removing it in a future version, while the fix depends on code absent from older branches.",False
OSS-42-046,09-growth-governance-and-sustainability,42-releases-backports-and-deprecations,maintain,advanced,A release contributor | A maintainer | A patch author | A documentation contributor,"Handling a release blocked by one failing platform test, while downstream users rely on undocumented behavior.",False
OSS-42-047,09-growth-governance-and-sustainability,42-releases-backports-and-deprecations,maintain,advanced,A release contributor | A maintainer | A patch author | A documentation contributor,"Reverting a merged change that destabilizes the release branch, while the security details cannot yet be public.",False
OSS-42-048,09-growth-governance-and-sustainability,42-releases-backports-and-deprecations,maintain,advanced,A release contributor | A maintainer | A patch author | A documentation contributor,"Publishing a patch release for a security fix, while the fix depends on code absent from older branches.",False
OSS-42-049,09-growth-governance-and-sustainability,42-releases-backports-and-deprecations,maintain,advanced,A release contributor | A maintainer | A patch author | A documentation contributor,"Updating upgrade documentation after a breaking change, while downstream users rely on undocumented behavior.",False
OSS-42-050,09-growth-governance-and-sustainability,42-releases-backports-and-deprecations,maintain,advanced,A release contributor | A maintainer | A patch author | A documentation contributor,"Coordinating release responsibilities across time zones, while the security details cannot yet be public.",False
OSS-43-001,09-growth-governance-and-sustainability,43-non-code-contributions,contribute,beginner,A non-code contributor | A designer | A community volunteer | A domain expert,"Reviewing documentation for technical accuracy, while the contribution graph does not display this work.",True
OSS-43-002,09-growth-governance-and-sustainability,43-non-code-contributions,contribute,beginner,A non-code contributor | A designer | A community volunteer | A domain expert,"Triaging issues without permission to apply labels, while maintainers prioritize implementation reviews.",True
OSS-43-003,09-growth-governance-and-sustainability,43-non-code-contributions,contribute,beginner,A non-code contributor | A designer | A community volunteer | A domain expert,"Testing a release candidate and reporting results, while the value is spread across many small interactions.",True
OSS-43-004,09-growth-governance-and-sustainability,43-non-code-contributions,contribute,beginner,A non-code contributor | A designer | A community volunteer | A domain expert,"Creating diagrams that explain project architecture, while the contribution graph does not display this work.",True
OSS-43-005,09-growth-governance-and-sustainability,43-non-code-contributions,contribute,beginner,A non-code contributor | A designer | A community volunteer | A domain expert,"Organizing meeting notes into durable documentation, while maintainers prioritize implementation reviews.",True
OSS-43-006,09-growth-governance-and-sustainability,43-non-code-contributions,contribute,beginner,A non-code contributor | A designer | A community volunteer | A domain expert,"Improving examples for a specific user persona, while the value is spread across many small interactions.",True
OSS-43-007,09-growth-governance-and-sustainability,43-non-code-contributions,contribute,beginner,A non-code contributor | A designer | A community volunteer | A domain expert,"Reviewing translations in a language they know well, while the contribution graph does not display this work.",True
OSS-43-008,09-growth-governance-and-sustainability,43-non-code-contributions,contribute,beginner,A non-code contributor | A designer | A community volunteer | A domain expert,"Collecting reproducible user feedback for maintainers, while maintainers prioritize implementation reviews.",True
OSS-43-009,09-growth-governance-and-sustainability,43-non-code-contributions,contribute,beginner,A non-code contributor | A designer | A community volunteer | A domain expert,"Helping moderate a newcomer support channel, while the value is spread across many small interactions.",True
OSS-43-010,09-growth-governance-and-sustainability,43-non-code-contributions,contribute,beginner,A non-code contributor | A designer | A community volunteer | A domain expert,"Contributing project management to a cross-team milestone, while the contribution graph does not display this work.",True
OSS-43-011,09-growth-governance-and-sustainability,43-non-code-contributions,contribute,beginner,A non-code contributor | A designer | A community volunteer | A domain expert,"Reviewing documentation for technical accuracy, while the repository lacks a process for crediting non-code work.",True
OSS-43-012,09-growth-governance-and-sustainability,43-non-code-contributions,contribute,beginner,A non-code contributor | A designer | A community volunteer | A domain expert,"Triaging issues without permission to apply labels, while the task depends on access unavailable to external contributors.",True
OSS-43-013,09-growth-governance-and-sustainability,43-non-code-contributions,contribute,beginner,A non-code contributor | A designer | A community volunteer | A domain expert,"Testing a release candidate and reporting results, while the contributor is unsure how to document the impact.",True
OSS-43-014,09-growth-governance-and-sustainability,43-non-code-contributions,contribute,beginner,A non-code contributor | A designer | A community volunteer | A domain expert,"Creating diagrams that explain project architecture, while the repository lacks a process for crediting non-code work.",True
OSS-43-015,09-growth-governance-and-sustainability,43-non-code-contributions,contribute,beginner,A non-code contributor | A designer | A community volunteer | A domain expert,"Organizing meeting notes into durable documentation, while the task depends on access unavailable to external contributors.",True
OSS-43-016,09-growth-governance-and-sustainability,43-non-code-contributions,contribute,beginner,A non-code contributor | A designer | A community volunteer | A domain expert,"Improving examples for a specific user persona, while the contributor is unsure how to document the impact.",True
OSS-43-017,09-growth-governance-and-sustainability,43-non-code-contributions,contribute,beginner,A non-code contributor | A designer | A community volunteer | A domain expert,"Reviewing translations in a language they know well, while the repository lacks a process for crediting non-code work.",True
OSS-43-018,09-growth-governance-and-sustainability,43-non-code-contributions,contribute,beginner,A non-code contributor | A designer | A community volunteer | A domain expert,"Collecting reproducible user feedback for maintainers, while the task depends on access unavailable to external contributors.",True
OSS-43-019,09-growth-governance-and-sustainability,43-non-code-contributions,contribute,beginner,A non-code contributor | A designer | A community volunteer | A domain expert,"Helping moderate a newcomer support channel, while the contributor is unsure how to document the impact.",True
OSS-43-020,09-growth-governance-and-sustainability,43-non-code-contributions,contribute,beginner,A non-code contributor | A designer | A community volunteer | A domain expert,"Contributing project management to a cross-team milestone, while the repository lacks a process for crediting non-code work.",True
OSS-43-021,09-growth-governance-and-sustainability,43-non-code-contributions,contribute,intermediate,A non-code contributor | A designer | A community volunteer | A domain expert,"Reviewing documentation for technical accuracy, while maintainers prioritize implementation reviews.",True
OSS-43-022,09-growth-governance-and-sustainability,43-non-code-contributions,contribute,intermediate,A non-code contributor | A designer | A community volunteer | A domain expert,"Triaging issues without permission to apply labels, while the value is spread across many small interactions.",True
OSS-43-023,09-growth-governance-and-sustainability,43-non-code-contributions,contribute,intermediate,A non-code contributor | A designer | A community volunteer | A domain expert,"Testing a release candidate and reporting results, while the contribution graph does not display this work.",True
OSS-43-024,09-growth-governance-and-sustainability,43-non-code-contributions,contribute,intermediate,A non-code contributor | A designer | A community volunteer | A domain expert,"Creating diagrams that explain project architecture, while maintainers prioritize implementation reviews.",True
OSS-43-025,09-growth-governance-and-sustainability,43-non-code-contributions,contribute,intermediate,A non-code contributor | A designer | A community volunteer | A domain expert,"Organizing meeting notes into durable documentation, while the value is spread across many small interactions.",True
OSS-43-026,09-growth-governance-and-sustainability,43-non-code-contributions,contribute,intermediate,A non-code contributor | A designer | A community volunteer | A domain expert,"Improving examples for a specific user persona, while the contribution graph does not display this work.",True
OSS-43-027,09-growth-governance-and-sustainability,43-non-code-contributions,contribute,intermediate,A non-code contributor | A designer | A community volunteer | A domain expert,"Reviewing translations in a language they know well, while maintainers prioritize implementation reviews.",True
OSS-43-028,09-growth-governance-and-sustainability,43-non-code-contributions,contribute,intermediate,A non-code contributor | A designer | A community volunteer | A domain expert,"Collecting reproducible user feedback for maintainers, while the value is spread across many small interactions.",True
OSS-43-029,09-growth-governance-and-sustainability,43-non-code-contributions,contribute,intermediate,A non-code contributor | A designer | A community volunteer | A domain expert,"Helping moderate a newcomer support channel, while the contribution graph does not display this work.",True
OSS-43-030,09-growth-governance-and-sustainability,43-non-code-contributions,contribute,intermediate,A non-code contributor | A designer | A community volunteer | A domain expert,"Contributing project management to a cross-team milestone, while maintainers prioritize implementation reviews.",True
OSS-43-031,09-growth-governance-and-sustainability,43-non-code-contributions,contribute,intermediate,A non-code contributor | A designer | A community volunteer | A domain expert,"Reviewing documentation for technical accuracy, while the task depends on access unavailable to external contributors.",True
OSS-43-032,09-growth-governance-and-sustainability,43-non-code-contributions,contribute,intermediate,A non-code contributor | A designer | A community volunteer | A domain expert,"Triaging issues without permission to apply labels, while the contributor is unsure how to document the impact.",True
OSS-43-033,09-growth-governance-and-sustainability,43-non-code-contributions,contribute,intermediate,A non-code contributor | A designer | A community volunteer | A domain expert,"Testing a release candidate and reporting results, while the repository lacks a process for crediting non-code work.",True
OSS-43-034,09-growth-governance-and-sustainability,43-non-code-contributions,contribute,intermediate,A non-code contributor | A designer | A community volunteer | A domain expert,"Creating diagrams that explain project architecture, while the task depends on access unavailable to external contributors.",True
OSS-43-035,09-growth-governance-and-sustainability,43-non-code-contributions,contribute,intermediate,A non-code contributor | A designer | A community volunteer | A domain expert,"Organizing meeting notes into durable documentation, while the contributor is unsure how to document the impact.",True
OSS-43-036,09-growth-governance-and-sustainability,43-non-code-contributions,contribute,intermediate,A non-code contributor | A designer | A community volunteer | A domain expert,"Improving examples for a specific user persona, while the repository lacks a process for crediting non-code work.",True
OSS-43-037,09-growth-governance-and-sustainability,43-non-code-contributions,contribute,intermediate,A non-code contributor | A designer | A community volunteer | A domain expert,"Reviewing translations in a language they know well, while the task depends on access unavailable to external contributors.",True
OSS-43-038,09-growth-governance-and-sustainability,43-non-code-contributions,contribute,intermediate,A non-code contributor | A designer | A community volunteer | A domain expert,"Collecting reproducible user feedback for maintainers, while the contributor is unsure how to document the impact.",True
OSS-43-039,09-growth-governance-and-sustainability,43-non-code-contributions,contribute,intermediate,A non-code contributor | A designer | A community volunteer | A domain expert,"Helping moderate a newcomer support channel, while the repository lacks a process for crediting non-code work.",True
OSS-43-040,09-growth-governance-and-sustainability,43-non-code-contributions,contribute,intermediate,A non-code contributor | A designer | A community volunteer | A domain expert,"Contributing project management to a cross-team milestone, while the task depends on access unavailable to external contributors.",True
OSS-43-041,09-growth-governance-and-sustainability,43-non-code-contributions,contribute,advanced,A non-code contributor | A designer | A community volunteer | A domain expert,"Reviewing documentation for technical accuracy, while the value is spread across many small interactions.",True
OSS-43-042,09-growth-governance-and-sustainability,43-non-code-contributions,contribute,advanced,A non-code contributor | A designer | A community volunteer | A domain expert,"Triaging issues without permission to apply labels, while the contribution graph does not display this work.",True
OSS-43-043,09-growth-governance-and-sustainability,43-non-code-contributions,contribute,advanced,A non-code contributor | A designer | A community volunteer | A domain expert,"Testing a release candidate and reporting results, while maintainers prioritize implementation reviews.",True
OSS-43-044,09-growth-governance-and-sustainability,43-non-code-contributions,contribute,advanced,A non-code contributor | A designer | A community volunteer | A domain expert,"Creating diagrams that explain project architecture, while the value is spread across many small interactions.",True
OSS-43-045,09-growth-governance-and-sustainability,43-non-code-contributions,contribute,advanced,A non-code contributor | A designer | A community volunteer | A domain expert,"Organizing meeting notes into durable documentation, while the contribution graph does not display this work.",True
OSS-43-046,09-growth-governance-and-sustainability,43-non-code-contributions,contribute,advanced,A non-code contributor | A designer | A community volunteer | A domain expert,"Improving examples for a specific user persona, while maintainers prioritize implementation reviews.",True
OSS-43-047,09-growth-governance-and-sustainability,43-non-code-contributions,contribute,advanced,A non-code contributor | A designer | A community volunteer | A domain expert,"Reviewing translations in a language they know well, while the value is spread across many small interactions.",True
OSS-43-048,09-growth-governance-and-sustainability,43-non-code-contributions,contribute,advanced,A non-code contributor | A designer | A community volunteer | A domain expert,"Collecting reproducible user feedback for maintainers, while the contribution graph does not display this work.",True
OSS-43-049,09-growth-governance-and-sustainability,43-non-code-contributions,contribute,advanced,A non-code contributor | A designer | A community volunteer | A domain expert,"Helping moderate a newcomer support channel, while maintainers prioritize implementation reviews.",True
OSS-43-050,09-growth-governance-and-sustainability,43-non-code-contributions,contribute,advanced,A non-code contributor | A designer | A community volunteer | A domain expert,"Contributing project management to a cross-team milestone, while the value is spread across many small interactions.",True
OSS-44-001,09-growth-governance-and-sustainability,44-career-portfolio-and-reputation,grow,beginner,A student contributor | A job seeker | A regular contributor | A mentorship applicant,"Describing open-source impact without reducing it to pull request counts, while GitHub metrics omit important community work.",True
OSS-44-002,09-growth-governance-and-sustainability,44-career-portfolio-and-reputation,grow,beginner,A student contributor | A job seeker | A regular contributor | A mentorship applicant,"Including an unmerged but substantial contribution in a portfolio, while the project later archived or rewrote the relevant repository.",True
OSS-44-003,09-growth-governance-and-sustainability,44-career-portfolio-and-reputation,grow,beginner,A student contributor | A job seeker | A regular contributor | A mentorship applicant,"Explaining review and triage work on a resume, while the contributor has many small changes but little ownership.",True
OSS-44-004,09-growth-governance-and-sustainability,44-career-portfolio-and-reputation,grow,beginner,A student contributor | A job seeker | A regular contributor | A mentorship applicant,"Claiming project involvement without implying formal membership, while GitHub metrics omit important community work.",True
OSS-44-005,09-growth-governance-and-sustainability,44-career-portfolio-and-reputation,grow,beginner,A student contributor | A job seeker | A regular contributor | A mentorship applicant,"Selecting public contributions for a technical interview, while the project later archived or rewrote the relevant repository.",True
OSS-44-006,09-growth-governance-and-sustainability,44-career-portfolio-and-reputation,grow,beginner,A student contributor | A job seeker | A regular contributor | A mentorship applicant,"Showing long-term community participation alongside code changes, while the contributor has many small changes but little ownership.",True
OSS-44-007,09-growth-governance-and-sustainability,44-career-portfolio-and-reputation,grow,beginner,A student contributor | A job seeker | A regular contributor | A mentorship applicant,"Describing collaborative work where authorship is shared, while GitHub metrics omit important community work.",True
OSS-44-008,09-growth-governance-and-sustainability,44-career-portfolio-and-reputation,grow,beginner,A student contributor | A job seeker | A regular contributor | A mentorship applicant,"Handling a public mistake visible in repository history, while the project later archived or rewrote the relevant repository.",True
OSS-44-009,09-growth-governance-and-sustainability,44-career-portfolio-and-reputation,grow,beginner,A student contributor | A job seeker | A regular contributor | A mentorship applicant,"Balancing personal branding with community-centered contribution, while the contributor has many small changes but little ownership.",True
OSS-44-010,09-growth-governance-and-sustainability,44-career-portfolio-and-reputation,grow,beginner,A student contributor | A job seeker | A regular contributor | A mentorship applicant,"Verifying contribution claims made by an applicant, while GitHub metrics omit important community work.",True
OSS-44-011,09-growth-governance-and-sustainability,44-career-portfolio-and-reputation,grow,beginner,A student contributor | A job seeker | A regular contributor | A mentorship applicant,"Describing open-source impact without reducing it to pull request counts, while the contribution was made through another account or employer.",True
OSS-44-012,09-growth-governance-and-sustainability,44-career-portfolio-and-reputation,grow,beginner,A student contributor | A job seeker | A regular contributor | A mentorship applicant,"Including an unmerged but substantial contribution in a portfolio, while review feedback reveals more learning than the final diff.",True
OSS-44-013,09-growth-governance-and-sustainability,44-career-portfolio-and-reputation,grow,beginner,A student contributor | A job seeker | A regular contributor | A mentorship applicant,"Explaining review and triage work on a resume, while a public profile contains outdated role descriptions.",True
OSS-44-014,09-growth-governance-and-sustainability,44-career-portfolio-and-reputation,grow,beginner,A student contributor | A job seeker | A regular contributor | A mentorship applicant,"Claiming project involvement without implying formal membership, while the contribution was made through another account or employer.",True
OSS-44-015,09-growth-governance-and-sustainability,44-career-portfolio-and-reputation,grow,beginner,A student contributor | A job seeker | A regular contributor | A mentorship applicant,"Selecting public contributions for a technical interview, while review feedback reveals more learning than the final diff.",True
OSS-44-016,09-growth-governance-and-sustainability,44-career-portfolio-and-reputation,grow,beginner,A student contributor | A job seeker | A regular contributor | A mentorship applicant,"Showing long-term community participation alongside code changes, while a public profile contains outdated role descriptions.",True
OSS-44-017,09-growth-governance-and-sustainability,44-career-portfolio-and-reputation,grow,beginner,A student contributor | A job seeker | A regular contributor | A mentorship applicant,"Describing collaborative work where authorship is shared, while the contribution was made through another account or employer.",True
OSS-44-018,09-growth-governance-and-sustainability,44-career-portfolio-and-reputation,grow,beginner,A student contributor | A job seeker | A regular contributor | A mentorship applicant,"Handling a public mistake visible in repository history, while review feedback reveals more learning than the final diff.",True
OSS-44-019,09-growth-governance-and-sustainability,44-career-portfolio-and-reputation,grow,beginner,A student contributor | A job seeker | A regular contributor | A mentorship applicant,"Balancing personal branding with community-centered contribution, while a public profile contains outdated role descriptions.",True
OSS-44-020,09-growth-governance-and-sustainability,44-career-portfolio-and-reputation,grow,beginner,A student contributor | A job seeker | A regular contributor | A mentorship applicant,"Verifying contribution claims made by an applicant, while the contribution was made through another account or employer.",True
OSS-44-021,09-growth-governance-and-sustainability,44-career-portfolio-and-reputation,grow,intermediate,A student contributor | A job seeker | A regular contributor | A mentorship applicant,"Describing open-source impact without reducing it to pull request counts, while the project later archived or rewrote the relevant repository.",True
OSS-44-022,09-growth-governance-and-sustainability,44-career-portfolio-and-reputation,grow,intermediate,A student contributor | A job seeker | A regular contributor | A mentorship applicant,"Including an unmerged but substantial contribution in a portfolio, while the contributor has many small changes but little ownership.",True
OSS-44-023,09-growth-governance-and-sustainability,44-career-portfolio-and-reputation,grow,intermediate,A student contributor | A job seeker | A regular contributor | A mentorship applicant,"Explaining review and triage work on a resume, while GitHub metrics omit important community work.",True
OSS-44-024,09-growth-governance-and-sustainability,44-career-portfolio-and-reputation,grow,intermediate,A student contributor | A job seeker | A regular contributor | A mentorship applicant,"Claiming project involvement without implying formal membership, while the project later archived or rewrote the relevant repository.",True
OSS-44-025,09-growth-governance-and-sustainability,44-career-portfolio-and-reputation,grow,intermediate,A student contributor | A job seeker | A regular contributor | A mentorship applicant,"Selecting public contributions for a technical interview, while the contributor has many small changes but little ownership.",True
OSS-44-026,09-growth-governance-and-sustainability,44-career-portfolio-and-reputation,grow,intermediate,A student contributor | A job seeker | A regular contributor | A mentorship applicant,"Showing long-term community participation alongside code changes, while GitHub metrics omit important community work.",True
OSS-44-027,09-growth-governance-and-sustainability,44-career-portfolio-and-reputation,grow,intermediate,A student contributor | A job seeker | A regular contributor | A mentorship applicant,"Describing collaborative work where authorship is shared, while the project later archived or rewrote the relevant repository.",True
OSS-44-028,09-growth-governance-and-sustainability,44-career-portfolio-and-reputation,grow,intermediate,A student contributor | A job seeker | A regular contributor | A mentorship applicant,"Handling a public mistake visible in repository history, while the contributor has many small changes but little ownership.",True
OSS-44-029,09-growth-governance-and-sustainability,44-career-portfolio-and-reputation,grow,intermediate,A student contributor | A job seeker | A regular contributor | A mentorship applicant,"Balancing personal branding with community-centered contribution, while GitHub metrics omit important community work.",True
OSS-44-030,09-growth-governance-and-sustainability,44-career-portfolio-and-reputation,grow,intermediate,A student contributor | A job seeker | A regular contributor | A mentorship applicant,"Verifying contribution claims made by an applicant, while the project later archived or rewrote the relevant repository.",True
OSS-44-031,09-growth-governance-and-sustainability,44-career-portfolio-and-reputation,grow,intermediate,A student contributor | A job seeker | A regular contributor | A mentorship applicant,"Describing open-source impact without reducing it to pull request counts, while review feedback reveals more learning than the final diff.",True
OSS-44-032,09-growth-governance-and-sustainability,44-career-portfolio-and-reputation,grow,intermediate,A student contributor | A job seeker | A regular contributor | A mentorship applicant,"Including an unmerged but substantial contribution in a portfolio, while a public profile contains outdated role descriptions.",True
OSS-44-033,09-growth-governance-and-sustainability,44-career-portfolio-and-reputation,grow,intermediate,A student contributor | A job seeker | A regular contributor | A mentorship applicant,"Explaining review and triage work on a resume, while the contribution was made through another account or employer.",True
OSS-44-034,09-growth-governance-and-sustainability,44-career-portfolio-and-reputation,grow,intermediate,A student contributor | A job seeker | A regular contributor | A mentorship applicant,"Claiming project involvement without implying formal membership, while review feedback reveals more learning than the final diff.",True
OSS-44-035,09-growth-governance-and-sustainability,44-career-portfolio-and-reputation,grow,intermediate,A student contributor | A job seeker | A regular contributor | A mentorship applicant,"Selecting public contributions for a technical interview, while a public profile contains outdated role descriptions.",True
OSS-44-036,09-growth-governance-and-sustainability,44-career-portfolio-and-reputation,grow,intermediate,A student contributor | A job seeker | A regular contributor | A mentorship applicant,"Showing long-term community participation alongside code changes, while the contribution was made through another account or employer.",True
OSS-44-037,09-growth-governance-and-sustainability,44-career-portfolio-and-reputation,grow,intermediate,A student contributor | A job seeker | A regular contributor | A mentorship applicant,"Describing collaborative work where authorship is shared, while review feedback reveals more learning than the final diff.",True
OSS-44-038,09-growth-governance-and-sustainability,44-career-portfolio-and-reputation,grow,intermediate,A student contributor | A job seeker | A regular contributor | A mentorship applicant,"Handling a public mistake visible in repository history, while a public profile contains outdated role descriptions.",True
OSS-44-039,09-growth-governance-and-sustainability,44-career-portfolio-and-reputation,grow,intermediate,A student contributor | A job seeker | A regular contributor | A mentorship applicant,"Balancing personal branding with community-centered contribution, while the contribution was made through another account or employer.",True
OSS-44-040,09-growth-governance-and-sustainability,44-career-portfolio-and-reputation,grow,intermediate,A student contributor | A job seeker | A regular contributor | A mentorship applicant,"Verifying contribution claims made by an applicant, while review feedback reveals more learning than the final diff.",True
OSS-44-041,09-growth-governance-and-sustainability,44-career-portfolio-and-reputation,grow,advanced,A student contributor | A job seeker | A regular contributor | A mentorship applicant,"Describing open-source impact without reducing it to pull request counts, while the contributor has many small changes but little ownership.",True
OSS-44-042,09-growth-governance-and-sustainability,44-career-portfolio-and-reputation,grow,advanced,A student contributor | A job seeker | A regular contributor | A mentorship applicant,"Including an unmerged but substantial contribution in a portfolio, while GitHub metrics omit important community work.",True
OSS-44-043,09-growth-governance-and-sustainability,44-career-portfolio-and-reputation,grow,advanced,A student contributor | A job seeker | A regular contributor | A mentorship applicant,"Explaining review and triage work on a resume, while the project later archived or rewrote the relevant repository.",True
OSS-44-044,09-growth-governance-and-sustainability,44-career-portfolio-and-reputation,grow,advanced,A student contributor | A job seeker | A regular contributor | A mentorship applicant,"Claiming project involvement without implying formal membership, while the contributor has many small changes but little ownership.",True
OSS-44-045,09-growth-governance-and-sustainability,44-career-portfolio-and-reputation,grow,advanced,A student contributor | A job seeker | A regular contributor | A mentorship applicant,"Selecting public contributions for a technical interview, while GitHub metrics omit important community work.",True
OSS-44-046,09-growth-governance-and-sustainability,44-career-portfolio-and-reputation,grow,advanced,A student contributor | A job seeker | A regular contributor | A mentorship applicant,"Showing long-term community participation alongside code changes, while the project later archived or rewrote the relevant repository.",True
OSS-44-047,09-growth-governance-and-sustainability,44-career-portfolio-and-reputation,grow,advanced,A student contributor | A job seeker | A regular contributor | A mentorship applicant,"Describing collaborative work where authorship is shared, while the contributor has many small changes but little ownership.",True
OSS-44-048,09-growth-governance-and-sustainability,44-career-portfolio-and-reputation,grow,advanced,A student contributor | A job seeker | A regular contributor | A mentorship applicant,"Handling a public mistake visible in repository history, while GitHub metrics omit important community work.",True
OSS-44-049,09-growth-governance-and-sustainability,44-career-portfolio-and-reputation,grow,advanced,A student contributor | A job seeker | A regular contributor | A mentorship applicant,"Balancing personal branding with community-centered contribution, while the project later archived or rewrote the relevant repository.",True
OSS-44-050,09-growth-governance-and-sustainability,44-career-portfolio-and-reputation,grow,advanced,A student contributor | A job seeker | A regular contributor | A mentorship applicant,"Verifying contribution claims made by an applicant, while the contributor has many small changes but little ownership.",True
OSS-45-001,09-growth-governance-and-sustainability,45-time-management-burnout-and-boundaries,sustain,beginner,A volunteer contributor | A student | A maintainer | A mentor,"Balancing open-source work with exams or employment, while other work depends on their unfinished contribution.",True
OSS-45-002,09-growth-governance-and-sustainability,45-time-management-burnout-and-boundaries,sustain,beginner,A volunteer contributor | A student | A maintainer | A mentor,"Reducing commitments after accepting several issues, while they feel pressure to maintain a visible contribution streak.",True
OSS-45-003,09-growth-governance-and-sustainability,45-time-management-burnout-and-boundaries,sustain,beginner,A volunteer contributor | A student | A maintainer | A mentor,"Communicating that a task will miss its expected date, while their availability changes with little notice.",True
OSS-45-004,09-growth-governance-and-sustainability,45-time-management-burnout-and-boundaries,sustain,beginner,A volunteer contributor | A student | A maintainer | A mentor,"Deciding whether to pause contributions during burnout, while other work depends on their unfinished contribution.",True
OSS-45-005,09-growth-governance-and-sustainability,45-time-management-burnout-and-boundaries,sustain,beginner,A volunteer contributor | A student | A maintainer | A mentor,"Setting boundaries around direct support requests, while they feel pressure to maintain a visible contribution streak.",True
OSS-45-006,09-growth-governance-and-sustainability,45-time-management-burnout-and-boundaries,sustain,beginner,A volunteer contributor | A student | A maintainer | A mentor,"Returning to a community after a long personal absence, while their availability changes with little notice.",True
OSS-45-007,09-growth-governance-and-sustainability,45-time-management-burnout-and-boundaries,sustain,beginner,A volunteer contributor | A student | A maintainer | A mentor,"Sharing maintenance duties that have concentrated on one person, while other work depends on their unfinished contribution.",True
OSS-45-008,09-growth-governance-and-sustainability,45-time-management-burnout-and-boundaries,sustain,beginner,A volunteer contributor | A student | A maintainer | A mentor,"Ending a mentorship relationship when capacity changes, while they feel pressure to maintain a visible contribution streak.",True
OSS-45-009,09-growth-governance-and-sustainability,45-time-management-burnout-and-boundaries,sustain,beginner,A volunteer contributor | A student | A maintainer | A mentor,"Choosing depth in one project over activity in many repositories, while their availability changes with little notice.",True
OSS-45-010,09-growth-governance-and-sustainability,45-time-management-burnout-and-boundaries,sustain,beginner,A volunteer contributor | A student | A maintainer | A mentor,"Planning sustainable contribution without external program deadlines, while other work depends on their unfinished contribution.",True
OSS-45-011,09-growth-governance-and-sustainability,45-time-management-burnout-and-boundaries,sustain,beginner,A volunteer contributor | A student | A maintainer | A mentor,"Balancing open-source work with exams or employment, while community expectations were never explicitly discussed.",True
OSS-45-012,09-growth-governance-and-sustainability,45-time-management-burnout-and-boundaries,sustain,beginner,A volunteer contributor | A student | A maintainer | A mentor,"Reducing commitments after accepting several issues, while no backup maintainer understands the same component.",True
OSS-45-013,09-growth-governance-and-sustainability,45-time-management-burnout-and-boundaries,sustain,beginner,A volunteer contributor | A student | A maintainer | A mentor,"Communicating that a task will miss its expected date, while the project treats volunteer response as guaranteed support.",True
OSS-45-014,09-growth-governance-and-sustainability,45-time-management-burnout-and-boundaries,sustain,beginner,A volunteer contributor | A student | A maintainer | A mentor,"Deciding whether to pause contributions during burnout, while community expectations were never explicitly discussed.",True
OSS-45-015,09-growth-governance-and-sustainability,45-time-management-burnout-and-boundaries,sustain,beginner,A volunteer contributor | A student | A maintainer | A mentor,"Setting boundaries around direct support requests, while no backup maintainer understands the same component.",True
OSS-45-016,09-growth-governance-and-sustainability,45-time-management-burnout-and-boundaries,sustain,beginner,A volunteer contributor | A student | A maintainer | A mentor,"Returning to a community after a long personal absence, while the project treats volunteer response as guaranteed support.",True
OSS-45-017,09-growth-governance-and-sustainability,45-time-management-burnout-and-boundaries,sustain,beginner,A volunteer contributor | A student | A maintainer | A mentor,"Sharing maintenance duties that have concentrated on one person, while community expectations were never explicitly discussed.",True
OSS-45-018,09-growth-governance-and-sustainability,45-time-management-burnout-and-boundaries,sustain,beginner,A volunteer contributor | A student | A maintainer | A mentor,"Ending a mentorship relationship when capacity changes, while no backup maintainer understands the same component.",True
OSS-45-019,09-growth-governance-and-sustainability,45-time-management-burnout-and-boundaries,sustain,beginner,A volunteer contributor | A student | A maintainer | A mentor,"Choosing depth in one project over activity in many repositories, while the project treats volunteer response as guaranteed support.",True
OSS-45-020,09-growth-governance-and-sustainability,45-time-management-burnout-and-boundaries,sustain,beginner,A volunteer contributor | A student | A maintainer | A mentor,"Planning sustainable contribution without external program deadlines, while community expectations were never explicitly discussed.",True
OSS-45-021,09-growth-governance-and-sustainability,45-time-management-burnout-and-boundaries,sustain,intermediate,A volunteer contributor | A student | A maintainer | A mentor,"Balancing open-source work with exams or employment, while they feel pressure to maintain a visible contribution streak.",True
OSS-45-022,09-growth-governance-and-sustainability,45-time-management-burnout-and-boundaries,sustain,intermediate,A volunteer contributor | A student | A maintainer | A mentor,"Reducing commitments after accepting several issues, while their availability changes with little notice.",True
OSS-45-023,09-growth-governance-and-sustainability,45-time-management-burnout-and-boundaries,sustain,intermediate,A volunteer contributor | A student | A maintainer | A mentor,"Communicating that a task will miss its expected date, while other work depends on their unfinished contribution.",True
OSS-45-024,09-growth-governance-and-sustainability,45-time-management-burnout-and-boundaries,sustain,intermediate,A volunteer contributor | A student | A maintainer | A mentor,"Deciding whether to pause contributions during burnout, while they feel pressure to maintain a visible contribution streak.",True
OSS-45-025,09-growth-governance-and-sustainability,45-time-management-burnout-and-boundaries,sustain,intermediate,A volunteer contributor | A student | A maintainer | A mentor,"Setting boundaries around direct support requests, while their availability changes with little notice.",True
OSS-45-026,09-growth-governance-and-sustainability,45-time-management-burnout-and-boundaries,sustain,intermediate,A volunteer contributor | A student | A maintainer | A mentor,"Returning to a community after a long personal absence, while other work depends on their unfinished contribution.",True
OSS-45-027,09-growth-governance-and-sustainability,45-time-management-burnout-and-boundaries,sustain,intermediate,A volunteer contributor | A student | A maintainer | A mentor,"Sharing maintenance duties that have concentrated on one person, while they feel pressure to maintain a visible contribution streak.",True
OSS-45-028,09-growth-governance-and-sustainability,45-time-management-burnout-and-boundaries,sustain,intermediate,A volunteer contributor | A student | A maintainer | A mentor,"Ending a mentorship relationship when capacity changes, while their availability changes with little notice.",True
OSS-45-029,09-growth-governance-and-sustainability,45-time-management-burnout-and-boundaries,sustain,intermediate,A volunteer contributor | A student | A maintainer | A mentor,"Choosing depth in one project over activity in many repositories, while other work depends on their unfinished contribution.",True
OSS-45-030,09-growth-governance-and-sustainability,45-time-management-burnout-and-boundaries,sustain,intermediate,A volunteer contributor | A student | A maintainer | A mentor,"Planning sustainable contribution without external program deadlines, while they feel pressure to maintain a visible contribution streak.",True
OSS-45-031,09-growth-governance-and-sustainability,45-time-management-burnout-and-boundaries,sustain,intermediate,A volunteer contributor | A student | A maintainer | A mentor,"Balancing open-source work with exams or employment, while no backup maintainer understands the same component.",True
OSS-45-032,09-growth-governance-and-sustainability,45-time-management-burnout-and-boundaries,sustain,intermediate,A volunteer contributor | A student | A maintainer | A mentor,"Reducing commitments after accepting several issues, while the project treats volunteer response as guaranteed support.",True
OSS-45-033,09-growth-governance-and-sustainability,45-time-management-burnout-and-boundaries,sustain,intermediate,A volunteer contributor | A student | A maintainer | A mentor,"Communicating that a task will miss its expected date, while community expectations were never explicitly discussed.",True
OSS-45-034,09-growth-governance-and-sustainability,45-time-management-burnout-and-boundaries,sustain,intermediate,A volunteer contributor | A student | A maintainer | A mentor,"Deciding whether to pause contributions during burnout, while no backup maintainer understands the same component.",True
OSS-45-035,09-growth-governance-and-sustainability,45-time-management-burnout-and-boundaries,sustain,intermediate,A volunteer contributor | A student | A maintainer | A mentor,"Setting boundaries around direct support requests, while the project treats volunteer response as guaranteed support.",True
OSS-45-036,09-growth-governance-and-sustainability,45-time-management-burnout-and-boundaries,sustain,intermediate,A volunteer contributor | A student | A maintainer | A mentor,"Returning to a community after a long personal absence, while community expectations were never explicitly discussed.",True
OSS-45-037,09-growth-governance-and-sustainability,45-time-management-burnout-and-boundaries,sustain,intermediate,A volunteer contributor | A student | A maintainer | A mentor,"Sharing maintenance duties that have concentrated on one person, while no backup maintainer understands the same component.",True
OSS-45-038,09-growth-governance-and-sustainability,45-time-management-burnout-and-boundaries,sustain,intermediate,A volunteer contributor | A student | A maintainer | A mentor,"Ending a mentorship relationship when capacity changes, while the project treats volunteer response as guaranteed support.",True
OSS-45-039,09-growth-governance-and-sustainability,45-time-management-burnout-and-boundaries,sustain,intermediate,A volunteer contributor | A student | A maintainer | A mentor,"Choosing depth in one project over activity in many repositories, while community expectations were never explicitly discussed.",True
OSS-45-040,09-growth-governance-and-sustainability,45-time-management-burnout-and-boundaries,sustain,intermediate,A volunteer contributor | A student | A maintainer | A mentor,"Planning sustainable contribution without external program deadlines, while no backup maintainer understands the same component.",True
OSS-45-041,09-growth-governance-and-sustainability,45-time-management-burnout-and-boundaries,sustain,advanced,A volunteer contributor | A student | A maintainer | A mentor,"Balancing open-source work with exams or employment, while their availability changes with little notice.",True
OSS-45-042,09-growth-governance-and-sustainability,45-time-management-burnout-and-boundaries,sustain,advanced,A volunteer contributor | A student | A maintainer | A mentor,"Reducing commitments after accepting several issues, while other work depends on their unfinished contribution.",True
OSS-45-043,09-growth-governance-and-sustainability,45-time-management-burnout-and-boundaries,sustain,advanced,A volunteer contributor | A student | A maintainer | A mentor,"Communicating that a task will miss its expected date, while they feel pressure to maintain a visible contribution streak.",True
OSS-45-044,09-growth-governance-and-sustainability,45-time-management-burnout-and-boundaries,sustain,advanced,A volunteer contributor | A student | A maintainer | A mentor,"Deciding whether to pause contributions during burnout, while their availability changes with little notice.",True
OSS-45-045,09-growth-governance-and-sustainability,45-time-management-burnout-and-boundaries,sustain,advanced,A volunteer contributor | A student | A maintainer | A mentor,"Setting boundaries around direct support requests, while other work depends on their unfinished contribution.",True
OSS-45-046,09-growth-governance-and-sustainability,45-time-management-burnout-and-boundaries,sustain,advanced,A volunteer contributor | A student | A maintainer | A mentor,"Returning to a community after a long personal absence, while they feel pressure to maintain a visible contribution streak.",True
OSS-45-047,09-growth-governance-and-sustainability,45-time-management-burnout-and-boundaries,sustain,advanced,A volunteer contributor | A student | A maintainer | A mentor,"Sharing maintenance duties that have concentrated on one person, while their availability changes with little notice.",True
OSS-45-048,09-growth-governance-and-sustainability,45-time-management-burnout-and-boundaries,sustain,advanced,A volunteer contributor | A student | A maintainer | A mentor,"Ending a mentorship relationship when capacity changes, while other work depends on their unfinished contribution.",True
OSS-45-049,09-growth-governance-and-sustainability,45-time-management-burnout-and-boundaries,sustain,advanced,A volunteer contributor | A student | A maintainer | A mentor,"Choosing depth in one project over activity in many repositories, while they feel pressure to maintain a visible contribution streak.",True
OSS-45-050,09-growth-governance-and-sustainability,45-time-management-burnout-and-boundaries,sustain,advanced,A volunteer contributor | A student | A maintainer | A mentor,"Planning sustainable contribution without external program deadlines, while their availability changes with little notice.",True
OSS-46-001,10-advanced-engineering-and-project-lifecycle,46-api-compatibility-and-breaking-changes,contribute,beginner,An API contributor | A library maintainer | A downstream user | A reviewer,"Changing a public function used by unknown downstream projects, while the project has no formal compatibility policy.",False
OSS-46-002,10-advanced-engineering-and-project-lifecycle,46-api-compatibility-and-breaking-changes,contribute,beginner,An API contributor | A library maintainer | A downstream user | A reviewer,"Adding an optional field that affects serialized output, while generated clients lag behind the server implementation.",False
OSS-46-003,10-advanced-engineering-and-project-lifecycle,46-api-compatibility-and-breaking-changes,contribute,beginner,An API contributor | A library maintainer | A downstream user | A reviewer,"Removing behavior already marked as deprecated, while release timelines differ across related repositories.",False
OSS-46-004,10-advanced-engineering-and-project-lifecycle,46-api-compatibility-and-breaking-changes,contribute,beginner,An API contributor | A library maintainer | A downstream user | A reviewer,"Fixing a bug whose current behavior became depended upon, while the project has no formal compatibility policy.",False
OSS-46-005,10-advanced-engineering-and-project-lifecycle,46-api-compatibility-and-breaking-changes,contribute,beginner,An API contributor | A library maintainer | A downstream user | A reviewer,"Renaming a configuration option across clients and documentation, while generated clients lag behind the server implementation.",False
OSS-46-006,10-advanced-engineering-and-project-lifecycle,46-api-compatibility-and-breaking-changes,contribute,beginner,An API contributor | A library maintainer | A downstream user | A reviewer,"Introducing a new API version while supporting the old version, while release timelines differ across related repositories.",False
OSS-46-007,10-advanced-engineering-and-project-lifecycle,46-api-compatibility-and-breaking-changes,contribute,beginner,An API contributor | A library maintainer | A downstream user | A reviewer,"Changing error types or messages used by automation, while the project has no formal compatibility policy.",False
OSS-46-008,10-advanced-engineering-and-project-lifecycle,46-api-compatibility-and-breaking-changes,contribute,beginner,An API contributor | A library maintainer | A downstream user | A reviewer,"Updating a schema consumed by independently released components, while generated clients lag behind the server implementation.",False
OSS-46-009,10-advanced-engineering-and-project-lifecycle,46-api-compatibility-and-breaking-changes,contribute,beginner,An API contributor | A library maintainer | A downstream user | A reviewer,"Adding validation that rejects previously accepted input, while release timelines differ across related repositories.",False
OSS-46-010,10-advanced-engineering-and-project-lifecycle,46-api-compatibility-and-breaking-changes,contribute,beginner,An API contributor | A library maintainer | A downstream user | A reviewer,"Testing compatibility across language-specific client libraries, while the project has no formal compatibility policy.",False
OSS-46-011,10-advanced-engineering-and-project-lifecycle,46-api-compatibility-and-breaking-changes,contribute,beginner,An API contributor | A library maintainer | A downstream user | A reviewer,"Changing a public function used by unknown downstream projects, while downstream usage is only partially visible.",False
OSS-46-012,10-advanced-engineering-and-project-lifecycle,46-api-compatibility-and-breaking-changes,contribute,beginner,An API contributor | A library maintainer | A downstream user | A reviewer,"Adding an optional field that affects serialized output, while the fix improves correctness but breaks an existing workaround.",False
OSS-46-013,10-advanced-engineering-and-project-lifecycle,46-api-compatibility-and-breaking-changes,contribute,beginner,An API contributor | A library maintainer | A downstream user | A reviewer,"Removing behavior already marked as deprecated, while maintainers disagree on whether the API is public.",False
OSS-46-014,10-advanced-engineering-and-project-lifecycle,46-api-compatibility-and-breaking-changes,contribute,beginner,An API contributor | A library maintainer | A downstream user | A reviewer,"Fixing a bug whose current behavior became depended upon, while downstream usage is only partially visible.",False
OSS-46-015,10-advanced-engineering-and-project-lifecycle,46-api-compatibility-and-breaking-changes,contribute,beginner,An API contributor | A library maintainer | A downstream user | A reviewer,"Renaming a configuration option across clients and documentation, while the fix improves correctness but breaks an existing workaround.",False
OSS-46-016,10-advanced-engineering-and-project-lifecycle,46-api-compatibility-and-breaking-changes,contribute,beginner,An API contributor | A library maintainer | A downstream user | A reviewer,"Introducing a new API version while supporting the old version, while maintainers disagree on whether the API is public.",False
OSS-46-017,10-advanced-engineering-and-project-lifecycle,46-api-compatibility-and-breaking-changes,contribute,beginner,An API contributor | A library maintainer | A downstream user | A reviewer,"Changing error types or messages used by automation, while downstream usage is only partially visible.",False
OSS-46-018,10-advanced-engineering-and-project-lifecycle,46-api-compatibility-and-breaking-changes,contribute,beginner,An API contributor | A library maintainer | A downstream user | A reviewer,"Updating a schema consumed by independently released components, while the fix improves correctness but breaks an existing workaround.",False
OSS-46-019,10-advanced-engineering-and-project-lifecycle,46-api-compatibility-and-breaking-changes,contribute,beginner,An API contributor | A library maintainer | A downstream user | A reviewer,"Adding validation that rejects previously accepted input, while maintainers disagree on whether the API is public.",False
OSS-46-020,10-advanced-engineering-and-project-lifecycle,46-api-compatibility-and-breaking-changes,contribute,beginner,An API contributor | A library maintainer | A downstream user | A reviewer,"Testing compatibility across language-specific client libraries, while downstream usage is only partially visible.",False
OSS-46-021,10-advanced-engineering-and-project-lifecycle,46-api-compatibility-and-breaking-changes,contribute,intermediate,An API contributor | A library maintainer | A downstream user | A reviewer,"Changing a public function used by unknown downstream projects, while generated clients lag behind the server implementation.",False
OSS-46-022,10-advanced-engineering-and-project-lifecycle,46-api-compatibility-and-breaking-changes,contribute,intermediate,An API contributor | A library maintainer | A downstream user | A reviewer,"Adding an optional field that affects serialized output, while release timelines differ across related repositories.",False
OSS-46-023,10-advanced-engineering-and-project-lifecycle,46-api-compatibility-and-breaking-changes,contribute,intermediate,An API contributor | A library maintainer | A downstream user | A reviewer,"Removing behavior already marked as deprecated, while the project has no formal compatibility policy.",False
OSS-46-024,10-advanced-engineering-and-project-lifecycle,46-api-compatibility-and-breaking-changes,contribute,intermediate,An API contributor | A library maintainer | A downstream user | A reviewer,"Fixing a bug whose current behavior became depended upon, while generated clients lag behind the server implementation.",False
OSS-46-025,10-advanced-engineering-and-project-lifecycle,46-api-compatibility-and-breaking-changes,contribute,intermediate,An API contributor | A library maintainer | A downstream user | A reviewer,"Renaming a configuration option across clients and documentation, while release timelines differ across related repositories.",False
OSS-46-026,10-advanced-engineering-and-project-lifecycle,46-api-compatibility-and-breaking-changes,contribute,intermediate,An API contributor | A library maintainer | A downstream user | A reviewer,"Introducing a new API version while supporting the old version, while the project has no formal compatibility policy.",False
OSS-46-027,10-advanced-engineering-and-project-lifecycle,46-api-compatibility-and-breaking-changes,contribute,intermediate,An API contributor | A library maintainer | A downstream user | A reviewer,"Changing error types or messages used by automation, while generated clients lag behind the server implementation.",False
OSS-46-028,10-advanced-engineering-and-project-lifecycle,46-api-compatibility-and-breaking-changes,contribute,intermediate,An API contributor | A library maintainer | A downstream user | A reviewer,"Updating a schema consumed by independently released components, while release timelines differ across related repositories.",False
OSS-46-029,10-advanced-engineering-and-project-lifecycle,46-api-compatibility-and-breaking-changes,contribute,intermediate,An API contributor | A library maintainer | A downstream user | A reviewer,"Adding validation that rejects previously accepted input, while the project has no formal compatibility policy.",False
OSS-46-030,10-advanced-engineering-and-project-lifecycle,46-api-compatibility-and-breaking-changes,contribute,intermediate,An API contributor | A library maintainer | A downstream user | A reviewer,"Testing compatibility across language-specific client libraries, while generated clients lag behind the server implementation.",False
OSS-46-031,10-advanced-engineering-and-project-lifecycle,46-api-compatibility-and-breaking-changes,contribute,intermediate,An API contributor | A library maintainer | A downstream user | A reviewer,"Changing a public function used by unknown downstream projects, while the fix improves correctness but breaks an existing workaround.",False
OSS-46-032,10-advanced-engineering-and-project-lifecycle,46-api-compatibility-and-breaking-changes,contribute,intermediate,An API contributor | A library maintainer | A downstream user | A reviewer,"Adding an optional field that affects serialized output, while maintainers disagree on whether the API is public.",False
OSS-46-033,10-advanced-engineering-and-project-lifecycle,46-api-compatibility-and-breaking-changes,contribute,intermediate,An API contributor | A library maintainer | A downstream user | A reviewer,"Removing behavior already marked as deprecated, while downstream usage is only partially visible.",False
OSS-46-034,10-advanced-engineering-and-project-lifecycle,46-api-compatibility-and-breaking-changes,contribute,intermediate,An API contributor | A library maintainer | A downstream user | A reviewer,"Fixing a bug whose current behavior became depended upon, while the fix improves correctness but breaks an existing workaround.",False
OSS-46-035,10-advanced-engineering-and-project-lifecycle,46-api-compatibility-and-breaking-changes,contribute,intermediate,An API contributor | A library maintainer | A downstream user | A reviewer,"Renaming a configuration option across clients and documentation, while maintainers disagree on whether the API is public.",False
OSS-46-036,10-advanced-engineering-and-project-lifecycle,46-api-compatibility-and-breaking-changes,contribute,intermediate,An API contributor | A library maintainer | A downstream user | A reviewer,"Introducing a new API version while supporting the old version, while downstream usage is only partially visible.",False
OSS-46-037,10-advanced-engineering-and-project-lifecycle,46-api-compatibility-and-breaking-changes,contribute,intermediate,An API contributor | A library maintainer | A downstream user | A reviewer,"Changing error types or messages used by automation, while the fix improves correctness but breaks an existing workaround.",False
OSS-46-038,10-advanced-engineering-and-project-lifecycle,46-api-compatibility-and-breaking-changes,contribute,intermediate,An API contributor | A library maintainer | A downstream user | A reviewer,"Updating a schema consumed by independently released components, while maintainers disagree on whether the API is public.",False
OSS-46-039,10-advanced-engineering-and-project-lifecycle,46-api-compatibility-and-breaking-changes,contribute,intermediate,An API contributor | A library maintainer | A downstream user | A reviewer,"Adding validation that rejects previously accepted input, while downstream usage is only partially visible.",False
OSS-46-040,10-advanced-engineering-and-project-lifecycle,46-api-compatibility-and-breaking-changes,contribute,intermediate,An API contributor | A library maintainer | A downstream user | A reviewer,"Testing compatibility across language-specific client libraries, while the fix improves correctness but breaks an existing workaround.",False
OSS-46-041,10-advanced-engineering-and-project-lifecycle,46-api-compatibility-and-breaking-changes,contribute,advanced,An API contributor | A library maintainer | A downstream user | A reviewer,"Changing a public function used by unknown downstream projects, while release timelines differ across related repositories.",False
OSS-46-042,10-advanced-engineering-and-project-lifecycle,46-api-compatibility-and-breaking-changes,contribute,advanced,An API contributor | A library maintainer | A downstream user | A reviewer,"Adding an optional field that affects serialized output, while the project has no formal compatibility policy.",False
OSS-46-043,10-advanced-engineering-and-project-lifecycle,46-api-compatibility-and-breaking-changes,contribute,advanced,An API contributor | A library maintainer | A downstream user | A reviewer,"Removing behavior already marked as deprecated, while generated clients lag behind the server implementation.",False
OSS-46-044,10-advanced-engineering-and-project-lifecycle,46-api-compatibility-and-breaking-changes,contribute,advanced,An API contributor | A library maintainer | A downstream user | A reviewer,"Fixing a bug whose current behavior became depended upon, while release timelines differ across related repositories.",False
OSS-46-045,10-advanced-engineering-and-project-lifecycle,46-api-compatibility-and-breaking-changes,contribute,advanced,An API contributor | A library maintainer | A downstream user | A reviewer,"Renaming a configuration option across clients and documentation, while the project has no formal compatibility policy.",False
OSS-46-046,10-advanced-engineering-and-project-lifecycle,46-api-compatibility-and-breaking-changes,contribute,advanced,An API contributor | A library maintainer | A downstream user | A reviewer,"Introducing a new API version while supporting the old version, while generated clients lag behind the server implementation.",False
OSS-46-047,10-advanced-engineering-and-project-lifecycle,46-api-compatibility-and-breaking-changes,contribute,advanced,An API contributor | A library maintainer | A downstream user | A reviewer,"Changing error types or messages used by automation, while release timelines differ across related repositories.",False
OSS-46-048,10-advanced-engineering-and-project-lifecycle,46-api-compatibility-and-breaking-changes,contribute,advanced,An API contributor | A library maintainer | A downstream user | A reviewer,"Updating a schema consumed by independently released components, while the project has no formal compatibility policy.",False
OSS-46-049,10-advanced-engineering-and-project-lifecycle,46-api-compatibility-and-breaking-changes,contribute,advanced,An API contributor | A library maintainer | A downstream user | A reviewer,"Adding validation that rejects previously accepted input, while generated clients lag behind the server implementation.",False
OSS-46-050,10-advanced-engineering-and-project-lifecycle,46-api-compatibility-and-breaking-changes,contribute,advanced,An API contributor | A library maintainer | A downstream user | A reviewer,"Testing compatibility across language-specific client libraries, while release timelines differ across related repositories.",False
OSS-47-001,10-advanced-engineering-and-project-lifecycle,47-performance-reliability-and-observability,contribute,beginner,A performance contributor | A reliability engineer | A maintainer | A benchmark reviewer,"Reporting a performance regression with a reproducible benchmark, while results vary significantly between machines.",False
OSS-47-002,10-advanced-engineering-and-project-lifecycle,47-performance-reliability-and-observability,contribute,beginner,A performance contributor | A reliability engineer | A maintainer | A benchmark reviewer,"Optimizing a hot path without changing observable behavior, while the optimization reduces readability or maintainability.",False
OSS-47-003,10-advanced-engineering-and-project-lifecycle,47-performance-reliability-and-observability,contribute,beginner,A performance contributor | A reliability engineer | A maintainer | A benchmark reviewer,"Adding metrics for a failure that is difficult to diagnose, while the failure requires hours to reproduce.",False
OSS-47-004,10-advanced-engineering-and-project-lifecycle,47-performance-reliability-and-observability,contribute,beginner,A performance contributor | A reliability engineer | A maintainer | A benchmark reviewer,"Reviewing a benchmark that runs on different hardware, while results vary significantly between machines.",False
OSS-47-005,10-advanced-engineering-and-project-lifecycle,47-performance-reliability-and-observability,contribute,beginner,A performance contributor | A reliability engineer | A maintainer | A benchmark reviewer,"Reducing memory use under a realistic production workload, while the optimization reduces readability or maintainability.",False
OSS-47-006,10-advanced-engineering-and-project-lifecycle,47-performance-reliability-and-observability,contribute,beginner,A performance contributor | A reliability engineer | A maintainer | A benchmark reviewer,"Investigating a leak that appears only during long-running tests, while the failure requires hours to reproduce.",False
OSS-47-007,10-advanced-engineering-and-project-lifecycle,47-performance-reliability-and-observability,contribute,beginner,A performance contributor | A reliability engineer | A maintainer | A benchmark reviewer,"Changing retry behavior without hiding permanent failures, while results vary significantly between machines.",False
OSS-47-008,10-advanced-engineering-and-project-lifecycle,47-performance-reliability-and-observability,contribute,beginner,A performance contributor | A reliability engineer | A maintainer | A benchmark reviewer,"Adding structured logs without exposing sensitive data, while the optimization reduces readability or maintainability.",False
OSS-47-009,10-advanced-engineering-and-project-lifecycle,47-performance-reliability-and-observability,contribute,beginner,A performance contributor | A reliability engineer | A maintainer | A benchmark reviewer,"Testing reliability during partial dependency failure, while the failure requires hours to reproduce.",False
OSS-47-010,10-advanced-engineering-and-project-lifecycle,47-performance-reliability-and-observability,contribute,beginner,A performance contributor | A reliability engineer | A maintainer | A benchmark reviewer,"Comparing a simpler implementation with a faster complex version, while results vary significantly between machines.",False
OSS-47-011,10-advanced-engineering-and-project-lifecycle,47-performance-reliability-and-observability,contribute,beginner,A performance contributor | A reliability engineer | A maintainer | A benchmark reviewer,"Reporting a performance regression with a reproducible benchmark, while the production workload cannot be shared publicly.",False
OSS-47-012,10-advanced-engineering-and-project-lifecycle,47-performance-reliability-and-observability,contribute,beginner,A performance contributor | A reliability engineer | A maintainer | A benchmark reviewer,"Optimizing a hot path without changing observable behavior, while existing metrics do not isolate the relevant component.",False
OSS-47-013,10-advanced-engineering-and-project-lifecycle,47-performance-reliability-and-observability,contribute,beginner,A performance contributor | A reliability engineer | A maintainer | A benchmark reviewer,"Adding metrics for a failure that is difficult to diagnose, while the proposed threshold lacks historical baseline data.",False
OSS-47-014,10-advanced-engineering-and-project-lifecycle,47-performance-reliability-and-observability,contribute,beginner,A performance contributor | A reliability engineer | A maintainer | A benchmark reviewer,"Reviewing a benchmark that runs on different hardware, while the production workload cannot be shared publicly.",False
OSS-47-015,10-advanced-engineering-and-project-lifecycle,47-performance-reliability-and-observability,contribute,beginner,A performance contributor | A reliability engineer | A maintainer | A benchmark reviewer,"Reducing memory use under a realistic production workload, while existing metrics do not isolate the relevant component.",False
OSS-47-016,10-advanced-engineering-and-project-lifecycle,47-performance-reliability-and-observability,contribute,beginner,A performance contributor | A reliability engineer | A maintainer | A benchmark reviewer,"Investigating a leak that appears only during long-running tests, while the proposed threshold lacks historical baseline data.",False
OSS-47-017,10-advanced-engineering-and-project-lifecycle,47-performance-reliability-and-observability,contribute,beginner,A performance contributor | A reliability engineer | A maintainer | A benchmark reviewer,"Changing retry behavior without hiding permanent failures, while the production workload cannot be shared publicly.",False
OSS-47-018,10-advanced-engineering-and-project-lifecycle,47-performance-reliability-and-observability,contribute,beginner,A performance contributor | A reliability engineer | A maintainer | A benchmark reviewer,"Adding structured logs without exposing sensitive data, while existing metrics do not isolate the relevant component.",False
OSS-47-019,10-advanced-engineering-and-project-lifecycle,47-performance-reliability-and-observability,contribute,beginner,A performance contributor | A reliability engineer | A maintainer | A benchmark reviewer,"Testing reliability during partial dependency failure, while the proposed threshold lacks historical baseline data.",False
OSS-47-020,10-advanced-engineering-and-project-lifecycle,47-performance-reliability-and-observability,contribute,beginner,A performance contributor | A reliability engineer | A maintainer | A benchmark reviewer,"Comparing a simpler implementation with a faster complex version, while the production workload cannot be shared publicly.",False
OSS-47-021,10-advanced-engineering-and-project-lifecycle,47-performance-reliability-and-observability,contribute,intermediate,A performance contributor | A reliability engineer | A maintainer | A benchmark reviewer,"Reporting a performance regression with a reproducible benchmark, while the optimization reduces readability or maintainability.",False
OSS-47-022,10-advanced-engineering-and-project-lifecycle,47-performance-reliability-and-observability,contribute,intermediate,A performance contributor | A reliability engineer | A maintainer | A benchmark reviewer,"Optimizing a hot path without changing observable behavior, while the failure requires hours to reproduce.",False
OSS-47-023,10-advanced-engineering-and-project-lifecycle,47-performance-reliability-and-observability,contribute,intermediate,A performance contributor | A reliability engineer | A maintainer | A benchmark reviewer,"Adding metrics for a failure that is difficult to diagnose, while results vary significantly between machines.",False
OSS-47-024,10-advanced-engineering-and-project-lifecycle,47-performance-reliability-and-observability,contribute,intermediate,A performance contributor | A reliability engineer | A maintainer | A benchmark reviewer,"Reviewing a benchmark that runs on different hardware, while the optimization reduces readability or maintainability.",False
OSS-47-025,10-advanced-engineering-and-project-lifecycle,47-performance-reliability-and-observability,contribute,intermediate,A performance contributor | A reliability engineer | A maintainer | A benchmark reviewer,"Reducing memory use under a realistic production workload, while the failure requires hours to reproduce.",False
OSS-47-026,10-advanced-engineering-and-project-lifecycle,47-performance-reliability-and-observability,contribute,intermediate,A performance contributor | A reliability engineer | A maintainer | A benchmark reviewer,"Investigating a leak that appears only during long-running tests, while results vary significantly between machines.",False
OSS-47-027,10-advanced-engineering-and-project-lifecycle,47-performance-reliability-and-observability,contribute,intermediate,A performance contributor | A reliability engineer | A maintainer | A benchmark reviewer,"Changing retry behavior without hiding permanent failures, while the optimization reduces readability or maintainability.",False
OSS-47-028,10-advanced-engineering-and-project-lifecycle,47-performance-reliability-and-observability,contribute,intermediate,A performance contributor | A reliability engineer | A maintainer | A benchmark reviewer,"Adding structured logs without exposing sensitive data, while the failure requires hours to reproduce.",False
OSS-47-029,10-advanced-engineering-and-project-lifecycle,47-performance-reliability-and-observability,contribute,intermediate,A performance contributor | A reliability engineer | A maintainer | A benchmark reviewer,"Testing reliability during partial dependency failure, while results vary significantly between machines.",False
OSS-47-030,10-advanced-engineering-and-project-lifecycle,47-performance-reliability-and-observability,contribute,intermediate,A performance contributor | A reliability engineer | A maintainer | A benchmark reviewer,"Comparing a simpler implementation with a faster complex version, while the optimization reduces readability or maintainability.",False
OSS-47-031,10-advanced-engineering-and-project-lifecycle,47-performance-reliability-and-observability,contribute,intermediate,A performance contributor | A reliability engineer | A maintainer | A benchmark reviewer,"Reporting a performance regression with a reproducible benchmark, while existing metrics do not isolate the relevant component.",False
OSS-47-032,10-advanced-engineering-and-project-lifecycle,47-performance-reliability-and-observability,contribute,intermediate,A performance contributor | A reliability engineer | A maintainer | A benchmark reviewer,"Optimizing a hot path without changing observable behavior, while the proposed threshold lacks historical baseline data.",False
OSS-47-033,10-advanced-engineering-and-project-lifecycle,47-performance-reliability-and-observability,contribute,intermediate,A performance contributor | A reliability engineer | A maintainer | A benchmark reviewer,"Adding metrics for a failure that is difficult to diagnose, while the production workload cannot be shared publicly.",False
OSS-47-034,10-advanced-engineering-and-project-lifecycle,47-performance-reliability-and-observability,contribute,intermediate,A performance contributor | A reliability engineer | A maintainer | A benchmark reviewer,"Reviewing a benchmark that runs on different hardware, while existing metrics do not isolate the relevant component.",False
OSS-47-035,10-advanced-engineering-and-project-lifecycle,47-performance-reliability-and-observability,contribute,intermediate,A performance contributor | A reliability engineer | A maintainer | A benchmark reviewer,"Reducing memory use under a realistic production workload, while the proposed threshold lacks historical baseline data.",False
OSS-47-036,10-advanced-engineering-and-project-lifecycle,47-performance-reliability-and-observability,contribute,intermediate,A performance contributor | A reliability engineer | A maintainer | A benchmark reviewer,"Investigating a leak that appears only during long-running tests, while the production workload cannot be shared publicly.",False
OSS-47-037,10-advanced-engineering-and-project-lifecycle,47-performance-reliability-and-observability,contribute,intermediate,A performance contributor | A reliability engineer | A maintainer | A benchmark reviewer,"Changing retry behavior without hiding permanent failures, while existing metrics do not isolate the relevant component.",False
OSS-47-038,10-advanced-engineering-and-project-lifecycle,47-performance-reliability-and-observability,contribute,intermediate,A performance contributor | A reliability engineer | A maintainer | A benchmark reviewer,"Adding structured logs without exposing sensitive data, while the proposed threshold lacks historical baseline data.",False
OSS-47-039,10-advanced-engineering-and-project-lifecycle,47-performance-reliability-and-observability,contribute,intermediate,A performance contributor | A reliability engineer | A maintainer | A benchmark reviewer,"Testing reliability during partial dependency failure, while the production workload cannot be shared publicly.",False
OSS-47-040,10-advanced-engineering-and-project-lifecycle,47-performance-reliability-and-observability,contribute,intermediate,A performance contributor | A reliability engineer | A maintainer | A benchmark reviewer,"Comparing a simpler implementation with a faster complex version, while existing metrics do not isolate the relevant component.",False
OSS-47-041,10-advanced-engineering-and-project-lifecycle,47-performance-reliability-and-observability,contribute,advanced,A performance contributor | A reliability engineer | A maintainer | A benchmark reviewer,"Reporting a performance regression with a reproducible benchmark, while the failure requires hours to reproduce.",False
OSS-47-042,10-advanced-engineering-and-project-lifecycle,47-performance-reliability-and-observability,contribute,advanced,A performance contributor | A reliability engineer | A maintainer | A benchmark reviewer,"Optimizing a hot path without changing observable behavior, while results vary significantly between machines.",False
OSS-47-043,10-advanced-engineering-and-project-lifecycle,47-performance-reliability-and-observability,contribute,advanced,A performance contributor | A reliability engineer | A maintainer | A benchmark reviewer,"Adding metrics for a failure that is difficult to diagnose, while the optimization reduces readability or maintainability.",False
OSS-47-044,10-advanced-engineering-and-project-lifecycle,47-performance-reliability-and-observability,contribute,advanced,A performance contributor | A reliability engineer | A maintainer | A benchmark reviewer,"Reviewing a benchmark that runs on different hardware, while the failure requires hours to reproduce.",False
OSS-47-045,10-advanced-engineering-and-project-lifecycle,47-performance-reliability-and-observability,contribute,advanced,A performance contributor | A reliability engineer | A maintainer | A benchmark reviewer,"Reducing memory use under a realistic production workload, while results vary significantly between machines.",False
OSS-47-046,10-advanced-engineering-and-project-lifecycle,47-performance-reliability-and-observability,contribute,advanced,A performance contributor | A reliability engineer | A maintainer | A benchmark reviewer,"Investigating a leak that appears only during long-running tests, while the optimization reduces readability or maintainability.",False
OSS-47-047,10-advanced-engineering-and-project-lifecycle,47-performance-reliability-and-observability,contribute,advanced,A performance contributor | A reliability engineer | A maintainer | A benchmark reviewer,"Changing retry behavior without hiding permanent failures, while the failure requires hours to reproduce.",False
OSS-47-048,10-advanced-engineering-and-project-lifecycle,47-performance-reliability-and-observability,contribute,advanced,A performance contributor | A reliability engineer | A maintainer | A benchmark reviewer,"Adding structured logs without exposing sensitive data, while results vary significantly between machines.",False
OSS-47-049,10-advanced-engineering-and-project-lifecycle,47-performance-reliability-and-observability,contribute,advanced,A performance contributor | A reliability engineer | A maintainer | A benchmark reviewer,"Testing reliability during partial dependency failure, while the optimization reduces readability or maintainability.",False
OSS-47-050,10-advanced-engineering-and-project-lifecycle,47-performance-reliability-and-observability,contribute,advanced,A performance contributor | A reliability engineer | A maintainer | A benchmark reviewer,"Comparing a simpler implementation with a faster complex version, while the failure requires hours to reproduce.",False
OSS-48-001,10-advanced-engineering-and-project-lifecycle,48-data-ai-and-machine-learning-projects,contribute,beginner,A machine-learning contributor | A data contributor | A model evaluator | A repository maintainer,"Contributing a dataset with unclear collection consent, while the training data provenance is incomplete.",False
OSS-48-002,10-advanced-engineering-and-project-lifecycle,48-data-ai-and-machine-learning-projects,contribute,beginner,A machine-learning contributor | A data contributor | A model evaluator | A repository maintainer,"Reproducing a model result without the original hardware, while the evaluation metric hides important failure modes.",False
OSS-48-003,10-advanced-engineering-and-project-lifecycle,48-data-ai-and-machine-learning-projects,contribute,beginner,A machine-learning contributor | A data contributor | A model evaluator | A repository maintainer,"Reviewing an evaluation that uses a contaminated benchmark, while model behavior changes across runtime versions.",False
OSS-48-004,10-advanced-engineering-and-project-lifecycle,48-data-ai-and-machine-learning-projects,contribute,beginner,A machine-learning contributor | A data contributor | A model evaluator | A repository maintainer,"Adding a model whose weights have different licensing terms, while the training data provenance is incomplete.",False
OSS-48-005,10-advanced-engineering-and-project-lifecycle,48-data-ai-and-machine-learning-projects,contribute,beginner,A machine-learning contributor | A data contributor | A model evaluator | A repository maintainer,"Reporting bias that appears for a specific user group, while the evaluation metric hides important failure modes.",False
OSS-48-006,10-advanced-engineering-and-project-lifecycle,48-data-ai-and-machine-learning-projects,contribute,beginner,A machine-learning contributor | A data contributor | A model evaluator | A repository maintainer,"Updating preprocessing code that changes historical results, while model behavior changes across runtime versions.",False
OSS-48-007,10-advanced-engineering-and-project-lifecycle,48-data-ai-and-machine-learning-projects,contribute,beginner,A machine-learning contributor | A data contributor | A model evaluator | A repository maintainer,"Contributing an inference optimization with accuracy tradeoffs, while the training data provenance is incomplete.",False
OSS-48-008,10-advanced-engineering-and-project-lifecycle,48-data-ai-and-machine-learning-projects,contribute,beginner,A machine-learning contributor | A data contributor | A model evaluator | A repository maintainer,"Documenting nondeterministic training behavior, while the evaluation metric hides important failure modes.",False
OSS-48-009,10-advanced-engineering-and-project-lifecycle,48-data-ai-and-machine-learning-projects,contribute,beginner,A machine-learning contributor | A data contributor | A model evaluator | A repository maintainer,"Reviewing generated labels created by a proprietary service, while model behavior changes across runtime versions.",False
OSS-48-010,10-advanced-engineering-and-project-lifecycle,48-data-ai-and-machine-learning-projects,contribute,beginner,A machine-learning contributor | A data contributor | A model evaluator | A repository maintainer,"Adding a large artifact that does not fit normal Git workflows, while the training data provenance is incomplete.",False
OSS-48-011,10-advanced-engineering-and-project-lifecycle,48-data-ai-and-machine-learning-projects,contribute,beginner,A machine-learning contributor | A data contributor | A model evaluator | A repository maintainer,"Contributing a dataset with unclear collection consent, while results depend on unavailable random seeds or checkpoints.",False
OSS-48-012,10-advanced-engineering-and-project-lifecycle,48-data-ai-and-machine-learning-projects,contribute,beginner,A machine-learning contributor | A data contributor | A model evaluator | A repository maintainer,"Reproducing a model result without the original hardware, while storage and bandwidth costs affect reproducibility.",False
OSS-48-013,10-advanced-engineering-and-project-lifecycle,48-data-ai-and-machine-learning-projects,contribute,beginner,A machine-learning contributor | A data contributor | A model evaluator | A repository maintainer,"Reviewing an evaluation that uses a contaminated benchmark, while privacy constraints limit the evidence that can be published.",False
OSS-48-014,10-advanced-engineering-and-project-lifecycle,48-data-ai-and-machine-learning-projects,contribute,beginner,A machine-learning contributor | A data contributor | A model evaluator | A repository maintainer,"Adding a model whose weights have different licensing terms, while results depend on unavailable random seeds or checkpoints.",False
OSS-48-015,10-advanced-engineering-and-project-lifecycle,48-data-ai-and-machine-learning-projects,contribute,beginner,A machine-learning contributor | A data contributor | A model evaluator | A repository maintainer,"Reporting bias that appears for a specific user group, while storage and bandwidth costs affect reproducibility.",False
OSS-48-016,10-advanced-engineering-and-project-lifecycle,48-data-ai-and-machine-learning-projects,contribute,beginner,A machine-learning contributor | A data contributor | A model evaluator | A repository maintainer,"Updating preprocessing code that changes historical results, while privacy constraints limit the evidence that can be published.",False
OSS-48-017,10-advanced-engineering-and-project-lifecycle,48-data-ai-and-machine-learning-projects,contribute,beginner,A machine-learning contributor | A data contributor | A model evaluator | A repository maintainer,"Contributing an inference optimization with accuracy tradeoffs, while results depend on unavailable random seeds or checkpoints.",False
OSS-48-018,10-advanced-engineering-and-project-lifecycle,48-data-ai-and-machine-learning-projects,contribute,beginner,A machine-learning contributor | A data contributor | A model evaluator | A repository maintainer,"Documenting nondeterministic training behavior, while storage and bandwidth costs affect reproducibility.",False
OSS-48-019,10-advanced-engineering-and-project-lifecycle,48-data-ai-and-machine-learning-projects,contribute,beginner,A machine-learning contributor | A data contributor | A model evaluator | A repository maintainer,"Reviewing generated labels created by a proprietary service, while privacy constraints limit the evidence that can be published.",False
OSS-48-020,10-advanced-engineering-and-project-lifecycle,48-data-ai-and-machine-learning-projects,contribute,beginner,A machine-learning contributor | A data contributor | A model evaluator | A repository maintainer,"Adding a large artifact that does not fit normal Git workflows, while results depend on unavailable random seeds or checkpoints.",False
OSS-48-021,10-advanced-engineering-and-project-lifecycle,48-data-ai-and-machine-learning-projects,contribute,intermediate,A machine-learning contributor | A data contributor | A model evaluator | A repository maintainer,"Contributing a dataset with unclear collection consent, while the evaluation metric hides important failure modes.",False
OSS-48-022,10-advanced-engineering-and-project-lifecycle,48-data-ai-and-machine-learning-projects,contribute,intermediate,A machine-learning contributor | A data contributor | A model evaluator | A repository maintainer,"Reproducing a model result without the original hardware, while model behavior changes across runtime versions.",False
OSS-48-023,10-advanced-engineering-and-project-lifecycle,48-data-ai-and-machine-learning-projects,contribute,intermediate,A machine-learning contributor | A data contributor | A model evaluator | A repository maintainer,"Reviewing an evaluation that uses a contaminated benchmark, while the training data provenance is incomplete.",False
OSS-48-024,10-advanced-engineering-and-project-lifecycle,48-data-ai-and-machine-learning-projects,contribute,intermediate,A machine-learning contributor | A data contributor | A model evaluator | A repository maintainer,"Adding a model whose weights have different licensing terms, while the evaluation metric hides important failure modes.",False
OSS-48-025,10-advanced-engineering-and-project-lifecycle,48-data-ai-and-machine-learning-projects,contribute,intermediate,A machine-learning contributor | A data contributor | A model evaluator | A repository maintainer,"Reporting bias that appears for a specific user group, while model behavior changes across runtime versions.",False
OSS-48-026,10-advanced-engineering-and-project-lifecycle,48-data-ai-and-machine-learning-projects,contribute,intermediate,A machine-learning contributor | A data contributor | A model evaluator | A repository maintainer,"Updating preprocessing code that changes historical results, while the training data provenance is incomplete.",False
OSS-48-027,10-advanced-engineering-and-project-lifecycle,48-data-ai-and-machine-learning-projects,contribute,intermediate,A machine-learning contributor | A data contributor | A model evaluator | A repository maintainer,"Contributing an inference optimization with accuracy tradeoffs, while the evaluation metric hides important failure modes.",False
OSS-48-028,10-advanced-engineering-and-project-lifecycle,48-data-ai-and-machine-learning-projects,contribute,intermediate,A machine-learning contributor | A data contributor | A model evaluator | A repository maintainer,"Documenting nondeterministic training behavior, while model behavior changes across runtime versions.",False
OSS-48-029,10-advanced-engineering-and-project-lifecycle,48-data-ai-and-machine-learning-projects,contribute,intermediate,A machine-learning contributor | A data contributor | A model evaluator | A repository maintainer,"Reviewing generated labels created by a proprietary service, while the training data provenance is incomplete.",False
OSS-48-030,10-advanced-engineering-and-project-lifecycle,48-data-ai-and-machine-learning-projects,contribute,intermediate,A machine-learning contributor | A data contributor | A model evaluator | A repository maintainer,"Adding a large artifact that does not fit normal Git workflows, while the evaluation metric hides important failure modes.",False
OSS-48-031,10-advanced-engineering-and-project-lifecycle,48-data-ai-and-machine-learning-projects,contribute,intermediate,A machine-learning contributor | A data contributor | A model evaluator | A repository maintainer,"Contributing a dataset with unclear collection consent, while storage and bandwidth costs affect reproducibility.",False
OSS-48-032,10-advanced-engineering-and-project-lifecycle,48-data-ai-and-machine-learning-projects,contribute,intermediate,A machine-learning contributor | A data contributor | A model evaluator | A repository maintainer,"Reproducing a model result without the original hardware, while privacy constraints limit the evidence that can be published.",False
OSS-48-033,10-advanced-engineering-and-project-lifecycle,48-data-ai-and-machine-learning-projects,contribute,intermediate,A machine-learning contributor | A data contributor | A model evaluator | A repository maintainer,"Reviewing an evaluation that uses a contaminated benchmark, while results depend on unavailable random seeds or checkpoints.",False
OSS-48-034,10-advanced-engineering-and-project-lifecycle,48-data-ai-and-machine-learning-projects,contribute,intermediate,A machine-learning contributor | A data contributor | A model evaluator | A repository maintainer,"Adding a model whose weights have different licensing terms, while storage and bandwidth costs affect reproducibility.",False
OSS-48-035,10-advanced-engineering-and-project-lifecycle,48-data-ai-and-machine-learning-projects,contribute,intermediate,A machine-learning contributor | A data contributor | A model evaluator | A repository maintainer,"Reporting bias that appears for a specific user group, while privacy constraints limit the evidence that can be published.",False
OSS-48-036,10-advanced-engineering-and-project-lifecycle,48-data-ai-and-machine-learning-projects,contribute,intermediate,A machine-learning contributor | A data contributor | A model evaluator | A repository maintainer,"Updating preprocessing code that changes historical results, while results depend on unavailable random seeds or checkpoints.",False
OSS-48-037,10-advanced-engineering-and-project-lifecycle,48-data-ai-and-machine-learning-projects,contribute,intermediate,A machine-learning contributor | A data contributor | A model evaluator | A repository maintainer,"Contributing an inference optimization with accuracy tradeoffs, while storage and bandwidth costs affect reproducibility.",False
OSS-48-038,10-advanced-engineering-and-project-lifecycle,48-data-ai-and-machine-learning-projects,contribute,intermediate,A machine-learning contributor | A data contributor | A model evaluator | A repository maintainer,"Documenting nondeterministic training behavior, while privacy constraints limit the evidence that can be published.",False
OSS-48-039,10-advanced-engineering-and-project-lifecycle,48-data-ai-and-machine-learning-projects,contribute,intermediate,A machine-learning contributor | A data contributor | A model evaluator | A repository maintainer,"Reviewing generated labels created by a proprietary service, while results depend on unavailable random seeds or checkpoints.",False
OSS-48-040,10-advanced-engineering-and-project-lifecycle,48-data-ai-and-machine-learning-projects,contribute,intermediate,A machine-learning contributor | A data contributor | A model evaluator | A repository maintainer,"Adding a large artifact that does not fit normal Git workflows, while storage and bandwidth costs affect reproducibility.",False
OSS-48-041,10-advanced-engineering-and-project-lifecycle,48-data-ai-and-machine-learning-projects,contribute,advanced,A machine-learning contributor | A data contributor | A model evaluator | A repository maintainer,"Contributing a dataset with unclear collection consent, while model behavior changes across runtime versions.",False
OSS-48-042,10-advanced-engineering-and-project-lifecycle,48-data-ai-and-machine-learning-projects,contribute,advanced,A machine-learning contributor | A data contributor | A model evaluator | A repository maintainer,"Reproducing a model result without the original hardware, while the training data provenance is incomplete.",False
OSS-48-043,10-advanced-engineering-and-project-lifecycle,48-data-ai-and-machine-learning-projects,contribute,advanced,A machine-learning contributor | A data contributor | A model evaluator | A repository maintainer,"Reviewing an evaluation that uses a contaminated benchmark, while the evaluation metric hides important failure modes.",False
OSS-48-044,10-advanced-engineering-and-project-lifecycle,48-data-ai-and-machine-learning-projects,contribute,advanced,A machine-learning contributor | A data contributor | A model evaluator | A repository maintainer,"Adding a model whose weights have different licensing terms, while model behavior changes across runtime versions.",False
OSS-48-045,10-advanced-engineering-and-project-lifecycle,48-data-ai-and-machine-learning-projects,contribute,advanced,A machine-learning contributor | A data contributor | A model evaluator | A repository maintainer,"Reporting bias that appears for a specific user group, while the training data provenance is incomplete.",False
OSS-48-046,10-advanced-engineering-and-project-lifecycle,48-data-ai-and-machine-learning-projects,contribute,advanced,A machine-learning contributor | A data contributor | A model evaluator | A repository maintainer,"Updating preprocessing code that changes historical results, while the evaluation metric hides important failure modes.",False
OSS-48-047,10-advanced-engineering-and-project-lifecycle,48-data-ai-and-machine-learning-projects,contribute,advanced,A machine-learning contributor | A data contributor | A model evaluator | A repository maintainer,"Contributing an inference optimization with accuracy tradeoffs, while model behavior changes across runtime versions.",False
OSS-48-048,10-advanced-engineering-and-project-lifecycle,48-data-ai-and-machine-learning-projects,contribute,advanced,A machine-learning contributor | A data contributor | A model evaluator | A repository maintainer,"Documenting nondeterministic training behavior, while the training data provenance is incomplete.",False
OSS-48-049,10-advanced-engineering-and-project-lifecycle,48-data-ai-and-machine-learning-projects,contribute,advanced,A machine-learning contributor | A data contributor | A model evaluator | A repository maintainer,"Reviewing generated labels created by a proprietary service, while the evaluation metric hides important failure modes.",False
OSS-48-050,10-advanced-engineering-and-project-lifecycle,48-data-ai-and-machine-learning-projects,contribute,advanced,A machine-learning contributor | A data contributor | A model evaluator | A repository maintainer,"Adding a large artifact that does not fit normal Git workflows, while model behavior changes across runtime versions.",False
OSS-49-001,10-advanced-engineering-and-project-lifecycle,49-cloud-native-infrastructure-contributions,ecosystem,beginner,A cloud-native contributor | A platform operator | A controller author | A project reviewer,"Reproducing a controller bug in a minimal cluster, while the full integration environment is expensive to reproduce.",True
OSS-49-002,10-advanced-engineering-and-project-lifecycle,49-cloud-native-infrastructure-contributions,ecosystem,beginner,A cloud-native contributor | A platform operator | A controller author | A project reviewer,"Changing a custom resource schema while preserving upgrades, while the change affects both namespaced and cluster-wide resources.",True
OSS-49-003,10-advanced-engineering-and-project-lifecycle,49-cloud-native-infrastructure-contributions,ecosystem,beginner,A cloud-native contributor | A platform operator | A controller author | A project reviewer,"Testing behavior across multiple Kubernetes versions, while logs from the affected environment contain sensitive details.",True
OSS-49-004,10-advanced-engineering-and-project-lifecycle,49-cloud-native-infrastructure-contributions,ecosystem,beginner,A cloud-native contributor | A platform operator | A controller author | A project reviewer,"Debugging reconciliation that repeatedly retries, while the full integration environment is expensive to reproduce.",True
OSS-49-005,10-advanced-engineering-and-project-lifecycle,49-cloud-native-infrastructure-contributions,ecosystem,beginner,A cloud-native contributor | A platform operator | A controller author | A project reviewer,"Contributing deployment manifests for restricted environments, while the change affects both namespaced and cluster-wide resources.",True
OSS-49-006,10-advanced-engineering-and-project-lifecycle,49-cloud-native-infrastructure-contributions,ecosystem,beginner,A cloud-native contributor | A platform operator | A controller author | A project reviewer,"Reviewing RBAC permissions added by a new feature, while logs from the affected environment contain sensitive details.",True
OSS-49-007,10-advanced-engineering-and-project-lifecycle,49-cloud-native-infrastructure-contributions,ecosystem,beginner,A cloud-native contributor | A platform operator | A controller author | A project reviewer,"Handling a change that requires coordinated updates across operators, while the full integration environment is expensive to reproduce.",True
OSS-49-008,10-advanced-engineering-and-project-lifecycle,49-cloud-native-infrastructure-contributions,ecosystem,beginner,A cloud-native contributor | A platform operator | A controller author | A project reviewer,"Testing failure recovery when an external service is unavailable, while the change affects both namespaced and cluster-wide resources.",True
OSS-49-009,10-advanced-engineering-and-project-lifecycle,49-cloud-native-infrastructure-contributions,ecosystem,beginner,A cloud-native contributor | A platform operator | A controller author | A project reviewer,"Documenting resource requirements for small clusters, while logs from the affected environment contain sensitive details.",True
OSS-49-010,10-advanced-engineering-and-project-lifecycle,49-cloud-native-infrastructure-contributions,ecosystem,beginner,A cloud-native contributor | A platform operator | A controller author | A project reviewer,"Tracing an issue across infrastructure, API, and user-interface layers, while the full integration environment is expensive to reproduce.",True
OSS-49-011,10-advanced-engineering-and-project-lifecycle,49-cloud-native-infrastructure-contributions,ecosystem,beginner,A cloud-native contributor | A platform operator | A controller author | A project reviewer,"Reproducing a controller bug in a minimal cluster, while cluster state differs from the declarative configuration.",True
OSS-49-012,10-advanced-engineering-and-project-lifecycle,49-cloud-native-infrastructure-contributions,ecosystem,beginner,A cloud-native contributor | A platform operator | A controller author | A project reviewer,"Changing a custom resource schema while preserving upgrades, while supported platform versions have different APIs.",True
OSS-49-013,10-advanced-engineering-and-project-lifecycle,49-cloud-native-infrastructure-contributions,ecosystem,beginner,A cloud-native contributor | A platform operator | A controller author | A project reviewer,"Testing behavior across multiple Kubernetes versions, while ownership is divided across several repositories and SIGs.",True
OSS-49-014,10-advanced-engineering-and-project-lifecycle,49-cloud-native-infrastructure-contributions,ecosystem,beginner,A cloud-native contributor | A platform operator | A controller author | A project reviewer,"Debugging reconciliation that repeatedly retries, while cluster state differs from the declarative configuration.",True
OSS-49-015,10-advanced-engineering-and-project-lifecycle,49-cloud-native-infrastructure-contributions,ecosystem,beginner,A cloud-native contributor | A platform operator | A controller author | A project reviewer,"Contributing deployment manifests for restricted environments, while supported platform versions have different APIs.",True
OSS-49-016,10-advanced-engineering-and-project-lifecycle,49-cloud-native-infrastructure-contributions,ecosystem,beginner,A cloud-native contributor | A platform operator | A controller author | A project reviewer,"Reviewing RBAC permissions added by a new feature, while ownership is divided across several repositories and SIGs.",True
OSS-49-017,10-advanced-engineering-and-project-lifecycle,49-cloud-native-infrastructure-contributions,ecosystem,beginner,A cloud-native contributor | A platform operator | A controller author | A project reviewer,"Handling a change that requires coordinated updates across operators, while cluster state differs from the declarative configuration.",True
OSS-49-018,10-advanced-engineering-and-project-lifecycle,49-cloud-native-infrastructure-contributions,ecosystem,beginner,A cloud-native contributor | A platform operator | A controller author | A project reviewer,"Testing failure recovery when an external service is unavailable, while supported platform versions have different APIs.",True
OSS-49-019,10-advanced-engineering-and-project-lifecycle,49-cloud-native-infrastructure-contributions,ecosystem,beginner,A cloud-native contributor | A platform operator | A controller author | A project reviewer,"Documenting resource requirements for small clusters, while ownership is divided across several repositories and SIGs.",True
OSS-49-020,10-advanced-engineering-and-project-lifecycle,49-cloud-native-infrastructure-contributions,ecosystem,beginner,A cloud-native contributor | A platform operator | A controller author | A project reviewer,"Tracing an issue across infrastructure, API, and user-interface layers, while cluster state differs from the declarative configuration.",True
OSS-49-021,10-advanced-engineering-and-project-lifecycle,49-cloud-native-infrastructure-contributions,ecosystem,intermediate,A cloud-native contributor | A platform operator | A controller author | A project reviewer,"Reproducing a controller bug in a minimal cluster, while the change affects both namespaced and cluster-wide resources.",True
OSS-49-022,10-advanced-engineering-and-project-lifecycle,49-cloud-native-infrastructure-contributions,ecosystem,intermediate,A cloud-native contributor | A platform operator | A controller author | A project reviewer,"Changing a custom resource schema while preserving upgrades, while logs from the affected environment contain sensitive details.",True
OSS-49-023,10-advanced-engineering-and-project-lifecycle,49-cloud-native-infrastructure-contributions,ecosystem,intermediate,A cloud-native contributor | A platform operator | A controller author | A project reviewer,"Testing behavior across multiple Kubernetes versions, while the full integration environment is expensive to reproduce.",True
OSS-49-024,10-advanced-engineering-and-project-lifecycle,49-cloud-native-infrastructure-contributions,ecosystem,intermediate,A cloud-native contributor | A platform operator | A controller author | A project reviewer,"Debugging reconciliation that repeatedly retries, while the change affects both namespaced and cluster-wide resources.",True
OSS-49-025,10-advanced-engineering-and-project-lifecycle,49-cloud-native-infrastructure-contributions,ecosystem,intermediate,A cloud-native contributor | A platform operator | A controller author | A project reviewer,"Contributing deployment manifests for restricted environments, while logs from the affected environment contain sensitive details.",True
OSS-49-026,10-advanced-engineering-and-project-lifecycle,49-cloud-native-infrastructure-contributions,ecosystem,intermediate,A cloud-native contributor | A platform operator | A controller author | A project reviewer,"Reviewing RBAC permissions added by a new feature, while the full integration environment is expensive to reproduce.",True
OSS-49-027,10-advanced-engineering-and-project-lifecycle,49-cloud-native-infrastructure-contributions,ecosystem,intermediate,A cloud-native contributor | A platform operator | A controller author | A project reviewer,"Handling a change that requires coordinated updates across operators, while the change affects both namespaced and cluster-wide resources.",True
OSS-49-028,10-advanced-engineering-and-project-lifecycle,49-cloud-native-infrastructure-contributions,ecosystem,intermediate,A cloud-native contributor | A platform operator | A controller author | A project reviewer,"Testing failure recovery when an external service is unavailable, while logs from the affected environment contain sensitive details.",True
OSS-49-029,10-advanced-engineering-and-project-lifecycle,49-cloud-native-infrastructure-contributions,ecosystem,intermediate,A cloud-native contributor | A platform operator | A controller author | A project reviewer,"Documenting resource requirements for small clusters, while the full integration environment is expensive to reproduce.",True
OSS-49-030,10-advanced-engineering-and-project-lifecycle,49-cloud-native-infrastructure-contributions,ecosystem,intermediate,A cloud-native contributor | A platform operator | A controller author | A project reviewer,"Tracing an issue across infrastructure, API, and user-interface layers, while the change affects both namespaced and cluster-wide resources.",True
OSS-49-031,10-advanced-engineering-and-project-lifecycle,49-cloud-native-infrastructure-contributions,ecosystem,intermediate,A cloud-native contributor | A platform operator | A controller author | A project reviewer,"Reproducing a controller bug in a minimal cluster, while supported platform versions have different APIs.",True
OSS-49-032,10-advanced-engineering-and-project-lifecycle,49-cloud-native-infrastructure-contributions,ecosystem,intermediate,A cloud-native contributor | A platform operator | A controller author | A project reviewer,"Changing a custom resource schema while preserving upgrades, while ownership is divided across several repositories and SIGs.",True
OSS-49-033,10-advanced-engineering-and-project-lifecycle,49-cloud-native-infrastructure-contributions,ecosystem,intermediate,A cloud-native contributor | A platform operator | A controller author | A project reviewer,"Testing behavior across multiple Kubernetes versions, while cluster state differs from the declarative configuration.",True
OSS-49-034,10-advanced-engineering-and-project-lifecycle,49-cloud-native-infrastructure-contributions,ecosystem,intermediate,A cloud-native contributor | A platform operator | A controller author | A project reviewer,"Debugging reconciliation that repeatedly retries, while supported platform versions have different APIs.",True
OSS-49-035,10-advanced-engineering-and-project-lifecycle,49-cloud-native-infrastructure-contributions,ecosystem,intermediate,A cloud-native contributor | A platform operator | A controller author | A project reviewer,"Contributing deployment manifests for restricted environments, while ownership is divided across several repositories and SIGs.",True
OSS-49-036,10-advanced-engineering-and-project-lifecycle,49-cloud-native-infrastructure-contributions,ecosystem,intermediate,A cloud-native contributor | A platform operator | A controller author | A project reviewer,"Reviewing RBAC permissions added by a new feature, while cluster state differs from the declarative configuration.",True
OSS-49-037,10-advanced-engineering-and-project-lifecycle,49-cloud-native-infrastructure-contributions,ecosystem,intermediate,A cloud-native contributor | A platform operator | A controller author | A project reviewer,"Handling a change that requires coordinated updates across operators, while supported platform versions have different APIs.",True
OSS-49-038,10-advanced-engineering-and-project-lifecycle,49-cloud-native-infrastructure-contributions,ecosystem,intermediate,A cloud-native contributor | A platform operator | A controller author | A project reviewer,"Testing failure recovery when an external service is unavailable, while ownership is divided across several repositories and SIGs.",True
OSS-49-039,10-advanced-engineering-and-project-lifecycle,49-cloud-native-infrastructure-contributions,ecosystem,intermediate,A cloud-native contributor | A platform operator | A controller author | A project reviewer,"Documenting resource requirements for small clusters, while cluster state differs from the declarative configuration.",True
OSS-49-040,10-advanced-engineering-and-project-lifecycle,49-cloud-native-infrastructure-contributions,ecosystem,intermediate,A cloud-native contributor | A platform operator | A controller author | A project reviewer,"Tracing an issue across infrastructure, API, and user-interface layers, while supported platform versions have different APIs.",True
OSS-49-041,10-advanced-engineering-and-project-lifecycle,49-cloud-native-infrastructure-contributions,ecosystem,advanced,A cloud-native contributor | A platform operator | A controller author | A project reviewer,"Reproducing a controller bug in a minimal cluster, while logs from the affected environment contain sensitive details.",True
OSS-49-042,10-advanced-engineering-and-project-lifecycle,49-cloud-native-infrastructure-contributions,ecosystem,advanced,A cloud-native contributor | A platform operator | A controller author | A project reviewer,"Changing a custom resource schema while preserving upgrades, while the full integration environment is expensive to reproduce.",True
OSS-49-043,10-advanced-engineering-and-project-lifecycle,49-cloud-native-infrastructure-contributions,ecosystem,advanced,A cloud-native contributor | A platform operator | A controller author | A project reviewer,"Testing behavior across multiple Kubernetes versions, while the change affects both namespaced and cluster-wide resources.",True
OSS-49-044,10-advanced-engineering-and-project-lifecycle,49-cloud-native-infrastructure-contributions,ecosystem,advanced,A cloud-native contributor | A platform operator | A controller author | A project reviewer,"Debugging reconciliation that repeatedly retries, while logs from the affected environment contain sensitive details.",True
OSS-49-045,10-advanced-engineering-and-project-lifecycle,49-cloud-native-infrastructure-contributions,ecosystem,advanced,A cloud-native contributor | A platform operator | A controller author | A project reviewer,"Contributing deployment manifests for restricted environments, while the full integration environment is expensive to reproduce.",True
OSS-49-046,10-advanced-engineering-and-project-lifecycle,49-cloud-native-infrastructure-contributions,ecosystem,advanced,A cloud-native contributor | A platform operator | A controller author | A project reviewer,"Reviewing RBAC permissions added by a new feature, while the change affects both namespaced and cluster-wide resources.",True
OSS-49-047,10-advanced-engineering-and-project-lifecycle,49-cloud-native-infrastructure-contributions,ecosystem,advanced,A cloud-native contributor | A platform operator | A controller author | A project reviewer,"Handling a change that requires coordinated updates across operators, while logs from the affected environment contain sensitive details.",True
OSS-49-048,10-advanced-engineering-and-project-lifecycle,49-cloud-native-infrastructure-contributions,ecosystem,advanced,A cloud-native contributor | A platform operator | A controller author | A project reviewer,"Testing failure recovery when an external service is unavailable, while the full integration environment is expensive to reproduce.",True
OSS-49-049,10-advanced-engineering-and-project-lifecycle,49-cloud-native-infrastructure-contributions,ecosystem,advanced,A cloud-native contributor | A platform operator | A controller author | A project reviewer,"Documenting resource requirements for small clusters, while the change affects both namespaced and cluster-wide resources.",True
OSS-49-050,10-advanced-engineering-and-project-lifecycle,49-cloud-native-infrastructure-contributions,ecosystem,advanced,A cloud-native contributor | A platform operator | A controller author | A project reviewer,"Tracing an issue across infrastructure, API, and user-interface layers, while logs from the affected environment contain sensitive details.",True
OSS-50-001,10-advanced-engineering-and-project-lifecycle,50-project-inactivity-migration-and-forks,sustain,beginner,A project user | A contributor | A maintainer | A prospective fork maintainer,"Deciding whether an inactive repository is abandoned, while the repository has not been formally archived.",False
OSS-50-002,10-advanced-engineering-and-project-lifecycle,50-project-inactivity-migration-and-forks,sustain,beginner,A project user | A contributor | A maintainer | A prospective fork maintainer,"Requesting clarification after releases and reviews stop, while downstream users disagree about the preferred successor.",False
OSS-50-003,10-advanced-engineering-and-project-lifecycle,50-project-inactivity-migration-and-forks,sustain,beginner,A project user | A contributor | A maintainer | A prospective fork maintainer,"Migrating active work to a successor repository, while automation and package publishing depend on unavailable credentials.",False
OSS-50-004,10-advanced-engineering-and-project-lifecycle,50-project-inactivity-migration-and-forks,sustain,beginner,A project user | A contributor | A maintainer | A prospective fork maintainer,"Forking a project whose maintainers no longer respond, while the repository has not been formally archived.",False
OSS-50-005,10-advanced-engineering-and-project-lifecycle,50-project-inactivity-migration-and-forks,sustain,beginner,A project user | A contributor | A maintainer | A prospective fork maintainer,"Preserving issue and pull request history during migration, while downstream users disagree about the preferred successor.",False
OSS-50-006,10-advanced-engineering-and-project-lifecycle,50-project-inactivity-migration-and-forks,sustain,beginner,A project user | A contributor | A maintainer | A prospective fork maintainer,"Communicating archival status to downstream users, while automation and package publishing depend on unavailable credentials.",False
OSS-50-007,10-advanced-engineering-and-project-lifecycle,50-project-inactivity-migration-and-forks,sustain,beginner,A project user | A contributor | A maintainer | A prospective fork maintainer,"Choosing maintainers for a community continuation fork, while the repository has not been formally archived.",False
OSS-50-008,10-advanced-engineering-and-project-lifecycle,50-project-inactivity-migration-and-forks,sustain,beginner,A project user | A contributor | A maintainer | A prospective fork maintainer,"Handling two competing forks with overlapping communities, while downstream users disagree about the preferred successor.",False
OSS-50-009,10-advanced-engineering-and-project-lifecycle,50-project-inactivity-migration-and-forks,sustain,beginner,A project user | A contributor | A maintainer | A prospective fork maintainer,"Transferring package names, domains, or infrastructure responsibly, while automation and package publishing depend on unavailable credentials.",False
OSS-50-010,10-advanced-engineering-and-project-lifecycle,50-project-inactivity-migration-and-forks,sustain,beginner,A project user | A contributor | A maintainer | A prospective fork maintainer,"Reviving a dormant project after its ecosystem changes, while the repository has not been formally archived.",False
OSS-50-011,10-advanced-engineering-and-project-lifecycle,50-project-inactivity-migration-and-forks,sustain,beginner,A project user | A contributor | A maintainer | A prospective fork maintainer,"Deciding whether an inactive repository is abandoned, while existing trademarks and release keys remain controlled elsewhere.",False
OSS-50-012,10-advanced-engineering-and-project-lifecycle,50-project-inactivity-migration-and-forks,sustain,beginner,A project user | A contributor | A maintainer | A prospective fork maintainer,"Requesting clarification after releases and reviews stop, while open security issues require continued maintenance.",False
OSS-50-013,10-advanced-engineering-and-project-lifecycle,50-project-inactivity-migration-and-forks,sustain,beginner,A project user | A contributor | A maintainer | A prospective fork maintainer,"Migrating active work to a successor repository, while the original governance never defined project succession.",False
OSS-50-014,10-advanced-engineering-and-project-lifecycle,50-project-inactivity-migration-and-forks,sustain,beginner,A project user | A contributor | A maintainer | A prospective fork maintainer,"Forking a project whose maintainers no longer respond, while existing trademarks and release keys remain controlled elsewhere.",False
OSS-50-015,10-advanced-engineering-and-project-lifecycle,50-project-inactivity-migration-and-forks,sustain,beginner,A project user | A contributor | A maintainer | A prospective fork maintainer,"Preserving issue and pull request history during migration, while open security issues require continued maintenance.",False
OSS-50-016,10-advanced-engineering-and-project-lifecycle,50-project-inactivity-migration-and-forks,sustain,beginner,A project user | A contributor | A maintainer | A prospective fork maintainer,"Communicating archival status to downstream users, while the original governance never defined project succession.",False
OSS-50-017,10-advanced-engineering-and-project-lifecycle,50-project-inactivity-migration-and-forks,sustain,beginner,A project user | A contributor | A maintainer | A prospective fork maintainer,"Choosing maintainers for a community continuation fork, while existing trademarks and release keys remain controlled elsewhere.",False
OSS-50-018,10-advanced-engineering-and-project-lifecycle,50-project-inactivity-migration-and-forks,sustain,beginner,A project user | A contributor | A maintainer | A prospective fork maintainer,"Handling two competing forks with overlapping communities, while open security issues require continued maintenance.",False
OSS-50-019,10-advanced-engineering-and-project-lifecycle,50-project-inactivity-migration-and-forks,sustain,beginner,A project user | A contributor | A maintainer | A prospective fork maintainer,"Transferring package names, domains, or infrastructure responsibly, while the original governance never defined project succession.",False
OSS-50-020,10-advanced-engineering-and-project-lifecycle,50-project-inactivity-migration-and-forks,sustain,beginner,A project user | A contributor | A maintainer | A prospective fork maintainer,"Reviving a dormant project after its ecosystem changes, while existing trademarks and release keys remain controlled elsewhere.",False
OSS-50-021,10-advanced-engineering-and-project-lifecycle,50-project-inactivity-migration-and-forks,sustain,intermediate,A project user | A contributor | A maintainer | A prospective fork maintainer,"Deciding whether an inactive repository is abandoned, while downstream users disagree about the preferred successor.",False
OSS-50-022,10-advanced-engineering-and-project-lifecycle,50-project-inactivity-migration-and-forks,sustain,intermediate,A project user | A contributor | A maintainer | A prospective fork maintainer,"Requesting clarification after releases and reviews stop, while automation and package publishing depend on unavailable credentials.",False
OSS-50-023,10-advanced-engineering-and-project-lifecycle,50-project-inactivity-migration-and-forks,sustain,intermediate,A project user | A contributor | A maintainer | A prospective fork maintainer,"Migrating active work to a successor repository, while the repository has not been formally archived.",False
OSS-50-024,10-advanced-engineering-and-project-lifecycle,50-project-inactivity-migration-and-forks,sustain,intermediate,A project user | A contributor | A maintainer | A prospective fork maintainer,"Forking a project whose maintainers no longer respond, while downstream users disagree about the preferred successor.",False
OSS-50-025,10-advanced-engineering-and-project-lifecycle,50-project-inactivity-migration-and-forks,sustain,intermediate,A project user | A contributor | A maintainer | A prospective fork maintainer,"Preserving issue and pull request history during migration, while automation and package publishing depend on unavailable credentials.",False
OSS-50-026,10-advanced-engineering-and-project-lifecycle,50-project-inactivity-migration-and-forks,sustain,intermediate,A project user | A contributor | A maintainer | A prospective fork maintainer,"Communicating archival status to downstream users, while the repository has not been formally archived.",False
OSS-50-027,10-advanced-engineering-and-project-lifecycle,50-project-inactivity-migration-and-forks,sustain,intermediate,A project user | A contributor | A maintainer | A prospective fork maintainer,"Choosing maintainers for a community continuation fork, while downstream users disagree about the preferred successor.",False
OSS-50-028,10-advanced-engineering-and-project-lifecycle,50-project-inactivity-migration-and-forks,sustain,intermediate,A project user | A contributor | A maintainer | A prospective fork maintainer,"Handling two competing forks with overlapping communities, while automation and package publishing depend on unavailable credentials.",False
OSS-50-029,10-advanced-engineering-and-project-lifecycle,50-project-inactivity-migration-and-forks,sustain,intermediate,A project user | A contributor | A maintainer | A prospective fork maintainer,"Transferring package names, domains, or infrastructure responsibly, while the repository has not been formally archived.",False
OSS-50-030,10-advanced-engineering-and-project-lifecycle,50-project-inactivity-migration-and-forks,sustain,intermediate,A project user | A contributor | A maintainer | A prospective fork maintainer,"Reviving a dormant project after its ecosystem changes, while downstream users disagree about the preferred successor.",False
OSS-50-031,10-advanced-engineering-and-project-lifecycle,50-project-inactivity-migration-and-forks,sustain,intermediate,A project user | A contributor | A maintainer | A prospective fork maintainer,"Deciding whether an inactive repository is abandoned, while open security issues require continued maintenance.",False
OSS-50-032,10-advanced-engineering-and-project-lifecycle,50-project-inactivity-migration-and-forks,sustain,intermediate,A project user | A contributor | A maintainer | A prospective fork maintainer,"Requesting clarification after releases and reviews stop, while the original governance never defined project succession.",False
OSS-50-033,10-advanced-engineering-and-project-lifecycle,50-project-inactivity-migration-and-forks,sustain,intermediate,A project user | A contributor | A maintainer | A prospective fork maintainer,"Migrating active work to a successor repository, while existing trademarks and release keys remain controlled elsewhere.",False
OSS-50-034,10-advanced-engineering-and-project-lifecycle,50-project-inactivity-migration-and-forks,sustain,intermediate,A project user | A contributor | A maintainer | A prospective fork maintainer,"Forking a project whose maintainers no longer respond, while open security issues require continued maintenance.",False
OSS-50-035,10-advanced-engineering-and-project-lifecycle,50-project-inactivity-migration-and-forks,sustain,intermediate,A project user | A contributor | A maintainer | A prospective fork maintainer,"Preserving issue and pull request history during migration, while the original governance never defined project succession.",False
OSS-50-036,10-advanced-engineering-and-project-lifecycle,50-project-inactivity-migration-and-forks,sustain,intermediate,A project user | A contributor | A maintainer | A prospective fork maintainer,"Communicating archival status to downstream users, while existing trademarks and release keys remain controlled elsewhere.",False
OSS-50-037,10-advanced-engineering-and-project-lifecycle,50-project-inactivity-migration-and-forks,sustain,intermediate,A project user | A contributor | A maintainer | A prospective fork maintainer,"Choosing maintainers for a community continuation fork, while open security issues require continued maintenance.",False
OSS-50-038,10-advanced-engineering-and-project-lifecycle,50-project-inactivity-migration-and-forks,sustain,intermediate,A project user | A contributor | A maintainer | A prospective fork maintainer,"Handling two competing forks with overlapping communities, while the original governance never defined project succession.",False
OSS-50-039,10-advanced-engineering-and-project-lifecycle,50-project-inactivity-migration-and-forks,sustain,intermediate,A project user | A contributor | A maintainer | A prospective fork maintainer,"Transferring package names, domains, or infrastructure responsibly, while existing trademarks and release keys remain controlled elsewhere.",False
OSS-50-040,10-advanced-engineering-and-project-lifecycle,50-project-inactivity-migration-and-forks,sustain,intermediate,A project user | A contributor | A maintainer | A prospective fork maintainer,"Reviving a dormant project after its ecosystem changes, while open security issues require continued maintenance.",False
OSS-50-041,10-advanced-engineering-and-project-lifecycle,50-project-inactivity-migration-and-forks,sustain,advanced,A project user | A contributor | A maintainer | A prospective fork maintainer,"Deciding whether an inactive repository is abandoned, while automation and package publishing depend on unavailable credentials.",False
OSS-50-042,10-advanced-engineering-and-project-lifecycle,50-project-inactivity-migration-and-forks,sustain,advanced,A project user | A contributor | A maintainer | A prospective fork maintainer,"Requesting clarification after releases and reviews stop, while the repository has not been formally archived.",False
OSS-50-043,10-advanced-engineering-and-project-lifecycle,50-project-inactivity-migration-and-forks,sustain,advanced,A project user | A contributor | A maintainer | A prospective fork maintainer,"Migrating active work to a successor repository, while downstream users disagree about the preferred successor.",False
OSS-50-044,10-advanced-engineering-and-project-lifecycle,50-project-inactivity-migration-and-forks,sustain,advanced,A project user | A contributor | A maintainer | A prospective fork maintainer,"Forking a project whose maintainers no longer respond, while automation and package publishing depend on unavailable credentials.",False
OSS-50-045,10-advanced-engineering-and-project-lifecycle,50-project-inactivity-migration-and-forks,sustain,advanced,A project user | A contributor | A maintainer | A prospective fork maintainer,"Preserving issue and pull request history during migration, while the repository has not been formally archived.",False
OSS-50-046,10-advanced-engineering-and-project-lifecycle,50-project-inactivity-migration-and-forks,sustain,advanced,A project user | A contributor | A maintainer | A prospective fork maintainer,"Communicating archival status to downstream users, while downstream users disagree about the preferred successor.",False
OSS-50-047,10-advanced-engineering-and-project-lifecycle,50-project-inactivity-migration-and-forks,sustain,advanced,A project user | A contributor | A maintainer | A prospective fork maintainer,"Choosing maintainers for a community continuation fork, while automation and package publishing depend on unavailable credentials.",False
OSS-50-048,10-advanced-engineering-and-project-lifecycle,50-project-inactivity-migration-and-forks,sustain,advanced,A project user | A contributor | A maintainer | A prospective fork maintainer,"Handling two competing forks with overlapping communities, while the repository has not been formally archived.",False
OSS-50-049,10-advanced-engineering-and-project-lifecycle,50-project-inactivity-migration-and-forks,sustain,advanced,A project user | A contributor | A maintainer | A prospective fork maintainer,"Transferring package names, domains, or infrastructure responsibly, while downstream users disagree about the preferred successor.",False
OSS-50-050,10-advanced-engineering-and-project-lifecycle,50-project-inactivity-migration-and-forks,sustain,advanced,A project user | A contributor | A maintainer | A prospective fork maintainer,"Reviving a dormant project after its ecosystem changes, while automation and package publishing depend on unavailable credentials.",False
